response,make,address,all,num3d,our,over,remove,internet,order,mail,receive,will,people,report,addresses,free,business,email,you,credit,your,font,num000,money,hp,hpl,george,num650,lab,labs,telnet,num857,data,num415,num85,technology,num1999,parts,pm,direct,cs,meeting,original,project,re,edu,conference,charSemicolon,charRoundbracket,charExclamation,charDollar,charHash,capitalAve,capitalLong,capitalTotal
1,0.0,0.0,0.0,0.0,0.0,0.0,0.0,0.0,0.0,0.0,0.0,0.0,0.0,0.0,0.0,0.0,0.0,0.0,4.76,0.0,0.0,0.0,0.0,0.0,0.0,0.0,0.0,0.0,0.0,0.0,0.0,0.0,0.0,0.0,0.0,0.0,0.0,0.0,0.0,0.0,0.0,0.0,0.0,0.0,1.44,0.0,0.0,0.0,0.0,0.925,0.0,0.0,1.833,6.0,11.0
2,0.0,0.0,0.0,0.0,1.51,0.0,0.0,0.0,0.0,0.0,0.0,0.0,0.0,0.0,0.0,1.36,0.0,0.0,0.0,0.0,0.0,0.0,0.0,0.0,0.0,0.0,0.0,0.0,0.0,0.0,0.0,0.0,0.0,0.0,0.0,0.0,0.0,0.0,0.0,0.0,0.0,0.0,0.0,0.0,0.0,0.0,0.0,0.17069999999999982,0.335,0.671,0.0,0.0,4.0,12.0,28.0
2,0.0,0.0,1.15,0.0,0.38,0.38,0.0,0.0,0.0,0.0,0.0,0.38,0.0,0.0,0.0,1.36,0.0,0.0,4.76,0.0,2.31,0.0,0.0,0.38,0.0,0.0,0.0,0.0,0.0,0.0,0.0,0.0,0.0,0.0,0.0,0.0,0.0,0.0,0.0,0.0,0.0,0.0,0.0,0.0,0.0,0.0,0.0,0.0,0.196,0.261,0.0,0.0,5.666,56.0,272.0
2,0.1,0.3,0.4,0.0,0.2,0.64,0.2,0.5,0.67,0.8,0.2,0.8,0.0,0.0,0.16,0.0,0.2,1.19,2.2,0.2,1.0,0.0,0.1,0.2,0.0,0.0,0.0,0.0,0.0,0.0,0.0,0.0,0.0,0.0,0.0,0.0,0.0,0.0,0.0,0.0,0.0,0.0,0.2,0.0,0.0,0.0,0.0,0.0,0.175,0.307,0.175,0.014,6.937,156.39999999999964,1179.3999999999996
1,0.1,0.0,0.0,0.0,0.0,0.1,0.0,0.52,0.0,0.1,0.0,1.9,0.1,0.1,0.0,0.1,0.21,0.0,0.0,0.0,0.0,0.0,0.0,0.0,3.17,0.0,0.0,0.0,0.0,0.0,0.0,0.0,0.0,0.0,0.0,0.1,0.1,0.0,0.0,0.0,0.0,0.0,0.0,0.1,0.0,0.0,0.0,0.027,0.138,0.041,0.041,0.0,2.321,31.0,469.0
2,0.0,0.36,0.72,0.0,1.44,0.0,0.36,0.0,0.0,1.32,0.38,0.36,0.36,0.0,0.0,0.0,0.0,0.0,2.89,0.0,2.17,0.0,0.0,0.0,0.0,0.0,0.0,0.0,0.0,0.0,0.0,0.0,0.0,0.0,0.0,0.0,0.0,0.0,0.0,0.0,0.0,0.0,0.0,0.0,0.0,0.0,0.0,0.0,0.0,0.0,0.0,0.14209999999999945,6.685,60.0,234.0
1,0.0,0.0,0.0,0.0,0.0,0.0,0.0,0.0,0.0,0.0,0.0,0.0,0.0,0.0,0.0,0.0,0.0,0.0,0.0,0.0,0.0,0.0,0.0,0.0,1.97,1.72,0.49,0.24,0.24,0.24,0.24,0.0,0.24,0.07,0.24,0.24,0.24,0.0,0.0,0.24,0.0,0.0,0.24,0.0,0.24,0.49,0.0,0.0,0.15,0.037,0.0,0.0,2.367,12.0,206.0
1,0.0,0.0,0.0,0.0,0.0,0.64,0.0,0.0,0.0,0.0,0.0,0.0,0.65,0.0,0.0,0.0,0.0,0.0,1.31,0.0,0.0,0.0,0.0,0.0,0.0,0.0,0.0,0.0,0.0,0.0,0.0,0.0,0.0,0.0,0.0,0.0,0.0,0.0,0.0,0.0,0.0,0.0,0.0,0.0,0.0,0.65,0.0,0.0,0.0,0.0,0.0,0.0,2.555,47.0,92.0
1,0.0,0.0,0.0,0.0,0.0,0.0,0.0,0.0,0.0,0.0,0.0,0.0,0.0,0.0,0.0,0.0,0.0,0.0,0.0,0.0,0.0,0.0,0.0,0.0,0.0,0.0,0.0,0.0,0.0,0.0,0.0,0.0,0.0,0.0,0.0,0.0,0.95,0.0,0.0,0.0,0.0,0.0,0.0,0.0,0.0,1.166999999999998,0.0,0.0,0.395,0.0,0.0,0.0,3.0,18.0,39.0
2,0.0,0.0,0.73,0.0,0.36,0.0,0.0,0.0,0.0,0.0,0.0,0.73,0.0,0.0,0.0,0.36,0.73,0.0,1.09,0.0,1.46,0.0,0.36,0.0,0.0,0.0,0.0,0.0,0.0,0.0,0.0,0.0,0.0,0.0,0.0,0.0,0.0,0.0,0.0,0.36,0.0,0.0,0.0,0.0,0.0,0.0,0.0,0.0,0.0,0.604,0.181,0.0,3.787,58.0,356.0
1,0.0,0.0,0.0,0.0,0.0,0.0,0.0,0.0,0.0,0.0,0.0,1.02,0.0,0.0,0.0,0.0,0.0,1.02,2.04,0.0,0.0,0.0,0.0,0.0,2.04,1.02,0.0,0.0,0.0,0.0,0.0,0.0,0.0,0.0,0.0,0.0,0.0,0.0,0.53,0.0,0.0,0.0,0.0,0.0,0.0,0.0,0.0,0.0,0.188,0.0,0.0,0.0,3.9,13.0,78.0
2,0.0,0.6169999999999982,0.95,0.0,0.0,0.0,0.0,0.0,0.0,0.0,0.0,0.0,0.0,0.0,0.0,0.0,0.0,0.0,0.47,0.35,1.91,0.0,0.0,0.47,0.0,0.0,0.0,0.0,0.0,0.0,0.0,0.0,0.0,0.0,0.0,0.0,0.0,0.0,0.0,0.0,0.0,0.0,0.0,0.0,0.0,0.0,0.0,0.067,0.202,0.269,0.0,0.0,4.18,45.0,464.0
2,0.0,0.0,0.0,0.0,0.45,0.45,0.45,0.0,0.0,0.0,0.0,0.45,0.0,0.0,0.0,0.0,0.0,0.0,0.9,0.0,0.45,0.0,0.0,0.0,0.0,0.0,0.0,0.0,0.0,0.0,0.0,0.0,0.0,0.0,0.0,0.0,0.0,0.0,0.0,0.0,0.0,0.0,0.0,0.0,0.0,0.0,0.0,0.0,0.0,0.203,0.0,0.14209999999999945,8.517,72.0,477.0
1,0.0,0.0,1.29,0.0,0.0,0.0,0.0,0.0,0.0,0.0,0.0,0.0,0.0,0.0,0.0,0.0,0.0,0.0,4.76,0.0,0.0,0.0,0.0,0.0,0.0,0.0,0.0,0.0,0.0,0.0,0.0,0.0,0.0,0.0,0.0,0.0,0.0,0.0,0.0,0.0,0.0,0.0,0.0,0.0,0.0,0.0,0.0,0.0,0.0,0.0,0.0,0.0,1.214,4.0,17.0
1,0.0,0.0,0.0,0.0,0.0,0.0,0.0,0.0,0.0,0.0,0.0,2.22,0.0,0.0,0.0,0.0,0.0,0.0,0.0,0.0,0.0,0.0,0.0,0.0,0.0,0.0,0.0,0.0,0.51,0.0,0.0,0.0,0.0,0.0,0.0,0.0,0.0,0.0,0.0,0.0,0.0,0.61,0.0,0.0,0.0,0.0,0.0,0.0,0.0,0.0,0.0,0.0,1.666,4.0,15.0
1,0.0,0.0,0.0,0.0,0.0,0.0,0.0,0.0,0.0,0.0,0.0,0.0,0.0,0.0,0.0,0.0,0.0,0.0,0.93,0.0,0.46,0.0,0.0,0.0,3.183999999999996,1.7939999999999965,1.4,0.46,0.46,0.46,0.32,0.0,0.0,0.07,0.46,0.46,0.46,0.0,0.0,0.39,0.0,0.0,0.31,0.0,0.46,0.0,0.0,0.151,0.227,0.075,0.075,0.0,2.482,12.0,139.0
1,0.0,0.0,0.0,0.0,0.0,0.0,0.0,0.0,0.64,0.0,0.0,0.0,0.0,0.0,0.0,0.0,0.0,0.0,1.29,0.0,0.0,0.0,0.0,0.0,0.0,0.0,0.0,0.0,0.0,0.0,0.0,0.0,0.0,0.0,0.0,0.0,0.0,0.0,0.0,0.0,0.0,0.0,0.0,0.0,0.64,0.0,0.0,0.0,0.116,0.232,0.0,0.0,1.551,6.0,45.0
1,0.0,0.0,0.0,0.0,0.38,0.0,0.0,0.0,0.0,0.0,0.0,2.22,0.0,0.0,0.0,0.0,0.0,0.0,0.76,0.0,0.0,0.0,0.0,0.0,1.14,0.76,0.0,0.0,0.38,0.7139999999999963,0.0,0.0,0.0,0.0,0.0,0.0,0.0,0.0,0.0,0.0,0.0,0.0,0.0,0.0,0.0,0.0,0.0,0.0,0.0,0.0,0.0,0.0,1.352,3.0,46.0
1,0.0,0.0,0.0,0.0,0.0,0.0,0.0,0.0,0.58,0.0,0.0,1.16,0.0,0.0,0.0,0.0,0.0,0.58,1.75,0.0,1.16,0.0,0.0,0.0,0.0,0.0,0.0,0.0,0.0,0.0,0.0,0.0,0.0,0.0,0.0,0.0,0.0,0.0,0.53,0.0,0.0,0.0,0.0,0.0,0.0,0.58,0.0,0.0,0.282,0.376,0.0,0.0,1.702,16.0,80.0
1,0.0,0.0,0.0,0.0,0.0,0.0,0.0,0.0,0.0,0.0,0.0,0.0,0.0,0.0,0.0,0.0,0.0,0.0,0.0,0.0,0.0,0.0,0.0,0.0,3.183999999999996,1.7939999999999965,1.916999999999998,0.85,0.51,0.7139999999999963,0.32,0.0,0.0,0.07,0.66,0.63,0.0,0.0,0.0,0.39,0.0,0.0,0.0,0.0,0.0,0.0,0.0,0.0,0.537,0.0,0.0,0.0,2.909,11.0,32.0
1,0.0,0.0,0.0,0.0,0.0,0.0,0.0,0.0,0.0,0.0,0.0,0.0,0.0,0.0,0.0,0.0,0.0,0.0,0.0,0.0,0.0,0.0,0.0,0.0,0.0,0.0,0.0,0.0,0.0,0.0,0.0,0.0,0.0,0.0,0.0,0.0,0.0,0.0,0.0,0.39,0.0,0.0,0.0,0.0,0.0,0.0,0.0,0.0,0.0,0.0,0.0,0.14209999999999945,4.7,23.0,47.0
1,0.0,0.0,0.37,0.0,0.28,0.28,0.0,0.0,0.09,0.0,0.0,0.18,0.28,0.0,0.0,0.0,0.0,0.46,2.71,0.0,0.93,0.0,0.0,0.0,0.0,0.0,0.0,0.0,0.0,0.0,0.0,0.0,0.0,0.0,0.0,0.0,0.0,0.0,0.0,0.0,0.0,0.0,0.0,0.0,0.56,0.09,0.0,0.0,0.017,0.0,0.0,0.0,1.024,3.0,128.0
1,0.0,0.0,0.0,0.0,0.82,0.0,0.0,0.0,0.0,0.0,0.0,1.65,0.0,0.0,0.0,0.0,0.82,0.0,0.0,0.0,0.0,0.0,0.0,0.0,0.0,0.0,0.0,0.0,0.0,0.0,0.0,0.0,0.0,0.0,0.0,0.0,0.82,0.0,0.0,0.0,0.0,0.0,0.0,0.2869999999999982,0.0,0.0,0.0,0.0,0.0,0.0,0.0,0.0,2.06,8.0,68.0
1,0.0,0.0,0.0,0.0,0.0,0.0,0.0,0.0,0.0,0.0,0.0,0.0,0.0,0.0,0.0,0.0,0.0,0.0,2.04,0.0,0.0,0.0,0.0,0.0,0.0,0.0,0.0,0.0,0.0,0.0,0.0,0.0,0.4669999999999982,0.0,0.66,0.0,0.0,0.0,0.0,0.0,0.0,0.0,0.0,0.0,0.0,0.0,0.0,0.0,0.0,0.286,0.0,0.0,2.434,17.0,56.0
1,0.0,0.0,0.71,0.0,0.0,0.0,0.0,0.0,0.0,0.0,0.0,1.43,0.0,0.0,0.0,0.0,0.0,1.19,0.71,0.0,2.87,0.0,0.0,0.0,2.15,0.71,1.43,0.0,0.0,0.7139999999999963,0.0,0.0,0.0,0.0,0.66,0.0,0.0,0.0,0.0,0.0,0.0,0.0,0.0,0.0,0.0,0.0,0.0,0.08,0.322,0.0,0.0,0.0,3.9,27.0,156.0
1,0.0,0.0,0.0,0.0,0.0,0.0,0.0,0.0,0.0,0.0,0.0,0.0,0.0,0.0,0.0,0.0,0.0,0.0,4.76,0.0,0.0,0.0,0.0,0.0,0.0,0.0,0.0,0.0,0.0,0.0,0.0,0.0,0.0,0.0,0.0,0.0,0.0,0.0,0.0,0.0,0.0,0.0,0.0,0.0,0.0,0.0,0.0,0.0,0.0,0.0,0.0,0.0,1.6,3.0,9.0
1,0.0,0.0,0.66,0.0,0.0,0.0,0.0,0.0,0.0,0.0,0.0,0.0,0.0,0.0,0.0,0.0,0.0,0.0,0.66,0.0,0.0,0.0,0.0,0.0,2.0,1.7939999999999965,0.0,0.66,0.0,0.0,0.0,0.0,0.0,0.0,0.66,0.0,0.95,0.0,0.53,0.0,0.0,0.0,0.31,0.0,0.0,0.0,0.0,0.0,0.104,0.104,0.0,0.0,2.152,17.0,127.0
1,0.0,0.0,0.0,0.0,0.0,0.0,0.0,0.0,0.0,0.0,0.0,0.0,0.62,0.0,0.0,0.62,0.0,0.0,1.88,0.0,0.62,0.0,0.0,0.0,1.25,0.62,0.0,0.0,0.0,0.0,0.0,0.0,0.0,0.0,0.0,0.0,0.95,0.0,0.53,0.0,0.0,0.0,0.31,0.0,0.0,0.0,0.0,0.17069999999999982,0.179,0.0,0.0,0.0,1.712,13.0,149.0
1,0.0,0.0,1.29,0.0,0.0,0.0,0.0,0.0,0.67,0.0,0.0,0.0,0.0,0.0,0.0,0.0,0.0,0.0,4.76,0.0,0.0,0.0,0.0,0.0,0.0,0.0,0.0,0.0,0.0,0.7139999999999963,0.0,0.0,0.0,0.0,0.0,0.0,0.0,0.0,0.0,0.0,0.0,0.0,0.0,0.0,0.0,0.0,0.0,0.0,0.0,0.0,0.0,0.0,1.769,8.0,23.0
1,0.12,0.0,0.12,0.0,0.12,0.12,0.0,0.0,0.67,0.0,0.0,0.36,0.0,0.0,0.0,0.0,0.0,0.0,0.48,0.0,0.24,0.0,0.0,0.0,0.6,0.72,0.12,0.0,0.0,0.0,0.0,0.0,0.36,0.0,0.0,0.0,0.12,0.0,0.0,0.0,0.0,0.0,0.0,0.0,0.0,0.0,0.0,0.117,0.151,0.0,0.033,0.0,4.134,78.0,645.0
1,0.0,0.0,0.0,0.0,0.0,0.0,0.0,0.0,0.0,0.0,0.0,0.0,0.0,0.0,0.0,0.0,0.0,0.0,0.0,0.0,0.0,0.0,0.0,0.0,0.0,0.0,1.916999999999998,0.0,0.0,0.0,0.0,0.0,0.0,0.0,0.0,0.0,0.0,0.0,0.0,0.0,0.0,0.0,0.0,0.0,0.0,0.0,0.0,0.0,0.0,0.0,0.0,0.0,1.0,1.0,9.0
2,0.0,0.6169999999999982,0.0,0.0,0.0,0.0,0.7839999999999964,0.0,0.0,1.32,0.0,0.0,0.0,0.0,0.0,0.0,0.0,0.0,1.63,0.0,3.14,0.0,0.0,0.0,0.0,0.0,0.0,0.0,0.0,0.0,0.0,0.0,0.0,0.0,0.0,0.0,0.0,0.0,0.0,0.0,0.0,0.0,0.0,0.0,0.0,0.0,0.0,0.0,0.0,0.0,0.0,0.0,1.2,2.0,12.0
1,0.0,0.0,0.0,0.0,0.9,0.0,0.0,0.0,0.0,0.0,0.0,0.0,0.0,0.0,0.0,0.0,0.0,0.0,2.7,0.0,0.9,0.0,0.0,0.0,0.0,0.0,0.0,0.0,0.0,0.0,0.0,0.0,0.0,0.0,0.0,0.0,0.95,0.0,0.0,0.0,0.0,0.0,0.31,0.0,0.9,0.0,0.0,0.0,0.0,0.281,0.0,0.0,1.551,13.0,76.0
1,0.04,0.14,0.29,0.0,0.04,0.04,0.0,0.09,0.0,0.19,0.09,1.03,0.0,0.0,0.0,0.0,0.0,0.24,0.09,0.0,0.04,0.0,0.0,0.0,0.04,0.0,0.0,0.0,0.0,0.14,0.0,0.0,0.0,0.0,0.0,0.09,0.24,0.0,0.0,0.0,0.0,0.0,0.04,0.0,0.0,0.0,0.0,0.02,0.157,0.0,0.0,0.006,2.655,156.39999999999964,1179.3999999999996
1,0.0,0.0,0.0,0.0,0.0,0.0,0.0,0.0,0.0,1.32,0.0,0.0,0.65,0.0,0.0,0.0,0.0,0.0,1.41,0.0,0.0,0.0,0.0,0.0,0.0,0.0,0.0,0.0,0.0,0.0,0.0,0.0,0.0,0.0,0.0,0.0,0.0,0.0,0.0,0.0,0.0,0.0,0.0,0.0,0.7,0.0,0.0,0.0,0.246,0.0,0.0,0.0,1.56,6.0,39.0
1,0.0,0.0,0.0,0.0,0.0,0.0,0.0,0.0,0.0,0.0,0.0,0.0,0.0,0.0,0.0,0.41,0.0,0.41,1.23,0.0,0.41,0.0,0.0,0.0,0.0,0.0,0.0,0.0,0.0,0.0,0.0,0.0,0.0,0.0,0.0,0.0,0.0,0.0,0.0,0.0,0.0,0.0,0.0,0.0,0.82,0.0,0.0,0.0,0.229,0.114,0.0,0.057,5.196,70.0,265.0
1,0.0,0.0,0.0,0.0,0.0,0.0,0.0,0.0,0.0,0.0,0.0,0.0,0.0,0.0,0.0,0.0,0.0,0.0,0.0,0.0,0.0,0.0,0.0,0.0,0.0,0.0,1.916999999999998,0.0,0.0,0.0,0.0,0.0,0.0,0.0,0.0,0.0,0.0,0.0,0.0,0.0,0.0,0.0,0.0,0.0,0.0,0.0,0.0,0.0,0.0,0.0,0.0,0.0,1.25,2.0,9.0
1,0.0,0.0,0.0,0.0,0.0,0.0,0.0,0.0,0.0,0.0,0.38,0.0,0.0,0.0,0.0,0.71,0.0,0.0,4.76,0.0,0.0,0.0,0.0,0.0,0.0,0.0,1.42,0.0,0.0,0.0,0.0,0.0,0.0,0.0,0.0,0.0,0.71,0.0,0.0,0.0,0.0,0.61,0.0,0.0,0.71,0.0,0.0,0.0,0.121,0.0,0.0,0.0,1.387,5.0,43.0
2,0.0,0.18,1.1,0.0,0.73,0.64,0.73,0.09,0.67,0.27,0.27,0.64,0.27,0.0,0.16,0.09,0.0,1.19,1.38,0.18,0.64,0.0,0.55,0.18,0.0,0.0,0.0,0.0,0.0,0.0,0.0,0.0,0.0,0.0,0.0,0.0,0.0,0.0,0.0,0.0,0.0,0.0,0.18,0.0,0.09,0.09,0.0,0.0,0.094,0.43,0.134,0.013,8.445,156.39999999999964,1179.3999999999996
2,0.6569999999999983,0.0,0.0,0.0,0.0,0.0,0.0,0.0,0.0,0.0,0.0,1.17,0.0,0.0,0.0,0.0,0.91,0.0,3.52,0.0,0.0,0.0,0.0,0.0,0.0,0.0,0.0,0.0,0.0,0.0,0.0,0.0,0.0,0.0,0.0,0.0,0.0,0.0,0.0,0.0,0.0,0.0,0.0,0.0,1.17,0.0,0.0,0.0,0.0,0.886,0.0,0.0,1.966,10.0,59.0
1,0.6569999999999983,0.0,0.0,0.0,0.0,0.0,0.0,0.0,0.0,0.0,0.0,1.49,0.0,0.0,0.0,0.0,0.0,0.0,4.47,0.0,1.49,0.0,0.0,0.0,0.0,1.49,0.0,0.0,0.0,0.0,0.0,0.0,0.0,0.0,0.0,0.0,0.0,0.0,0.0,0.0,0.0,0.0,0.0,0.2869999999999982,0.0,0.0,0.0,0.0,0.0,0.0,0.0,0.0,1.933,8.0,29.0
2,0.0,0.0,0.0,0.0,0.0,0.0,0.0,0.0,0.0,0.0,0.0,0.0,0.65,0.0,0.0,0.0,0.91,1.19,2.66,0.0,2.66,0.0,0.0,0.0,0.0,0.0,0.0,0.0,0.0,0.0,0.0,0.0,0.0,0.0,0.0,0.0,0.0,0.0,0.0,0.0,0.0,0.0,0.0,0.0,0.0,0.0,0.0,0.0,0.0,1.1457999999999993,0.38239999999999963,0.0,1.823,11.0,62.0
1,0.0,0.0,0.32,0.0,0.32,0.0,0.0,0.0,0.0,0.0,0.0,0.64,0.0,0.0,0.0,0.0,0.0,0.0,0.32,0.0,0.0,0.0,0.0,0.0,0.64,0.64,0.0,0.0,0.0,0.0,0.0,0.0,0.0,0.0,0.0,0.32,0.64,0.0,0.0,0.0,0.0,0.0,0.0,0.0,0.0,0.0,0.0,0.0,0.04,0.0,0.0,0.0,1.677,10.0,156.0
2,0.0,0.0,0.74,0.0,0.0,0.0,0.74,0.0,0.0,0.0,0.0,0.0,0.0,0.0,0.0,1.36,0.0,0.0,1.48,0.0,1.48,0.0,0.0,0.0,0.0,0.0,0.0,0.0,0.0,0.0,0.0,0.0,0.0,0.0,0.0,0.0,0.0,0.0,0.53,0.0,0.0,0.0,0.0,0.0,0.0,0.0,0.0,0.0,0.0,0.088,0.0,0.0,3.048,29.0,125.0
1,0.0,0.0,0.0,0.0,0.0,0.0,0.0,0.0,0.0,0.0,0.0,0.0,0.65,0.0,0.0,0.0,0.0,0.0,4.1,0.0,0.0,0.0,0.0,0.0,0.0,0.0,0.0,0.0,0.0,0.0,0.0,0.0,0.0,0.0,0.0,0.0,0.68,0.0,0.0,0.0,0.0,0.0,0.0,0.0,0.68,1.166999999999998,0.0,0.0,0.0,0.109,0.218,0.0,1.897,15.0,74.0
2,0.0,0.0,0.14,0.0,0.14,0.0,0.14,0.0,0.57,0.14,0.14,0.0,0.0,0.0,0.0,0.86,0.0,0.57,0.57,0.0,0.0,0.0,0.0,0.0,0.0,0.0,0.0,0.0,0.0,0.0,0.0,0.0,0.0,0.0,0.0,0.0,0.0,0.0,0.0,0.0,0.0,0.0,0.0,0.0,0.0,0.0,0.0,0.0,0.06,0.826,0.38239999999999963,0.0,5.456,72.0,1179.3999999999996
1,0.0,0.0,0.0,0.0,0.0,0.0,0.0,0.0,0.0,0.0,0.0,1.53,0.0,0.0,0.0,0.0,0.0,0.0,4.61,0.0,0.0,0.0,0.0,0.0,0.0,0.0,0.0,0.0,0.51,0.0,0.0,0.0,0.0,0.0,0.0,0.0,0.0,0.0,0.0,0.0,0.0,0.0,0.0,0.0,0.0,0.0,0.0,0.0,0.0,0.0,0.0,0.0,2.222,5.0,20.0
1,0.0,0.0,0.0,0.0,0.0,0.0,0.0,0.0,0.0,0.0,0.0,0.0,0.0,0.0,0.0,0.0,0.0,0.0,0.0,0.0,0.0,0.0,0.0,0.0,0.0,0.0,0.0,0.0,0.0,0.0,0.0,0.0,0.0,0.0,0.0,0.0,0.0,0.0,0.0,0.0,0.0,0.0,0.0,0.0,0.0,0.0,0.0,0.0,0.537,0.943,0.0,0.0,2.166,5.0,13.0
1,0.0,0.0,0.09,0.0,0.0,0.0,0.0,0.09,0.0,0.0,0.09,1.49,0.27,0.09,0.0,0.0,0.37,0.0,0.0,0.09,0.0,0.0,0.0,0.0,2.51,0.0,0.0,0.0,0.09,0.27,0.0,0.0,0.0,0.0,0.0,0.37,0.18,0.0,0.0,0.0,0.0,0.0,0.0,0.09,0.0,0.0,0.0,0.0,0.106,0.0,0.0,0.0,2.277,27.0,558.0
1,0.0,0.0,0.0,0.0,0.0,0.0,0.0,0.0,0.0,0.0,0.0,0.0,0.0,0.0,0.0,0.0,0.0,0.0,0.0,0.0,0.0,0.0,0.0,0.0,0.0,0.0,1.916999999999998,0.0,0.0,0.0,0.0,0.0,0.0,0.0,0.0,0.0,0.0,0.0,0.53,0.0,0.0,0.0,0.0,0.0,0.0,0.0,0.0,0.17069999999999982,0.537,0.0,0.0,0.0,3.083,24.0,37.0
2,0.0,0.0,0.37,0.0,0.0,0.0,0.37,0.0,0.0,0.0,0.0,0.37,0.0,0.0,0.0,0.74,0.37,0.37,0.74,0.35,0.37,0.0,0.0,0.0,0.0,0.0,0.0,0.0,0.0,0.0,0.0,0.0,0.0,0.0,0.0,0.0,0.0,0.0,0.0,0.37,0.0,0.0,0.0,0.0,0.0,0.0,0.0,0.0,0.302,0.241,0.06,0.0,2.166,18.0,143.0
1,0.0,0.0,0.36,0.0,0.36,0.64,0.0,0.0,0.0,0.0,0.0,1.09,0.0,0.0,0.0,0.0,0.36,0.0,0.36,0.0,0.72,0.0,0.0,0.0,1.09,1.09,0.0,0.0,0.0,0.36,0.0,0.0,0.0,0.0,0.0,0.0,0.0,0.0,0.0,0.0,0.0,0.0,0.0,0.0,0.0,0.0,0.0,0.114,0.114,0.0,0.0,0.0,2.075,7.0,110.0
1,0.0,0.0,0.0,0.0,0.0,0.0,0.0,0.0,0.0,0.0,0.0,1.29,0.0,0.0,0.0,0.0,0.0,0.0,1.94,0.0,2.59,0.0,0.0,0.0,0.0,0.0,0.0,0.0,0.0,0.0,0.0,0.0,0.0,0.0,0.0,0.0,0.0,0.0,0.0,0.0,0.0,0.0,0.0,0.0,0.0,0.64,0.0,0.0,0.105,0.0,0.0,0.0,1.0,1.0,30.0
1,0.0,0.0,0.0,0.0,0.0,0.0,0.0,0.0,0.0,0.0,0.0,0.0,0.0,0.0,0.0,0.0,0.0,0.0,0.0,0.0,0.0,0.0,0.0,0.0,0.0,0.0,0.0,0.0,0.0,0.0,0.0,0.0,0.0,0.0,0.0,0.0,0.0,0.0,0.0,0.0,0.0,0.0,0.0,0.0,0.0,0.0,0.0,0.0,0.537,0.0,0.0,0.0,1.0,1.0,9.0
1,0.0,0.0,0.0,0.0,0.0,0.0,0.0,0.0,0.0,0.0,0.0,0.0,0.0,0.0,0.0,0.0,0.0,0.0,3.57,0.0,0.0,0.0,0.0,0.0,0.0,0.0,0.0,0.0,0.0,0.0,0.0,0.0,0.0,0.0,0.0,0.0,0.0,0.0,0.0,0.0,0.0,0.0,0.0,0.0,1.44,0.0,0.0,0.17069999999999982,0.0,0.0,0.0,0.0,1.0,1.0,9.0
1,0.15,0.1,0.0,0.0,0.3,0.15,0.0,0.3,0.0,0.0,0.0,0.6,0.0,0.0,0.0,0.0,0.0,0.0,2.06,0.0,0.85,0.0,0.05,0.0,0.2,0.0,0.0,0.0,0.0,0.0,0.0,0.0,0.25,0.0,0.15,0.0,0.35,0.0,0.0,0.0,0.0,0.0,0.0,0.05,0.0,0.0,0.0,0.073,0.234,0.073,0.0,0.0,2.206,49.0,1026.0
2,0.0,0.0,0.0,0.0,0.0,0.0,0.0,0.0,0.67,0.0,0.0,0.0,0.0,0.0,0.0,0.0,0.0,0.0,1.28,0.0,2.56,0.0,0.0,0.0,0.0,0.0,1.28,0.0,0.0,0.0,0.0,0.0,0.0,0.0,0.0,0.0,0.0,0.0,0.0,0.0,0.0,0.0,0.0,0.0,0.0,0.0,0.0,0.0,0.0,0.61,0.0,0.0,3.809,28.0,80.0
2,0.0,0.54,0.0,0.0,0.0,0.0,0.7839999999999964,0.0,0.0,0.54,0.38,0.54,0.0,0.0,0.0,1.36,0.0,0.54,3.26,0.0,1.08,0.0,0.0,0.0,0.0,0.0,0.0,0.0,0.0,0.0,0.0,0.0,0.0,0.0,0.0,0.0,0.0,0.0,0.0,0.0,0.0,0.0,0.0,0.0,0.54,0.0,0.0,0.0,0.0,0.347,0.0,0.0,1.325,5.0,53.0
1,0.0,0.0,0.0,0.0,0.0,0.0,0.0,0.0,0.0,0.0,0.0,0.0,0.0,0.0,0.0,0.0,0.0,0.0,3.22,0.0,2.15,0.0,0.0,0.0,0.0,0.0,0.0,0.0,0.0,0.0,0.0,0.0,0.0,0.0,0.0,0.0,0.0,0.0,0.0,0.0,0.0,0.0,0.0,0.0,0.0,1.07,0.0,0.0,0.197,0.0,0.0,0.0,2.315,7.0,44.0
1,0.0,0.0,0.0,0.0,0.0,0.0,0.0,0.0,0.0,0.0,0.0,0.0,0.0,0.0,0.0,0.0,0.0,0.0,0.0,0.0,0.0,0.0,0.0,0.0,0.0,0.0,1.916999999999998,0.0,0.0,0.0,0.0,0.0,0.0,0.0,0.0,0.0,0.0,0.0,0.0,0.0,0.0,0.0,0.0,0.0,0.0,0.0,0.0,0.0,0.0,0.0,0.0,0.0,1.0,1.0,9.0
1,0.0,0.0,0.0,0.0,0.0,0.64,0.0,0.6,0.0,0.65,0.0,1.97,0.0,0.0,0.0,0.0,0.0,0.0,0.0,0.0,0.0,0.0,0.0,0.0,0.0,0.0,0.65,0.0,0.0,0.0,0.0,0.0,0.0,0.0,0.0,0.0,0.0,0.0,0.0,0.0,0.0,0.0,0.0,0.0,0.65,0.0,0.0,0.108,0.108,0.0,0.108,0.0,1.924,9.0,102.0
2,0.0,0.0,0.0,0.0,0.0,0.0,0.0,0.0,0.0,0.0,0.0,0.0,0.0,0.0,0.0,0.0,0.0,0.0,0.0,0.0,0.0,0.0,0.0,0.0,0.0,0.0,0.0,0.0,0.0,0.0,0.0,0.0,0.0,0.0,0.0,0.0,0.0,0.0,0.0,0.0,0.0,0.0,0.0,0.0,0.0,0.0,0.0,0.0,0.0,0.0,0.0,0.0,1.266,4.0,19.0
1,0.0,0.0,0.0,0.0,0.81,0.0,0.0,0.0,0.0,1.22,0.0,0.4,0.0,0.0,0.0,0.0,0.0,0.0,0.4,0.0,0.4,0.0,0.0,0.0,3.183999999999996,1.7939999999999965,0.0,0.0,0.0,0.7139999999999963,0.0,0.0,0.0,0.0,0.0,0.0,0.0,0.0,0.0,0.0,0.0,0.0,0.0,0.0,0.0,0.0,0.0,0.0,0.0,0.0,0.0,0.0,1.754,8.0,93.0
1,0.0,0.0,0.0,0.0,0.0,0.0,0.0,0.0,0.0,0.0,0.0,0.0,0.0,0.0,0.0,0.0,0.0,0.0,0.0,0.0,0.0,0.0,0.0,0.0,0.0,0.0,0.0,0.0,0.0,0.0,0.0,0.0,0.0,0.0,0.0,0.0,0.0,0.0,0.0,0.0,0.0,0.0,0.0,0.0,0.0,0.0,0.0,0.0,0.0,0.0,0.0,0.0,1.0,1.0,9.0
2,0.0,0.0,0.44,0.0,1.34,0.0,0.44,0.0,0.0,0.0,0.0,0.0,0.0,0.0,0.0,0.44,0.89,0.0,2.24,0.0,1.34,0.0,0.44,0.44,0.0,0.0,0.0,0.0,0.0,0.0,0.0,0.0,0.0,0.0,0.0,0.0,0.0,0.0,0.0,0.0,0.0,0.0,0.0,0.0,1.34,0.0,0.0,0.0,0.068,0.482,0.38239999999999963,0.0,6.77,78.0,325.0
1,0.16,0.0,0.0,0.0,0.66,0.0,0.0,0.0,0.0,0.0,0.0,0.66,0.0,0.0,0.0,0.0,0.0,0.0,0.16,0.0,0.0,0.0,0.0,0.0,0.0,0.0,0.0,0.0,0.0,0.0,0.0,0.0,0.0,0.0,0.0,0.0,0.16,0.0,0.0,0.0,0.0,0.0,0.16,0.2869999999999982,0.0,0.0,0.0,0.118,0.047,0.0,0.0,0.0,1.983,19.0,240.0
2,0.18,0.0,0.18,0.0,1.51,0.36,0.06,0.06,0.06,0.12,0.06,0.54,0.3,0.06,0.0,0.0,0.72,0.06,4.49,0.24,1.09,0.0,0.73,0.06,0.0,0.0,0.0,0.0,0.0,0.0,0.0,0.0,0.0,0.0,0.0,0.0,0.0,0.0,0.0,0.0,0.0,0.0,0.06,0.0,0.06,0.0,0.0,0.01,0.052,0.01,0.167,0.0,1.74,12.0,442.0
1,0.0,0.0,0.0,0.0,0.0,0.0,0.49,0.6,0.0,1.32,0.0,0.49,0.0,0.0,0.0,0.0,0.0,0.0,0.0,0.0,0.0,0.0,0.0,0.0,3.183999999999996,1.7939999999999965,0.49,0.0,0.0,0.0,0.0,0.0,0.0,0.0,0.0,0.0,0.95,0.0,0.0,0.0,0.0,0.0,0.0,0.0,0.0,0.0,0.0,0.17069999999999982,0.537,0.0,0.0,0.0,5.61,42.0,331.0
1,0.0,0.6169999999999982,1.29,0.0,0.0,0.0,0.0,0.0,0.0,1.32,0.0,1.44,0.0,0.0,0.0,0.0,0.0,0.0,0.48,0.0,0.0,0.0,0.0,0.0,0.0,0.0,0.0,0.0,0.0,0.0,0.0,0.0,0.0,0.0,0.0,0.0,0.0,0.0,0.0,0.0,0.0,0.0,0.0,0.0,0.0,0.0,0.0,0.0,0.537,0.347,0.0,0.0,6.137,107.0,178.0
2,0.43,0.0,0.0,0.0,0.87,0.64,0.0,0.0,0.0,0.43,0.0,2.18,0.0,0.0,0.0,0.0,0.91,0.0,0.87,0.0,0.87,0.0,0.0,0.43,0.0,0.0,0.0,0.0,0.0,0.0,0.0,0.0,0.0,0.0,0.0,0.43,0.0,0.0,0.0,0.0,0.0,0.0,0.0,0.0,0.0,0.0,0.0,0.0,0.0,0.942,0.0,0.0,5.114,107.0,179.0
1,0.0,0.0,0.0,0.0,0.0,0.0,0.0,0.0,0.0,0.0,0.0,1.4,0.0,0.0,0.0,1.36,0.0,0.0,0.0,0.0,0.0,0.0,0.0,0.0,0.0,0.0,0.0,0.0,0.0,0.0,0.0,0.0,0.0,0.0,0.0,0.0,0.95,0.0,0.53,0.0,0.0,0.0,0.0,0.0,0.0,0.0,0.0,0.0,0.0,0.0,0.0,0.0,1.393,9.0,46.0
1,0.26,0.0,0.0,0.0,0.0,0.0,0.0,0.0,0.0,0.53,0.0,2.22,0.0,0.0,0.0,0.0,0.0,0.0,0.26,0.0,0.0,0.0,0.0,0.0,3.183999999999996,1.7939999999999965,0.0,0.0,0.0,0.26,0.0,0.0,0.0,0.0,0.26,0.0,0.0,0.0,0.0,0.0,0.0,0.0,0.0,0.0,0.0,0.0,0.0,0.0,0.537,0.045,0.0,0.0,1.837,11.0,158.0
2,0.0,0.6169999999999982,0.0,0.0,0.0,0.0,0.7839999999999964,0.0,0.0,0.0,0.0,0.0,0.0,0.0,0.0,1.36,0.0,1.05,0.0,0.0,1.05,0.0,0.0,0.0,0.0,0.0,0.0,0.0,0.0,0.0,0.0,0.0,0.0,0.0,0.0,0.0,0.0,0.0,0.0,0.0,0.0,0.0,0.0,0.0,0.0,0.0,0.0,0.0,0.0,0.74,0.0,0.0,4.947,24.0,94.0
1,0.0,0.0,0.0,0.0,0.68,0.0,0.0,0.0,0.0,0.0,0.0,0.0,0.0,0.0,0.0,0.0,0.0,0.0,0.0,0.0,0.0,0.0,0.0,0.0,0.0,0.34,0.0,0.0,0.0,0.0,0.0,0.0,0.4669999999999982,0.0,0.0,0.0,0.0,0.0,0.0,0.0,0.0,0.0,0.0,0.0,0.34,0.0,0.0,0.0,0.143,0.0,0.0,0.0,1.784,18.0,141.0
1,0.0,0.6169999999999982,0.0,0.0,0.0,0.0,0.0,0.0,0.0,0.0,0.0,0.0,0.0,0.0,0.0,0.0,0.0,0.0,0.0,0.0,0.0,0.0,0.0,0.0,0.0,0.0,0.0,0.0,0.0,0.0,0.0,0.0,0.0,0.0,0.0,0.0,0.0,0.0,0.0,0.0,0.0,0.0,0.0,0.0,0.0,0.0,0.0,0.0,0.0,0.0,0.0,0.0,1.8,5.0,9.0
2,0.19,0.19,0.29,0.0,1.07,0.19,0.19,0.6,0.67,0.58,0.09,1.07,0.19,0.17,0.09,0.0,0.0,1.17,3.81,0.35,1.75,0.0,0.09,0.29,0.0,0.0,0.0,0.0,0.0,0.0,0.0,0.0,0.0,0.0,0.0,0.0,0.0,0.0,0.09,0.09,0.0,0.0,0.0,0.0,0.0,0.0,0.0,0.0,0.0,0.402,0.232,0.03,4.295,49.0,872.0
1,0.0,0.0,0.0,0.0,0.0,0.0,0.0,0.0,0.0,0.0,0.0,0.0,0.0,0.0,0.0,0.0,0.0,0.0,0.0,0.0,0.0,0.0,0.0,0.0,0.0,0.0,0.0,0.0,0.0,0.0,0.0,0.0,0.0,0.0,0.0,0.0,0.0,0.0,0.0,0.0,0.0,0.0,0.0,0.0,1.44,0.0,0.0,0.0,0.0,0.0,0.0,0.0,1.333,3.0,12.0
2,0.0,0.46,0.46,0.0,1.38,0.0,0.0,0.6,0.0,0.92,0.38,0.0,0.0,0.0,0.0,0.92,0.0,0.0,0.92,0.35,1.38,0.0,0.0,0.46,0.0,0.0,0.0,0.0,0.0,0.0,0.0,0.0,0.0,0.0,0.0,0.0,0.95,0.0,0.0,0.39,0.0,0.0,0.0,0.0,0.0,0.0,0.0,0.0,0.072,0.795,0.217,0.0,4.869,66.0,224.0
2,0.0,0.58,0.58,0.0,0.0,0.0,0.0,0.58,0.58,1.32,0.38,1.16,0.0,0.0,0.0,0.0,0.58,0.0,4.06,0.0,0.0,0.0,0.0,0.0,0.0,0.0,0.0,0.0,0.0,0.0,0.0,0.0,0.0,0.0,0.0,0.0,0.0,0.0,0.0,0.0,0.0,0.0,0.0,0.0,0.0,0.0,0.0,0.0,0.192,0.192,0.0,0.096,1.526,10.0,58.0
1,0.0,0.0,0.0,0.0,0.0,0.0,0.0,0.0,0.0,0.0,0.0,0.0,0.47,0.0,0.0,0.0,0.0,0.0,1.43,0.0,0.0,0.0,0.0,0.0,0.0,0.0,0.0,0.0,0.0,0.0,0.0,0.0,0.0,0.0,0.0,0.0,0.0,0.0,0.47,0.0,0.0,0.0,0.0,0.2869999999999982,0.47,1.166999999999998,0.0,0.0,0.076,0.076,0.0,0.0,1.833,12.0,77.0
1,0.0,0.0,0.6,0.0,0.6,0.0,0.0,0.0,0.0,0.0,0.0,0.0,0.0,0.0,0.0,0.6,0.0,0.0,2.4,0.0,0.0,0.0,0.0,0.0,0.0,0.0,1.2,0.0,0.0,0.0,0.0,0.0,0.0,0.0,0.0,0.0,0.0,0.0,0.0,0.0,0.0,0.6,0.0,0.0,0.0,0.0,0.0,0.0,0.11,0.0,0.0,0.0,1.074,3.0,29.0
1,0.0,0.0,0.91,0.0,0.0,0.0,0.0,0.45,0.0,0.0,0.0,0.0,0.0,0.0,0.0,0.0,0.0,0.0,2.28,0.0,0.0,0.0,0.0,0.0,0.91,0.91,0.0,0.0,0.0,0.0,0.0,0.0,0.0,0.0,0.45,0.0,0.0,0.0,0.0,0.0,0.0,0.0,0.0,0.0,0.0,0.0,0.0,0.0,0.0,0.0,0.0,0.0,1.32,7.0,103.0
1,0.0,0.0,0.0,0.0,0.0,0.0,0.0,0.0,0.0,0.0,0.0,0.6,0.0,0.0,0.0,0.0,0.0,0.0,1.2,0.0,0.0,0.0,0.0,0.0,0.0,0.0,0.0,0.0,0.0,0.0,0.0,0.0,0.0,0.0,0.0,0.0,0.0,0.0,0.0,0.0,0.0,0.0,0.0,0.0,0.0,0.0,0.0,0.0,0.0,0.21,0.0,0.0,1.454,5.0,32.0
1,0.0,0.0,0.97,0.0,0.0,0.0,0.0,0.0,0.0,0.97,0.0,0.0,0.0,0.0,0.0,0.0,0.0,0.0,2.91,0.0,0.97,0.0,0.0,0.0,0.0,0.0,0.0,0.0,0.0,0.0,0.0,0.0,0.0,0.0,0.0,0.0,0.0,0.0,0.0,0.0,0.0,0.0,0.0,0.2869999999999982,0.0,0.0,0.0,0.0,0.0,0.0,0.0,0.0,1.714,6.0,12.0
2,0.0,0.6169999999999982,0.0,0.0,0.0,0.0,0.0,0.0,0.0,0.0,0.0,0.0,0.0,0.0,0.0,0.79,0.79,1.19,3.17,0.0,1.58,0.0,0.0,0.0,0.0,0.0,0.0,0.0,0.0,0.0,0.0,0.0,0.0,0.0,0.0,0.0,0.0,0.0,0.0,0.0,0.0,0.0,0.0,0.0,0.79,0.0,0.0,0.0,0.271,0.271,0.135,0.0,3.257,26.0,114.0
2,0.0,0.0,0.55,0.0,0.55,0.0,0.0,0.0,0.0,0.55,0.0,0.0,0.0,0.0,0.0,0.55,0.0,0.0,1.67,0.0,0.55,0.0,0.0,0.0,0.0,0.0,0.0,0.0,0.0,0.0,0.0,0.0,0.0,0.0,0.0,0.0,0.0,0.0,0.0,0.0,0.0,0.0,0.0,0.0,0.55,0.0,0.0,0.0,0.099,0.893,0.0,0.0,2.122,16.0,121.0
1,0.0,0.0,0.0,0.0,0.0,0.0,0.0,0.0,0.0,0.0,0.0,0.0,0.0,0.0,0.0,0.0,0.0,0.0,4.76,0.0,0.0,0.0,0.0,0.0,0.0,0.0,0.0,0.0,0.0,0.0,0.0,0.0,0.0,0.0,0.0,0.0,0.0,0.0,0.0,0.0,0.0,0.0,0.0,0.0,1.44,0.0,0.0,0.0,0.0,1.1457999999999993,0.0,0.0,1.666,3.0,9.0
2,0.6569999999999983,0.0,0.78,0.0,1.51,0.0,0.0,0.0,0.0,0.0,0.0,0.0,0.0,0.0,0.0,1.36,0.78,0.0,1.57,0.0,2.36,0.0,0.73,0.0,0.0,0.0,0.0,0.0,0.0,0.0,0.0,0.0,0.0,0.0,0.0,0.0,0.0,0.0,0.0,0.0,0.0,0.0,0.0,0.0,0.0,0.0,0.0,0.0,0.0,0.682,0.341,0.0,2.555,22.0,115.0
1,0.6569999999999983,0.0,0.0,0.0,0.0,0.64,0.0,0.0,0.0,0.0,0.0,0.77,0.0,0.0,0.0,0.0,0.0,0.0,4.65,0.0,0.0,0.0,0.0,0.0,0.0,0.0,0.0,0.0,0.0,0.0,0.0,0.0,0.0,0.0,0.0,0.0,0.0,0.0,0.0,0.0,0.0,0.0,0.0,0.0,1.44,0.0,0.0,0.0,0.0,0.159,0.0,0.0,1.346,4.0,35.0
2,0.0,0.0,0.0,0.0,0.0,0.0,0.0,0.0,0.0,0.0,0.0,0.0,0.0,0.0,0.0,0.0,0.0,0.0,4.76,0.0,0.0,0.0,0.0,0.0,0.0,0.0,0.0,0.0,0.0,0.0,0.0,0.0,0.0,0.0,0.0,0.0,0.0,0.0,0.0,0.0,0.0,0.0,0.0,0.0,0.0,0.0,0.0,0.0,0.0,0.0,0.0,0.0,1.0,1.0,9.0
2,0.0,0.0,0.0,0.0,0.0,0.0,0.0,0.6,0.0,0.0,0.0,0.0,0.0,0.0,0.0,0.0,0.0,0.0,0.0,0.0,0.0,0.0,0.0,0.0,0.0,0.0,0.0,0.0,0.0,0.0,0.0,0.0,0.0,0.0,0.0,0.0,0.0,0.0,0.0,0.0,0.0,0.0,0.0,0.0,1.04,0.0,0.0,0.0,0.189,0.189,0.189,0.0,3.857,25.0,81.0
1,0.24,0.0,0.49,0.0,0.0,0.0,0.0,0.0,0.0,0.24,0.0,0.24,0.24,0.0,0.0,0.0,0.0,0.0,1.23,0.0,0.24,0.0,0.0,0.0,0.24,0.24,0.0,0.49,0.0,0.24,0.0,0.0,0.0,0.0,0.49,0.0,0.0,0.0,0.0,0.0,0.0,0.0,0.0,0.0,0.0,0.0,0.0,0.029,0.119,0.0,0.0,0.0,3.574,75.0,336.0
2,0.0,0.0,0.55,0.0,1.11,0.0,0.0,0.0,0.0,0.0,0.0,0.0,0.65,0.0,0.16,0.0,0.37,0.37,3.15,0.0,0.92,0.0,0.0,0.0,0.0,0.0,0.0,0.0,0.0,0.0,0.0,0.0,0.0,0.0,0.0,0.0,0.0,0.0,0.0,0.0,0.0,0.0,0.0,0.0,0.0,0.0,0.0,0.0,0.185,0.464,0.0,0.0,1.392,4.0,78.0
2,0.0,0.0,1.29,0.0,0.0,0.0,0.0,0.0,0.0,0.0,0.0,0.0,0.0,0.0,0.0,1.36,0.0,0.0,1.85,0.0,0.0,0.0,0.73,0.0,0.0,0.0,0.0,0.0,0.0,0.0,0.0,0.0,0.0,0.0,0.0,0.0,0.0,0.0,0.0,0.0,0.0,0.0,0.0,0.0,0.0,0.0,0.0,0.0,0.289,1.1457999999999993,0.0,0.0,4.833,29.0,87.0
2,0.0,0.0,0.0,0.0,1.21,0.0,0.0,0.0,0.0,0.0,0.0,0.0,0.0,0.0,0.0,1.36,0.0,0.0,3.65,0.0,1.21,0.0,0.0,0.0,0.0,0.0,0.0,0.0,0.0,0.0,0.0,0.0,0.0,0.0,0.0,0.0,0.0,0.0,0.0,0.0,0.0,0.0,0.0,0.0,0.0,0.0,0.0,0.0,0.0,0.0,0.0,0.0,1.0,1.0,31.0
1,0.0,0.0,0.8,0.0,0.0,0.0,0.0,0.0,0.0,0.0,0.0,0.8,0.0,0.0,0.0,0.0,0.0,0.0,4.76,0.0,1.6,0.0,0.0,0.0,0.0,0.0,0.0,0.0,0.0,0.0,0.0,0.0,0.0,0.0,0.0,0.0,0.0,0.0,0.0,0.0,0.0,0.0,0.0,0.2869999999999982,0.0,0.0,0.0,0.0,0.0,0.0,0.0,0.0,1.0,1.0,11.0
1,0.0,0.0,0.0,0.0,0.0,0.0,0.0,0.0,0.0,0.0,0.0,0.0,0.0,0.0,0.0,0.0,0.0,0.0,0.0,0.0,0.0,0.0,0.0,0.0,0.0,0.0,0.0,0.0,0.0,0.0,0.0,0.0,0.0,0.0,0.0,0.0,0.0,0.0,0.53,0.0,0.0,0.0,0.0,0.0,1.44,0.0,0.0,0.0,0.393,0.0,0.0,0.0,1.545,6.0,17.0
2,0.14,0.14,0.29,0.0,0.29,0.29,0.0,0.29,0.0,0.0,0.29,0.0,0.14,0.0,0.0,0.87,0.29,0.43,3.66,0.0,1.31,0.0,0.0,0.0,0.0,0.0,0.0,0.0,0.0,0.0,0.0,0.0,0.0,0.0,0.0,0.0,0.29,0.0,0.0,0.0,0.0,0.0,0.0,0.0,0.58,0.0,0.0,0.0,0.024,0.265,0.0,0.0,3.121,38.0,437.0
1,0.0,0.0,0.0,0.0,0.0,0.0,0.0,0.0,0.0,0.0,0.0,0.0,0.0,0.0,0.0,0.0,0.0,0.0,0.0,0.0,2.04,0.0,0.0,0.0,2.04,1.7939999999999965,1.916999999999998,0.85,0.51,0.7139999999999963,0.32,0.0,0.0,0.07,0.66,0.63,0.0,0.0,0.0,0.39,0.0,0.0,0.0,0.0,0.0,0.0,0.0,0.0,0.536,0.0,0.0,0.14209999999999945,2.529,11.0,43.0
2,0.18,0.0,0.54,0.0,1.09,0.18,0.54,0.0,0.54,0.54,0.0,0.18,0.0,0.0,0.16,0.36,0.18,0.54,1.82,0.0,2.0,0.0,0.0,0.18,0.0,0.0,0.0,0.0,0.0,0.0,0.0,0.0,0.0,0.0,0.0,0.0,0.0,0.0,0.0,0.0,0.0,0.18,0.0,0.0,0.0,0.0,0.0,0.0,0.166,0.249,0.305,0.0,3.921,59.0,447.0
1,0.0,0.0,0.0,0.0,0.0,0.0,0.0,0.0,0.0,1.31,0.0,0.0,0.0,0.0,0.0,0.0,0.0,0.0,1.31,0.0,1.31,0.0,0.0,0.0,1.31,0.0,1.916999999999998,0.0,0.51,0.7139999999999963,0.0,0.0,0.0,0.0,0.0,0.63,0.95,0.0,0.0,0.0,0.0,0.0,0.0,0.0,1.31,0.0,0.0,0.0,0.0,0.0,0.0,0.0,1.75,15.0,42.0
2,0.0,0.47,0.0,0.0,0.47,0.0,0.0,0.0,0.0,0.0,0.38,0.0,0.0,0.0,0.0,0.47,0.0,0.95,1.9,0.0,1.42,0.0,0.0,0.0,0.0,0.0,0.0,0.0,0.0,0.0,0.0,0.0,0.0,0.0,0.0,0.0,0.0,0.0,0.0,0.0,0.0,0.0,0.0,0.0,0.0,0.0,0.0,0.0,0.056,0.0,0.0,0.0,7.18,156.39999999999964,359.0
1,0.0,0.0,0.0,0.0,0.0,0.0,0.0,0.0,0.0,0.0,0.0,0.0,0.0,0.0,0.0,0.0,0.0,0.0,0.97,0.0,0.97,0.0,0.0,0.0,1.94,0.97,0.0,0.85,0.0,0.0,0.0,0.0,0.0,0.0,0.66,0.0,0.0,0.0,0.0,0.0,0.0,0.0,0.0,0.0,0.0,0.0,0.0,0.0,0.141,0.0,0.0,0.0,3.178,15.0,89.0
1,0.0,0.0,0.0,0.0,0.0,0.0,0.0,0.0,0.0,0.0,0.0,0.0,0.0,0.0,0.0,0.0,0.0,0.0,0.0,0.0,0.0,0.0,0.0,0.0,3.183999999999996,0.0,0.0,0.0,0.0,0.0,0.0,0.0,0.0,0.0,0.0,0.0,0.0,0.0,0.0,0.0,0.0,0.0,0.0,0.0,1.44,0.0,0.0,0.0,0.0,0.0,0.0,0.0,3.714,16.0,26.0
1,0.0,0.0,0.0,0.0,0.0,0.0,0.0,0.0,0.0,0.0,0.0,0.98,0.0,0.0,0.0,0.0,0.0,0.0,0.0,0.0,0.0,0.0,0.0,0.0,0.49,0.98,0.0,0.0,0.0,0.0,0.0,0.0,0.0,0.0,0.0,0.0,0.0,0.0,0.0,0.0,0.0,0.0,0.0,0.0,0.0,0.0,0.0,0.0,0.0,0.159,0.0,0.0,1.45,7.0,74.0
1,0.0,0.0,0.83,0.0,0.41,0.0,0.0,0.0,0.0,0.0,0.0,0.0,0.41,0.0,0.0,0.0,0.0,0.0,3.33,0.0,0.0,0.0,0.0,0.0,0.0,0.0,1.25,0.0,0.0,0.0,0.0,0.0,0.0,0.07,0.0,0.0,0.0,0.0,0.0,0.0,0.0,0.0,0.0,0.0,0.41,0.0,0.0,0.0,0.065,0.195,0.0,0.0,1.444,22.0,91.0
2,0.0,0.0,1.29,0.0,0.0,0.0,0.45,0.0,0.0,0.91,0.0,0.0,0.0,0.0,0.0,1.36,0.0,0.0,1.83,0.0,0.91,0.0,0.0,0.0,0.0,0.0,0.0,0.0,0.0,0.0,0.0,0.0,0.0,0.0,0.0,0.0,0.0,0.0,0.0,0.0,0.0,0.0,0.0,0.0,0.0,0.0,0.0,0.134,0.0,1.1457999999999993,0.0,0.134,9.018899999999988,156.39999999999964,621.0
1,0.0,0.0,0.0,0.0,0.0,0.0,0.0,0.0,0.0,0.0,0.0,1.61,0.0,0.0,0.0,0.0,0.0,0.0,0.0,0.0,1.61,0.0,0.0,0.0,0.0,0.0,0.0,0.0,0.0,0.0,0.0,0.0,0.0,0.0,0.0,0.0,0.95,0.0,0.0,0.0,0.0,0.0,0.0,0.0,0.0,0.0,0.0,0.0,0.266,0.533,0.0,0.0,4.5,31.0,63.0
1,0.0,0.0,0.0,0.0,0.0,0.0,0.0,0.0,0.0,0.0,0.0,0.0,0.0,0.0,0.0,0.0,0.0,0.0,0.0,0.0,0.0,0.0,0.0,0.0,0.0,0.0,0.0,0.0,0.0,0.0,0.0,0.0,0.0,0.0,0.0,0.0,0.0,0.0,0.0,0.0,0.0,0.0,0.0,0.0,0.0,0.0,0.0,0.0,0.0,0.0,0.0,0.0,1.0,1.0,9.0
2,0.19,0.19,0.29,0.0,1.07,0.19,0.19,0.6,0.67,0.58,0.09,1.07,0.19,0.17,0.09,0.0,0.0,1.17,3.81,0.35,1.75,0.0,0.09,0.29,0.0,0.0,0.0,0.0,0.0,0.0,0.0,0.0,0.0,0.0,0.0,0.0,0.0,0.0,0.09,0.09,0.0,0.0,0.0,0.0,0.0,0.0,0.0,0.0,0.0,0.405,0.233,0.031,4.32,49.0,877.0
2,0.2,0.0,0.1,0.0,0.0,0.1,0.2,0.0,0.0,0.0,0.0,0.72,0.0,0.0,0.0,0.1,0.2,0.1,4.17,0.0,1.35,0.0,0.52,0.41,0.0,0.0,0.0,0.0,0.0,0.0,0.0,0.0,0.0,0.0,0.0,0.0,0.0,0.0,0.0,0.0,0.0,0.0,0.0,0.0,0.0,0.0,0.0,0.0,0.057,0.095,0.0,0.0,2.717,24.0,318.0
2,0.17,0.26,1.21,0.0,0.43,0.6,0.43,0.26,0.67,0.52,0.26,1.3,0.17,0.0,0.16,0.78,0.17,1.19,2.43,0.17,1.13,0.0,0.73,0.17,0.0,0.0,0.0,0.0,0.0,0.0,0.0,0.0,0.0,0.0,0.0,0.0,0.0,0.0,0.0,0.08,0.0,0.0,0.0,0.0,0.08,0.0,0.0,0.0,0.108,0.271,0.243,0.013,6.395,156.39999999999964,1179.3999999999996
1,0.0,0.0,0.0,0.0,0.0,0.0,0.0,0.0,0.0,0.0,0.0,0.0,0.0,0.0,0.0,0.0,0.0,0.0,2.01,0.0,0.5,0.0,0.0,0.0,3.183999999999996,1.7939999999999965,1.0,0.5,0.5,0.5,0.32,0.0,0.0,0.07,0.5,0.5,0.5,0.0,0.5,0.39,0.0,0.0,0.31,0.0,0.5,0.0,0.0,0.0,0.176,0.0,0.0,0.0,2.319,12.0,109.0
1,0.0,0.0,0.0,0.0,0.0,0.0,0.0,0.0,0.0,0.0,0.0,0.0,0.0,0.0,0.0,0.0,0.0,0.0,0.43,0.0,0.86,0.0,0.0,0.0,3.183999999999996,1.7939999999999965,0.86,0.43,0.43,0.43,0.32,0.0,0.0,0.07,0.43,0.43,0.86,0.0,0.43,0.39,0.0,0.0,0.31,0.0,0.43,0.0,0.0,0.0,0.13,0.065,0.0,0.14209999999999945,2.983,40.0,179.0
1,0.0,0.0,0.31,0.0,0.31,0.0,0.0,0.0,0.0,1.27,0.0,0.0,0.0,0.0,0.0,0.0,0.0,0.0,0.31,0.0,0.0,0.0,0.0,0.0,2.87,1.27,1.91,0.63,0.51,0.63,0.32,0.0,0.0,0.07,0.63,0.63,0.95,0.0,0.53,0.39,0.0,0.0,0.31,0.0,0.95,0.0,0.0,0.097,0.534,0.0,0.048,0.0,2.23,13.0,261.0
1,0.0,0.0,0.0,0.0,0.0,0.0,0.0,0.0,0.0,0.0,0.0,0.0,0.0,0.0,0.0,0.0,0.0,0.0,0.0,0.0,0.0,0.0,0.0,0.0,0.0,0.0,1.916999999999998,0.0,0.0,0.0,0.0,0.0,0.0,0.0,0.0,0.0,0.0,0.0,0.0,0.0,0.0,0.0,0.0,0.0,0.0,0.0,0.0,0.0,0.0,0.0,0.0,0.0,1.0,1.0,9.0
1,0.0,0.0,0.5,0.0,0.0,0.0,0.0,0.0,0.0,0.0,0.0,0.5,0.0,0.0,0.0,0.0,0.0,0.0,0.0,0.0,0.0,0.0,0.5,0.0,1.52,1.7939999999999965,0.0,0.0,0.51,0.7139999999999963,0.0,0.0,0.0,0.0,0.0,0.0,0.95,0.0,0.0,0.0,0.0,0.0,0.0,0.2869999999999982,0.0,0.0,0.0,0.0,0.0,0.122,0.061,0.0,4.309,38.0,237.0
1,0.0,0.0,0.0,0.0,0.0,0.0,0.0,0.0,0.0,0.0,0.0,0.0,0.0,0.0,0.0,0.0,0.0,0.0,1.44,0.0,0.0,0.0,0.0,0.0,0.0,0.0,0.0,0.0,0.0,0.0,0.0,0.0,0.0,0.0,0.0,0.0,0.86,0.0,0.28,0.0,0.0,0.0,0.0,0.0,0.86,1.166999999999998,0.0,0.0,0.0,0.0,0.0,0.0,2.557,16.0,179.0
2,0.0,0.6169999999999982,0.56,0.0,0.0,0.64,0.0,0.18,0.37,0.75,0.0,2.06,0.0,0.0,0.0,0.0,0.37,0.0,2.44,0.0,0.93,0.0,0.0,0.18,0.0,0.0,0.18,0.0,0.0,0.0,0.0,0.0,0.0,0.0,0.0,0.0,0.0,0.0,0.0,0.0,0.0,0.0,0.0,0.0,0.0,0.0,0.0,0.0,0.08,0.268,0.107,0.0,2.698,42.0,251.0
2,0.0,0.0,0.63,0.0,0.0,0.64,0.7839999999999964,0.6,0.0,0.0,0.0,0.63,0.0,0.0,0.0,0.0,0.63,0.0,4.45,0.35,3.14,0.0,0.0,0.0,0.0,0.0,0.0,0.0,0.0,0.0,0.0,0.0,0.0,0.0,0.0,0.0,0.0,0.0,0.0,0.0,0.0,0.0,0.0,0.0,0.0,0.0,0.0,0.0,0.0,0.983,0.089,0.0,3.488,59.0,157.0
2,0.19,0.6169999999999982,0.19,0.0,0.19,0.19,0.19,0.0,0.67,0.38,0.19,0.57,0.0,0.0,0.16,0.19,0.0,1.19,1.71,0.0,2.09,0.0,0.73,0.0,0.0,0.0,0.0,0.0,0.0,0.0,0.0,0.0,0.0,0.0,0.0,0.0,0.0,0.0,0.0,0.38,0.0,0.0,0.0,0.0,0.0,0.0,0.0,0.0,0.151,0.212,0.303,0.0,9.018899999999988,132.0,742.0
1,0.0,0.0,0.71,0.0,0.71,0.0,0.0,0.0,0.0,0.0,0.0,0.0,0.0,0.0,0.0,0.0,0.91,0.0,0.0,0.0,1.42,0.0,0.0,0.0,0.0,0.0,0.0,0.0,0.0,0.0,0.0,0.0,0.0,0.0,0.0,0.0,0.0,0.0,0.0,0.0,0.0,0.61,0.0,0.0,0.0,0.0,0.0,0.0,0.055,0.055,0.0,0.0,9.018899999999988,54.0,138.0
2,0.0,0.0,0.6,0.0,0.6,0.0,0.6,0.0,0.0,0.0,0.0,0.0,0.6,0.0,0.0,0.0,0.0,0.6,1.81,0.0,1.21,0.0,0.0,0.5769999999999982,0.0,0.0,0.0,0.0,0.0,0.0,0.0,0.0,0.0,0.0,0.0,0.0,0.0,0.0,0.0,0.0,0.0,0.0,0.0,0.0,0.0,0.0,0.0,0.0,0.412,0.619,0.103,0.0,6.166,33.0,259.0
2,0.0,0.0,0.94,0.0,0.94,0.0,0.0,0.0,0.0,0.0,0.0,0.0,0.0,0.0,0.0,0.94,0.0,0.0,4.71,0.0,0.0,0.0,0.0,0.0,0.0,0.0,0.0,0.0,0.0,0.0,0.0,0.0,0.0,0.0,0.0,0.0,0.0,0.0,0.0,0.0,0.0,0.0,0.0,0.0,0.0,0.0,0.0,0.0,0.17,1.1457999999999993,0.0,0.0,1.3,7.0,52.0
1,0.0,0.0,0.0,0.0,0.0,0.0,0.0,0.0,0.0,0.0,0.0,0.0,0.0,0.0,0.0,0.0,0.0,0.0,0.0,0.0,0.0,0.0,0.73,0.0,0.0,0.0,0.0,0.0,0.0,0.0,0.0,0.0,0.0,0.0,0.0,0.0,0.0,0.0,0.0,0.0,0.0,0.0,0.0,0.0,0.0,0.0,0.0,0.0,0.537,0.0,0.0,0.0,2.166,5.0,13.0
1,0.0,0.36,0.36,0.0,0.0,0.36,0.0,0.6,0.0,0.36,0.36,1.46,0.0,0.0,0.0,0.36,0.0,1.19,2.93,0.0,0.36,0.0,0.0,0.5769999999999982,0.0,0.0,0.0,0.0,0.0,0.0,0.0,0.0,0.0,0.0,0.0,0.0,0.0,0.0,0.0,0.0,0.0,0.0,0.31,0.0,0.0,0.0,0.0,0.0,0.0,0.0,0.123,0.0,2.854,68.0,157.0
2,0.0,0.0,0.14,0.0,0.29,0.0,0.0,0.0,0.0,0.0,0.0,0.89,0.0,0.0,0.0,0.14,0.0,0.0,0.0,0.0,0.0,0.0,0.14,0.0,0.0,0.0,0.0,0.0,0.0,0.0,0.0,0.0,0.44,0.0,0.0,0.29,0.0,0.0,0.0,0.0,0.0,0.0,0.0,0.0,0.0,0.0,0.0,0.022,0.067,0.0,0.022,0.0,2.227,11.0,294.0
1,0.0,0.0,0.0,0.0,0.0,0.0,0.0,0.0,0.0,0.0,0.0,0.0,0.0,0.0,0.0,0.0,0.0,0.0,2.94,0.0,0.0,0.0,0.0,0.0,0.0,0.0,1.916999999999998,0.0,0.0,0.0,0.0,0.0,0.0,0.0,0.0,0.0,0.95,0.0,0.0,0.0,0.0,0.0,0.0,0.0,1.44,0.0,0.0,0.0,0.0,0.0,0.0,0.0,1.562,5.0,25.0
2,0.0,0.6169999999999982,0.0,0.0,0.0,0.0,0.7839999999999964,0.0,0.0,1.32,0.38,0.0,0.0,0.0,0.0,0.82,0.0,0.0,3.3,0.0,0.82,0.0,0.0,0.0,0.0,0.0,0.0,0.0,0.0,0.0,0.0,0.0,0.0,0.0,0.0,0.0,0.0,0.0,0.0,0.0,0.0,0.0,0.0,0.0,0.0,0.0,0.0,0.0,0.0,1.1457999999999993,0.0,0.0,9.018899999999988,68.0,186.0
1,0.0,0.0,0.0,0.0,0.0,0.0,0.0,0.0,0.0,0.0,0.0,1.85,0.0,0.0,0.0,0.0,0.0,0.0,0.0,0.0,0.0,0.0,0.0,0.0,0.0,0.0,0.0,0.0,0.51,0.0,0.0,0.0,0.0,0.0,0.0,0.0,0.95,0.0,0.0,0.0,0.0,0.61,0.0,0.0,0.0,0.0,0.0,0.0,0.308,0.0,0.0,0.0,2.0,11.0,26.0
2,0.0,0.0,0.32,0.0,0.64,0.64,0.64,0.32,0.0,0.0,0.0,0.32,0.32,0.0,0.0,0.32,0.32,0.32,2.27,0.0,3.14,0.0,0.0,0.32,0.0,0.0,0.0,0.0,0.0,0.0,0.0,0.0,0.0,0.0,0.0,0.0,0.0,0.0,0.0,0.0,0.0,0.0,0.0,0.0,0.64,0.0,0.0,0.0,0.166,0.0,0.166,0.0,1.688,19.0,157.0
1,0.6569999999999983,0.0,0.0,0.0,0.0,0.0,0.0,0.0,0.0,0.0,0.0,2.22,0.0,0.0,0.0,0.0,0.0,0.0,1.42,0.0,0.0,0.0,0.0,0.0,0.0,0.0,0.0,0.0,0.0,0.0,0.0,0.0,0.0,0.0,0.0,0.0,0.0,0.0,0.0,0.0,0.0,0.0,0.0,0.0,0.0,0.0,0.0,0.0,0.35,0.175,0.0,0.0,1.826,7.0,42.0
2,0.46,0.6169999999999982,0.93,0.0,0.46,0.0,0.0,0.46,0.0,1.32,0.0,2.22,0.0,0.17,0.0,0.46,0.0,0.0,1.86,0.0,3.14,0.0,0.0,0.0,0.0,0.0,0.0,0.0,0.0,0.0,0.0,0.0,0.0,0.0,0.0,0.0,0.0,0.0,0.0,0.0,0.0,0.0,0.0,0.0,0.0,0.0,0.0,0.0,0.252,1.1457999999999993,0.168,0.084,9.018899999999988,156.39999999999964,742.0
1,0.0,0.0,0.0,0.0,0.0,0.0,0.0,0.0,0.0,0.0,0.0,0.0,0.0,0.0,0.0,0.0,0.0,0.0,0.0,0.0,0.0,0.0,0.0,0.0,0.0,0.0,0.0,0.0,0.0,0.0,0.0,0.0,0.0,0.0,0.0,0.0,0.0,0.0,0.0,0.0,0.0,0.0,0.0,0.0,0.0,0.0,0.0,0.0,0.0,0.0,0.0,0.0,1.5,3.0,9.0
1,0.0,0.0,0.86,0.0,0.0,0.0,0.0,0.0,0.0,0.0,0.0,0.86,0.0,0.0,0.0,0.0,0.0,0.0,2.6,0.0,0.86,0.0,0.0,0.0,0.0,0.0,0.0,0.0,0.0,0.0,0.0,0.0,0.0,0.0,0.0,0.0,0.0,0.0,0.0,0.0,0.0,0.0,0.31,0.0,0.0,0.0,0.0,0.0,0.0,0.167,0.0,0.0,1.5,4.0,24.0
2,0.0,0.0,0.0,0.0,0.0,0.0,0.0,0.0,0.0,0.33,0.0,0.67,0.0,0.0,0.0,0.0,0.0,0.0,1.68,0.0,0.0,0.0,0.0,0.0,0.0,0.0,0.0,0.0,0.0,0.0,0.0,0.0,0.0,0.0,0.33,0.0,0.0,0.0,0.0,0.0,0.0,0.0,0.0,0.0,0.33,0.33,0.0,0.17069999999999982,0.28,0.112,0.336,0.0,2.96,19.0,222.0
1,0.0,0.0,0.0,0.0,0.0,0.0,0.0,0.0,0.0,0.0,0.0,2.22,0.0,0.0,0.0,0.0,0.0,0.0,1.16,0.0,1.16,0.0,0.0,0.0,0.0,0.0,0.0,0.0,0.0,0.0,0.0,0.0,0.0,0.0,0.0,0.0,0.0,0.0,0.0,0.0,0.0,0.0,0.0,0.0,0.0,0.0,0.0,0.0,0.537,0.148,0.0,0.0,1.972,18.0,71.0
2,0.0,0.0,1.26,0.0,0.0,0.0,0.0,0.0,0.0,0.0,0.0,2.22,0.0,0.0,0.0,0.0,0.0,0.0,2.53,0.0,3.14,0.0,0.0,0.0,0.0,0.0,0.0,0.0,0.0,0.0,0.0,0.0,0.0,0.0,0.0,0.0,0.0,0.0,0.0,0.0,0.0,0.0,0.0,0.0,0.0,0.0,0.0,0.0,0.0,0.0,0.0,0.0,3.642,8.0,51.0
1,0.0,0.0,0.86,0.0,0.0,0.0,0.0,0.0,0.0,0.0,0.38,0.86,0.0,0.0,0.0,0.0,0.0,0.86,4.76,0.0,3.14,0.0,0.0,0.0,0.0,0.0,0.86,0.0,0.0,0.0,0.0,0.0,0.0,0.0,0.0,0.0,0.0,0.0,0.0,0.0,0.0,0.0,0.0,0.0,0.0,0.0,0.0,0.0,0.0,0.0,0.0,0.0,1.047,2.0,22.0
1,0.0,0.0,0.0,0.0,0.0,0.0,0.0,0.0,0.0,0.0,0.0,0.76,0.0,0.0,0.0,0.0,0.0,0.0,0.76,0.0,1.53,0.0,0.0,0.0,3.183999999999996,0.0,0.0,0.0,0.0,0.0,0.0,0.0,0.0,0.0,0.0,0.0,0.76,0.0,0.0,0.0,0.0,0.0,0.31,0.0,0.0,0.0,0.0,0.17069999999999982,0.0,0.0,0.0,0.0,4.807,31.0,274.0
2,0.0,0.0,0.78,0.0,0.78,0.0,0.52,0.52,0.0,1.04,0.0,0.26,0.65,0.0,0.16,0.0,0.0,1.19,2.08,0.0,1.56,0.0,0.52,0.0,0.0,0.0,0.0,0.0,0.0,0.0,0.0,0.0,0.0,0.0,0.0,0.0,0.0,0.0,0.0,0.39,0.0,0.0,0.0,0.0,0.0,0.0,0.0,0.0,0.08,0.443,0.38239999999999963,0.0,2.41,19.0,241.0
1,0.0,0.0,0.0,0.0,0.0,0.0,0.0,0.0,0.0,0.0,0.0,0.0,0.0,0.0,0.0,0.0,0.0,0.0,0.0,0.0,0.0,0.0,0.0,0.0,0.0,0.0,0.0,0.0,0.0,0.0,0.0,0.0,0.0,0.0,0.0,0.0,0.0,0.0,0.0,0.0,0.0,0.0,0.0,0.0,0.0,0.0,0.0,0.0,0.0,0.216,0.0,0.0,1.0,1.0,18.0
2,0.0,0.0,0.75,0.0,0.75,0.0,0.5,0.25,0.0,1.01,0.0,0.25,0.65,0.0,0.16,0.0,0.0,1.19,2.02,0.0,1.51,0.0,0.73,0.0,0.0,0.0,0.0,0.0,0.0,0.0,0.0,0.0,0.0,0.0,0.0,0.0,0.0,0.0,0.0,0.39,0.0,0.0,0.0,0.0,0.0,0.0,0.0,0.0,0.078,0.432,0.38239999999999963,0.0,2.375,19.0,247.0
1,0.0,0.0,0.0,0.0,0.0,0.0,0.0,0.0,0.0,0.0,0.0,2.22,0.0,0.0,0.0,0.0,0.0,0.0,2.56,0.0,0.0,0.0,0.0,0.0,0.0,0.0,0.0,0.0,0.51,0.0,0.0,0.0,0.0,0.0,0.0,0.0,0.0,0.0,0.0,0.0,0.0,0.61,0.0,0.0,0.0,0.0,0.0,0.0,0.5,0.0,0.0,0.0,2.266,7.0,34.0
1,0.0,0.0,0.0,0.0,0.0,0.0,0.0,0.0,0.0,0.0,0.0,0.0,0.0,0.0,0.0,1.36,0.0,0.0,2.98,0.0,0.0,0.0,0.0,0.0,0.0,0.0,1.49,0.0,0.0,0.0,0.0,0.0,0.0,0.0,0.0,0.0,0.0,0.0,0.0,0.0,0.0,0.0,0.0,0.0,0.0,0.0,0.0,0.0,0.0,0.0,0.0,0.0,1.761,5.0,37.0
1,0.12,0.0,0.12,0.0,0.0,0.0,0.0,0.0,0.0,0.0,0.12,0.38,0.0,0.0,0.0,0.0,0.12,0.0,1.78,0.0,0.51,0.0,0.0,0.0,0.0,0.0,0.0,0.0,0.0,0.0,0.0,0.0,0.0,0.0,0.0,0.0,0.12,0.0,0.0,0.0,0.0,0.25,0.0,0.0,0.12,0.63,0.0,0.018,0.074,0.055,0.0,0.018,3.08,63.0,419.0
1,0.0,0.0,0.0,0.0,1.51,0.0,0.0,0.51,0.0,0.51,0.0,0.51,0.51,0.0,0.0,0.51,0.0,0.0,1.54,0.0,1.03,0.0,0.0,0.0,0.51,0.51,1.54,0.51,0.0,0.51,0.0,0.0,0.0,0.0,0.51,0.0,0.51,0.0,0.0,0.0,0.0,0.0,0.0,0.0,0.0,0.51,0.0,0.0,0.158,0.079,0.0,0.0,1.711,15.0,77.0
1,0.13,0.0,0.13,0.0,0.13,0.0,0.0,0.0,0.67,0.0,0.0,0.52,0.0,0.0,0.0,0.0,0.0,0.0,0.52,0.0,0.26,0.0,0.0,0.0,0.65,0.79,0.13,0.0,0.0,0.0,0.0,0.0,0.4669999999999982,0.0,0.0,0.0,0.0,0.0,0.0,0.0,0.0,0.0,0.0,0.0,0.0,0.0,0.0,0.128,0.164,0.0,0.036,0.0,3.185,32.0,481.0
2,0.58,0.0,0.19,0.0,1.51,0.39,0.58,0.0,0.0,0.19,0.38,0.78,0.39,0.0,0.0,0.58,0.58,0.58,4.29,0.0,0.39,0.0,0.73,0.0,0.0,0.0,0.0,0.0,0.0,0.0,0.0,0.0,0.0,0.0,0.0,0.0,0.0,0.0,0.0,0.0,0.0,0.0,0.0,0.0,0.39,0.0,0.0,0.0,0.271,0.067,0.135,0.0,3.015,21.0,190.0
1,0.0,0.0,0.0,0.0,0.0,0.0,0.0,0.0,0.0,0.0,0.0,2.22,0.0,0.0,0.0,0.0,0.0,0.0,2.38,0.0,2.38,0.0,0.0,0.0,2.38,1.7939999999999965,0.0,0.0,0.0,0.0,0.0,0.0,0.0,0.0,0.0,0.0,0.0,0.0,0.0,0.0,0.0,0.0,0.0,0.0,0.0,0.0,0.0,0.0,0.404,0.809,0.38239999999999963,0.0,3.0,11.0,27.0
1,0.0,0.39,0.19,0.0,0.19,0.09,0.0,0.0,0.0,0.0,0.0,0.29,0.0,0.0,0.16,0.0,0.0,0.29,0.89,0.0,0.29,0.0,0.0,0.0,0.49,0.49,0.0,0.0,0.0,0.0,0.0,0.0,0.0,0.0,0.0,0.0,0.19,0.0,0.0,0.0,0.0,0.0,0.09,0.0,0.09,1.166999999999998,0.0,0.17069999999999982,0.08,0.016,0.0,0.0,1.679,17.0,178.0
1,0.0,0.6169999999999982,0.0,0.0,0.0,0.0,0.0,0.0,0.0,1.32,0.0,0.0,0.0,0.0,0.0,0.0,0.0,0.0,4.28,0.0,0.0,0.0,0.0,0.0,0.0,0.0,0.0,0.0,0.0,0.0,0.0,0.0,0.0,0.0,0.0,0.0,0.0,0.0,0.0,0.0,0.0,0.0,0.0,0.0,1.42,1.166999999999998,0.0,0.0,0.0,0.0,0.0,0.0,3.555,21.0,96.0
2,0.0,0.0,0.3,0.0,0.3,0.64,0.0,0.3,0.0,0.0,0.0,0.3,0.3,0.0,0.0,0.3,0.3,0.3,2.12,0.0,3.03,0.0,0.0,0.3,0.0,0.0,0.0,0.0,0.0,0.0,0.0,0.0,0.0,0.0,0.0,0.0,0.0,0.0,0.0,0.0,0.0,0.0,0.0,0.0,0.3,0.0,0.0,0.0,0.211,0.0,0.211,0.052,1.752,11.0,184.0
2,0.0,0.0,0.0,0.0,0.21,0.0,0.0,0.0,0.0,0.0,0.0,0.0,0.0,0.0,0.0,0.0,0.0,0.0,0.0,0.0,0.0,0.0,0.0,0.0,0.0,0.0,0.0,0.0,0.0,0.0,0.0,0.0,0.0,0.0,0.0,0.0,0.0,0.0,0.0,0.0,0.0,0.0,0.0,0.0,0.0,0.0,0.0,0.0,0.205,0.034,0.0,0.0,3.168,15.0,339.0
2,0.0,0.0,0.0,0.0,0.0,0.0,0.0,0.0,0.0,0.0,0.0,0.0,0.0,0.0,0.0,0.88,0.91,0.0,0.88,0.0,0.0,0.0,0.0,0.0,0.0,0.0,0.0,0.0,0.0,0.0,0.0,0.0,0.0,0.0,0.0,0.0,0.88,0.0,0.0,0.0,0.0,0.0,0.0,0.0,0.0,0.0,0.0,0.0,0.14,0.0,0.0,0.0,1.512,7.0,62.0
1,0.0,0.0,0.0,0.0,0.0,0.0,0.0,0.0,0.0,1.32,0.0,0.0,0.0,0.0,0.0,0.0,0.0,0.0,0.0,0.0,0.0,0.0,0.0,0.0,1.72,1.72,0.0,0.85,0.0,0.0,0.0,0.0,0.0,0.0,0.0,0.0,0.0,0.0,0.0,0.0,0.0,0.0,0.0,0.0,0.0,0.0,0.0,0.0,0.537,0.294,0.0,0.0,3.714,11.0,78.0
1,0.0,0.0,0.0,0.0,0.0,0.0,0.0,0.0,0.0,0.0,0.0,0.58,0.0,0.0,0.0,0.58,0.0,0.0,2.9,0.0,0.58,0.0,0.0,0.0,0.0,0.0,0.0,0.0,0.0,0.0,0.0,0.0,0.0,0.0,0.0,0.0,0.0,0.0,0.0,0.0,0.0,0.0,0.0,0.0,0.0,0.58,0.0,0.0,0.185,0.0,0.0,0.092,2.468,11.0,79.0
1,0.0,0.0,0.0,0.0,0.0,0.0,0.0,0.0,0.0,0.0,0.0,0.0,0.0,0.0,0.0,0.0,0.0,0.0,4.69,0.0,0.0,0.0,0.0,0.0,0.0,0.0,0.0,0.0,0.0,0.0,0.0,0.0,0.0,0.0,0.0,0.0,0.67,0.0,0.0,0.0,0.0,0.0,0.0,0.0,1.44,1.166999999999998,0.0,0.0,0.102,0.0,0.0,0.0,3.4,51.0,119.0
1,0.0,0.0,0.0,0.0,1.51,0.0,0.0,0.0,0.0,0.0,0.0,0.0,0.0,0.0,0.0,0.0,0.0,0.0,0.0,0.0,0.0,0.0,0.0,0.0,0.0,0.0,0.0,0.0,0.0,0.0,0.0,0.0,0.0,0.0,0.0,0.0,0.0,0.0,0.0,0.0,0.0,0.0,0.0,0.0,0.0,0.0,0.0,0.0,0.0,0.0,0.0,0.0,1.538,4.0,20.0
2,0.0,0.0,0.71,0.0,0.23,0.0,0.0,0.0,0.23,0.23,0.23,1.9,0.0,0.0,0.0,0.23,0.0,0.0,3.81,0.23,1.19,0.0,0.0,0.0,0.0,0.0,0.0,0.0,0.0,0.0,0.0,0.0,0.0,0.0,0.0,0.0,0.0,0.0,0.0,0.0,0.0,0.0,0.0,0.0,0.0,0.0,0.0,0.0,0.111,1.045,0.037,0.0,4.022,97.0,543.0
2,0.6569999999999983,0.0,0.0,0.0,1.51,0.0,0.0,0.0,0.0,0.0,0.0,0.0,0.0,0.0,0.0,1.36,0.0,0.0,2.14,0.0,0.0,0.0,0.0,0.5769999999999982,0.0,0.0,0.0,0.0,0.0,0.0,0.0,0.0,0.0,0.0,0.0,0.0,0.0,0.0,0.0,0.0,0.0,0.0,0.0,0.0,0.0,0.0,0.0,0.0,0.0,1.1457999999999993,0.0,0.0,3.029,12.0,103.0
2,0.0,0.0,0.32,0.0,0.65,0.64,0.32,0.32,0.0,0.0,0.0,0.32,0.32,0.0,0.0,0.32,0.32,0.0,2.28,0.0,3.14,0.0,0.0,0.32,0.0,0.0,0.0,0.0,0.0,0.0,0.0,0.0,0.0,0.0,0.0,0.0,0.0,0.0,0.0,0.0,0.0,0.0,0.0,0.0,0.32,0.0,0.0,0.0,0.105,0.0,0.157,0.0,1.494,10.0,139.0
1,0.0,0.0,0.0,0.0,0.0,0.0,0.0,0.0,0.0,0.0,0.0,0.0,0.0,0.0,0.0,0.0,0.0,0.0,0.0,0.0,0.0,0.0,0.0,0.0,0.0,0.0,0.0,0.0,0.0,0.0,0.0,0.0,0.0,0.0,0.0,0.0,0.0,0.0,0.0,0.0,0.0,0.61,0.0,0.0,0.0,0.0,0.0,0.0,0.0,0.0,0.0,0.0,1.375,4.0,11.0
2,0.1,0.1,0.7,0.0,0.6,0.2,0.4,0.1,0.67,0.8,0.1,0.6,0.0,0.0,0.0,0.1,0.0,1.01,2.22,0.35,2.02,0.0,0.0,0.3,0.0,0.0,0.0,0.0,0.0,0.0,0.0,0.0,0.0,0.0,0.1,0.0,0.0,0.0,0.1,0.0,0.0,0.0,0.0,0.0,0.0,0.0,0.0,0.0,0.0,0.977,0.38239999999999963,0.033,3.16,56.0,1046.0
2,0.56,0.0,0.32,0.0,1.13,0.08,0.0,0.0,0.16,0.0,0.08,0.72,0.56,0.0,0.0,0.24,0.91,0.0,4.6,0.0,2.01,0.0,0.0,0.32,0.0,0.0,0.0,0.0,0.0,0.0,0.0,0.0,0.0,0.0,0.0,0.0,0.0,0.0,0.0,0.0,0.0,0.0,0.0,0.0,0.32,0.0,0.0,0.0,0.121,0.337,0.054,0.0,3.502,79.0,606.0
1,0.0,0.08,0.17,0.0,0.0,0.08,0.0,0.34,0.0,0.17,0.08,0.34,0.0,0.0,0.0,0.0,0.87,0.0,0.26,0.0,0.0,0.0,0.0,0.0,2.79,0.69,0.0,0.08,0.0,0.0,0.0,0.0,0.4669999999999982,0.0,0.0,0.26,0.78,0.0,0.17,0.0,0.0,0.0,0.0,0.0,0.0,0.0,0.0,0.133,0.306,0.0,0.013,0.0,3.205,57.0,904.0
1,0.0,0.0,1.29,0.0,0.0,0.0,0.0,0.0,0.0,0.0,0.0,0.0,0.0,0.0,0.0,0.0,0.0,0.0,4.0,0.0,0.0,0.0,0.0,0.0,0.0,0.0,0.0,0.0,0.0,0.0,0.0,0.0,0.0,0.0,0.0,0.0,0.0,0.0,0.0,0.0,0.0,0.0,0.0,0.0,0.0,0.0,0.0,0.0,0.0,0.0,0.0,0.0,1.0,1.0,9.0
1,0.0,0.0,0.59,0.0,0.29,0.59,0.59,0.29,0.0,0.29,0.29,0.0,0.0,0.0,0.0,0.0,0.0,0.89,3.58,0.0,1.49,0.0,0.0,0.0,0.29,0.29,0.0,0.0,0.0,0.0,0.0,0.0,0.0,0.0,0.0,0.0,0.0,0.0,0.0,0.0,0.0,0.0,0.0,0.0,0.29,0.0,0.0,0.089,0.0,0.044,0.134,0.0,1.6,15.0,120.0
2,0.0,0.0,0.0,0.0,0.0,0.0,0.0,0.6,0.0,0.0,0.0,0.0,0.0,0.0,0.0,0.0,0.0,0.0,0.0,0.0,0.0,0.0,0.73,0.0,0.0,0.0,0.0,0.0,0.0,0.0,0.0,0.0,0.0,0.0,0.0,0.0,0.0,0.0,0.0,0.0,0.0,0.0,0.0,0.0,1.08,0.0,0.0,0.0,0.194,0.0,0.38239999999999963,0.0,3.476,16.0,73.0
1,0.0,0.0,0.0,0.0,0.0,0.0,0.0,0.0,0.0,0.0,0.0,0.0,0.0,0.0,0.0,0.0,0.0,0.0,4.76,0.0,1.35,0.0,0.0,0.0,0.0,0.0,0.0,0.0,0.0,0.0,0.0,0.0,0.0,0.0,0.0,0.0,0.0,0.0,0.0,0.0,0.0,0.0,0.0,0.0,1.35,0.0,0.0,0.0,0.0,0.0,0.0,0.0,1.913,6.0,44.0
1,0.0,0.0,0.0,0.0,0.0,0.0,0.0,0.0,0.0,0.0,0.0,0.0,0.0,0.0,0.0,0.0,0.0,0.0,1.58,0.0,0.0,0.0,0.0,0.0,0.0,0.0,0.0,0.0,0.0,0.0,0.0,0.0,0.0,0.0,0.0,0.0,0.63,0.0,0.31,0.0,0.0,0.0,0.0,0.0,0.95,1.166999999999998,0.0,0.0,0.0,0.0,0.0,0.0,2.603,16.0,164.0
2,0.0,0.6169999999999982,0.34,0.0,0.34,0.0,0.0,0.0,0.0,0.0,0.0,0.69,0.0,0.0,0.0,0.34,0.0,1.19,2.09,0.0,1.04,0.0,0.0,0.0,0.0,0.0,0.0,0.0,0.0,0.0,0.0,0.0,0.0,0.0,0.0,0.0,0.0,0.0,0.0,0.0,0.0,0.0,0.0,0.0,0.0,0.0,0.0,0.0,0.056,0.786,0.0,0.0,3.728,61.0,261.0
1,0.0,0.0,0.0,0.0,0.0,0.0,0.0,0.0,0.0,0.0,0.0,0.0,0.0,0.0,0.0,1.36,0.0,0.0,2.32,0.0,0.0,0.0,0.0,0.0,0.0,0.0,0.0,0.0,0.0,0.0,0.0,0.0,0.0,0.0,0.0,0.0,0.0,0.0,0.0,0.0,0.0,0.61,0.0,0.0,0.0,0.0,0.0,0.17069999999999982,0.416,0.0,0.0,0.0,1.0,1.0,9.0
2,0.0,0.0,0.0,0.0,0.0,0.64,0.0,0.0,0.0,0.0,0.0,0.76,0.65,0.0,0.0,0.0,0.0,0.0,2.3,0.0,1.53,0.0,0.0,0.0,0.0,0.0,0.0,0.0,0.0,0.0,0.0,0.0,0.0,0.0,0.0,0.0,0.0,0.0,0.0,0.0,0.0,0.0,0.0,0.0,0.0,0.0,0.0,0.0,0.537,1.1457999999999993,0.38239999999999963,0.0,5.607,25.0,157.0
1,0.0,0.0,0.0,0.0,0.0,0.0,0.0,0.0,0.0,0.0,0.0,0.0,0.0,0.0,0.0,0.0,0.0,0.0,0.0,0.0,0.0,0.0,0.0,0.0,0.0,0.0,0.0,0.0,0.0,0.0,0.0,0.0,0.0,0.0,0.0,0.0,0.0,0.0,0.0,0.0,0.0,0.0,0.0,0.2869999999999982,0.0,0.0,0.0,0.0,0.0,0.0,0.0,0.123,1.75,4.0,21.0
1,0.0,0.0,0.64,0.0,0.32,0.32,0.0,0.0,0.0,0.0,0.0,0.0,0.65,0.0,0.0,0.0,0.32,0.0,0.97,0.0,0.32,0.0,0.0,0.0,0.32,0.32,0.32,0.64,0.0,0.32,0.0,0.0,0.0,0.0,0.32,0.0,0.0,0.0,0.0,0.0,0.0,0.0,0.0,0.0,0.0,0.0,0.0,0.0,0.371,0.0,0.0,0.0,2.05,11.0,82.0
2,0.0,0.6169999999999982,0.62,0.0,0.31,0.0,0.0,0.0,0.0,0.0,0.0,0.62,0.0,0.0,0.0,0.31,0.0,1.19,2.51,0.0,1.25,0.0,0.0,0.0,0.0,0.0,0.0,0.0,0.0,0.0,0.0,0.0,0.0,0.0,0.0,0.0,0.0,0.0,0.0,0.0,0.0,0.0,0.0,0.0,0.31,0.0,0.0,0.0,0.051,0.777,0.0,0.0,3.39,61.0,278.0
1,0.6569999999999983,0.0,0.79,0.0,0.79,0.0,0.0,0.0,0.0,0.0,0.0,0.79,0.0,0.0,0.0,0.0,0.0,0.0,0.79,0.0,0.0,0.0,0.0,0.0,0.0,0.0,0.0,0.0,0.0,0.0,0.0,0.0,0.0,0.0,0.0,0.0,0.0,0.0,0.0,0.0,0.0,0.0,0.0,0.0,0.0,0.0,0.0,0.0,0.0,0.0,0.0,0.14209999999999945,1.166,4.0,42.0
2,0.05,0.05,0.4,0.0,0.34,0.0,0.0,0.0,0.57,0.05,0.0,0.28,0.11,0.0,0.0,0.17,0.0,0.0,1.15,0.05,0.92,0.0,0.0,0.05,0.0,0.0,0.0,0.0,0.05,0.0,0.0,0.0,0.0,0.0,0.0,0.0,0.0,0.0,0.0,0.0,0.0,0.11,0.0,0.0,0.05,0.0,0.0,0.019,0.099,0.089,0.079,0.009,4.913,95.0,1179.3999999999996
1,0.0,0.0,0.0,0.0,0.0,0.0,0.0,0.0,0.0,1.05,0.0,0.0,0.0,0.0,0.0,0.0,0.0,0.0,0.0,0.0,0.0,0.0,0.0,0.0,0.0,0.0,1.05,0.0,0.0,0.0,0.0,0.0,0.0,0.0,0.0,0.0,0.0,0.0,0.0,0.0,0.0,0.0,0.0,0.0,0.0,0.0,0.0,0.0,0.0,0.0,0.0,0.0,4.133,26.0,124.0
1,0.0,0.0,0.0,0.0,0.0,0.0,0.0,0.0,0.0,0.0,0.0,0.0,0.0,0.0,0.0,0.0,0.0,0.0,3.33,0.0,0.0,0.0,0.0,0.0,0.0,0.0,0.0,0.0,0.0,0.0,0.0,0.0,0.0,0.0,0.0,0.0,0.0,0.0,0.0,0.0,0.0,0.0,0.0,0.0,0.0,0.0,0.0,0.0,0.0,0.0,0.0,0.0,1.375,4.0,11.0
2,0.17,0.0,0.08,0.0,0.43,0.08,0.08,0.43,0.08,0.08,0.0,0.6,0.17,0.17,0.0,0.0,0.17,0.08,1.2,0.0,3.14,0.0,0.34,0.08,0.0,0.0,0.0,0.0,0.0,0.0,0.0,0.0,0.0,0.0,0.0,0.0,0.0,0.0,0.0,0.0,0.0,0.0,0.0,0.0,0.0,0.0,0.0,0.0,0.085,0.092,0.014,0.0,4.16,48.0,1140.0
1,0.6569999999999983,0.0,0.0,0.0,0.0,0.0,0.0,0.0,0.0,0.0,0.38,2.0,0.0,0.0,0.0,0.0,0.0,0.0,2.0,0.0,3.14,0.0,0.0,0.0,0.0,0.0,0.0,0.0,0.0,0.0,0.0,0.0,0.0,0.0,0.0,0.0,0.0,0.0,0.0,0.0,0.0,0.0,0.0,0.0,0.0,0.0,0.0,0.0,0.0,0.0,0.0,0.0,5.888,29.0,53.0
2,0.0,0.0,0.0,0.0,0.0,0.0,0.7839999999999964,0.0,0.0,0.0,0.0,0.0,0.0,0.0,0.0,1.23,0.0,0.0,0.0,0.0,0.0,0.0,0.0,0.0,0.0,0.0,0.0,0.0,0.0,0.0,0.0,0.0,0.0,0.0,0.0,0.0,0.0,0.0,0.0,0.0,0.0,0.0,0.0,0.0,0.0,0.0,0.0,0.0,0.0,1.1457999999999993,0.0,0.0,1.379,8.0,40.0
1,0.0,0.0,0.0,0.0,0.0,0.0,0.0,0.0,0.0,0.0,0.0,1.61,0.0,0.0,0.0,0.0,0.0,0.0,4.76,0.0,0.0,0.0,0.0,0.0,0.0,0.0,0.0,0.0,0.0,0.7139999999999963,0.0,0.0,0.0,0.0,0.0,0.0,0.0,0.0,0.0,0.0,0.0,0.0,0.0,0.0,0.0,1.166999999999998,0.0,0.0,0.537,0.0,0.0,0.0,1.727,5.0,19.0
1,0.0,0.0,0.0,0.0,0.0,0.0,0.0,0.0,0.0,0.0,0.0,0.0,0.0,0.0,0.0,0.0,0.0,0.0,4.76,0.0,0.0,0.0,0.0,0.0,0.0,0.0,0.0,0.0,0.0,0.0,0.0,0.0,0.0,0.0,0.0,0.0,0.0,0.0,0.0,0.0,0.0,0.0,0.0,0.0,0.0,0.0,0.0,0.0,0.0,0.653,0.0,0.0,1.666,5.0,10.0
1,0.0,0.33,0.16,0.0,1.15,0.33,0.16,0.0,0.0,1.32,0.0,0.16,0.0,0.16,0.16,0.99,0.0,0.0,2.8,0.0,2.31,0.0,0.33,0.0,0.0,0.0,0.16,0.0,0.0,0.0,0.0,0.0,0.0,0.0,0.0,0.0,0.49,0.0,0.0,0.0,0.0,0.0,0.0,0.0,0.33,0.0,0.0,0.0,0.126,0.076,0.076,0.025,3.401,37.0,364.0
1,0.0,0.0,1.29,0.0,0.0,0.0,0.0,0.0,0.0,0.0,0.0,0.0,0.0,0.0,0.0,0.0,0.0,0.0,0.0,0.0,0.0,0.0,0.0,0.0,0.0,0.0,0.0,0.0,0.0,0.0,0.0,0.0,0.0,0.0,0.0,0.0,0.0,0.0,0.0,0.0,0.0,0.61,0.0,0.0,0.0,0.0,0.0,0.0,0.0,0.0,0.0,0.0,4.368,52.0,83.0
1,0.0,0.6169999999999982,0.0,0.0,0.0,0.0,0.0,0.0,0.0,0.0,0.0,0.0,0.0,0.0,0.0,0.0,0.0,0.0,3.47,0.0,1.73,0.0,0.0,0.0,0.0,0.0,0.0,0.0,0.0,0.0,0.0,0.0,0.0,0.0,0.0,0.0,0.0,0.0,0.0,0.0,0.0,0.0,0.0,0.0,0.0,0.0,0.0,0.0,0.154,0.773,0.0,0.0,1.0,1.0,17.0
2,0.28,0.14,0.14,0.0,0.0,0.0,0.14,0.0,0.42,0.0,0.38,0.98,0.0,0.0,0.0,0.0,0.28,0.0,1.82,0.35,1.12,0.0,0.73,0.28,0.0,0.0,0.0,0.0,0.0,0.0,0.0,0.0,0.0,0.0,0.0,0.0,0.0,0.0,0.0,0.0,0.0,0.0,0.0,0.0,0.0,0.0,0.0,0.0,0.0,0.045,0.342,0.14209999999999945,9.018899999999988,79.0,1179.3999999999996
2,0.0,0.42,0.42,0.0,0.0,0.0,0.0,0.0,0.0,0.0,0.0,0.84,0.0,0.0,0.0,0.0,0.0,0.84,2.95,0.0,2.53,0.0,0.73,0.0,0.0,0.0,0.0,0.0,0.0,0.0,0.0,0.0,0.0,0.0,0.0,0.0,0.0,0.0,0.0,0.0,0.0,0.0,0.0,0.0,0.0,0.0,0.0,0.0,0.075,0.6,0.3,0.0,4.02,82.0,197.0
1,0.0,0.0,0.0,0.0,0.0,0.0,0.0,0.0,0.0,0.76,0.0,0.0,0.0,0.0,0.0,0.0,0.0,0.0,0.0,0.0,0.76,0.0,0.0,0.0,0.0,0.0,0.76,0.0,0.51,0.0,0.0,0.0,0.4669999999999982,0.0,0.0,0.0,0.0,0.0,0.0,0.0,0.0,0.0,0.0,0.0,0.0,0.0,0.0,0.0,0.123,0.0,0.0,0.123,3.7,28.0,148.0
2,0.0,0.0,0.0,0.0,0.6,0.0,0.0,0.0,0.0,0.0,0.0,0.0,0.6,0.0,0.0,1.36,0.0,0.6,0.0,0.0,0.6,0.0,0.6,0.0,0.0,0.0,0.0,0.0,0.0,0.0,0.0,0.0,0.0,0.0,0.0,0.0,0.0,0.0,0.0,0.0,0.0,0.0,0.0,0.0,0.0,0.0,0.0,0.0,0.0,0.412,0.206,0.103,2.3,20.0,237.0
2,0.14,0.14,0.29,0.0,0.0,0.0,0.0,0.0,0.67,0.29,0.14,0.58,0.0,0.0,0.0,0.0,0.0,0.14,2.35,0.14,1.02,0.0,0.0,0.44,0.0,0.0,0.0,0.0,0.0,0.0,0.0,0.0,0.0,0.0,0.0,0.0,0.0,0.0,0.0,0.0,0.0,0.0,0.0,0.0,0.14,0.0,0.0,0.0,0.204,0.153,0.153,0.102,2.705,73.0,368.0
1,0.0,0.0,0.0,0.0,0.0,0.0,0.0,0.0,0.0,0.0,0.0,0.0,0.0,0.0,0.0,0.8,0.0,0.0,2.41,0.0,0.8,0.0,0.0,0.0,0.0,0.0,0.8,0.0,0.0,0.0,0.0,0.0,0.0,0.0,0.0,0.0,0.0,0.0,0.0,0.0,0.0,0.61,0.0,0.0,0.8,0.0,0.0,0.0,0.45,0.0,0.0,0.0,1.2,4.0,30.0
1,0.0,0.0,0.0,0.0,0.0,0.0,0.0,0.0,0.0,0.63,0.0,0.63,0.0,0.0,0.0,0.0,0.0,0.0,0.0,0.0,0.63,0.0,0.0,0.0,2.54,1.7939999999999965,1.91,0.63,0.51,0.63,0.32,0.0,0.0,0.07,0.63,0.63,0.63,0.0,0.53,0.39,0.0,0.0,0.31,0.0,0.63,0.0,0.0,0.0,0.279,0.0,0.0,0.0,1.981,12.0,105.0
1,0.0,0.0,0.76,0.0,0.76,0.0,0.0,0.0,0.0,0.0,0.0,0.0,0.0,0.0,0.0,0.0,0.0,0.0,0.76,0.0,0.0,0.0,0.0,0.0,0.76,0.0,1.52,0.76,0.51,0.7139999999999963,0.32,0.0,0.0,0.07,0.66,0.63,0.76,0.0,0.0,0.39,0.0,0.61,0.0,0.0,1.44,0.0,0.0,0.0,0.254,0.127,0.0,0.0,1.755,11.0,79.0
2,0.0,0.38,0.38,0.0,0.0,0.0,0.0,0.38,0.38,0.0,0.0,0.0,0.0,0.0,0.0,0.38,0.0,0.38,0.38,0.35,0.0,0.0,0.73,0.38,0.0,0.0,0.0,0.0,0.0,0.0,0.0,0.0,0.0,0.0,0.0,0.0,0.0,0.0,0.0,0.0,0.0,0.0,0.0,0.0,0.0,0.0,0.0,0.0,0.35,0.0,0.35,0.0,2.162,8.0,80.0
1,0.0,0.15,0.3,0.0,0.15,0.0,0.0,0.0,0.0,0.0,0.0,1.38,0.15,0.0,0.0,0.0,0.15,0.0,2.6,0.0,1.68,0.0,0.15,0.0,0.0,0.0,0.0,0.0,0.0,0.0,0.0,0.0,0.46,0.0,0.0,0.0,0.3,0.0,0.0,0.0,0.0,0.0,0.0,0.0,0.61,1.166999999999998,0.0,0.023,0.093,0.069,0.0,0.0,2.05,23.0,326.0
2,0.58,0.0,0.0,0.0,1.51,0.0,0.7839999999999964,0.0,0.0,0.0,0.38,0.0,0.0,0.17,0.0,0.58,0.0,0.58,2.92,0.35,2.92,0.0,0.0,0.0,0.0,0.0,0.0,0.0,0.0,0.0,0.0,0.0,0.0,0.0,0.0,0.0,0.0,0.0,0.0,0.0,0.0,0.0,0.0,0.0,0.0,0.0,0.0,0.0,0.27,0.09,0.09,0.0,1.829,9.0,75.0
1,0.0,0.0,0.58,0.0,0.0,0.0,0.0,0.0,0.0,0.0,0.0,0.0,0.0,0.0,0.0,0.0,0.0,0.58,0.0,0.0,0.0,0.0,0.0,0.5769999999999982,1.75,1.16,0.0,0.58,0.0,0.58,0.32,0.0,0.0,0.0,0.58,0.58,0.0,0.0,0.0,0.0,0.0,0.0,0.0,0.0,0.0,0.0,0.0,0.0,0.059,0.0,0.0,0.14209999999999945,2.506,11.0,183.0
1,0.0,0.0,0.0,0.0,0.0,0.0,0.0,0.0,0.0,0.0,0.0,2.22,0.0,0.0,0.0,0.0,0.0,0.0,0.0,0.0,0.0,0.0,0.0,0.0,3.183999999999996,1.7939999999999965,0.0,0.0,0.0,0.0,0.0,0.0,0.0,0.0,0.0,0.0,0.0,0.0,0.0,0.0,0.0,0.0,0.0,0.0,0.0,0.0,0.0,0.0,0.0,0.0,0.0,0.0,1.545,3.0,17.0
1,0.0,0.0,0.0,0.0,0.0,0.0,0.0,0.0,0.0,0.0,0.0,0.0,0.0,0.0,0.0,0.0,0.0,0.0,0.0,0.0,0.0,0.0,0.0,0.0,0.0,0.0,1.916999999999998,0.0,0.0,0.0,0.0,0.0,0.0,0.0,0.0,0.0,0.0,0.0,0.0,0.0,0.0,0.0,0.0,0.0,0.0,0.0,0.0,0.0,0.0,0.0,0.0,0.0,1.5,4.0,9.0
1,0.0,0.0,0.62,0.0,0.0,0.0,0.0,0.0,0.0,0.0,0.0,0.31,0.0,0.0,0.0,0.0,0.0,0.0,3.41,0.0,0.0,0.0,0.0,0.0,0.31,0.0,0.0,0.0,0.0,0.0,0.0,0.0,0.0,0.0,0.0,0.31,0.0,0.0,0.0,0.0,0.0,0.0,0.0,0.0,1.24,0.0,0.0,0.0,0.112,0.225,0.0,0.0,1.866,4.0,28.0
2,0.0,0.0,0.0,0.0,0.0,0.0,0.0,0.0,0.0,0.0,0.0,0.0,0.0,0.0,0.0,0.0,0.0,0.0,0.0,0.0,0.0,0.0,0.0,0.0,0.0,0.0,0.0,0.0,0.0,0.0,0.0,0.0,0.0,0.0,0.0,0.0,0.0,0.0,0.0,0.0,0.0,0.0,0.0,0.0,0.0,0.0,0.0,0.0,0.0,1.1457999999999993,0.0,0.0,1.0,1.0,9.0
1,0.0,0.0,0.0,0.0,0.0,0.0,0.0,0.0,0.0,0.0,0.0,0.53,0.0,0.0,0.0,0.0,0.0,0.0,0.17,0.0,0.0,0.0,0.0,0.0,1.41,1.59,0.0,0.0,0.0,0.0,0.0,0.0,0.17,0.0,0.0,0.0,0.95,0.0,0.0,0.0,0.0,0.0,0.0,0.0,0.0,1.166999999999998,0.0,0.17069999999999982,0.537,0.0,0.0,0.0,4.84,20.0,576.0
1,0.0,0.0,0.0,0.0,0.0,0.0,0.0,0.0,0.0,1.32,0.0,0.0,0.0,0.0,0.0,0.0,0.0,0.0,3.06,0.0,0.0,0.0,0.0,0.0,0.0,0.0,0.0,0.0,0.0,0.0,0.0,0.0,0.0,0.0,0.0,0.0,0.0,0.0,0.0,0.0,0.0,0.0,0.0,0.0,1.02,1.02,0.0,0.0,0.253,0.169,0.169,0.0,1.677,7.0,52.0
1,0.0,0.0,0.0,0.0,0.0,0.0,0.0,0.0,0.0,0.0,0.0,0.32,0.0,0.0,0.0,0.0,0.0,0.32,1.28,0.0,0.32,0.0,0.0,0.0,3.183999999999996,1.7939999999999965,0.96,0.85,0.51,0.32,0.32,0.0,0.0,0.07,0.64,0.32,0.32,0.0,0.0,0.32,0.0,0.0,0.31,0.0,0.96,0.0,0.0,0.17069999999999982,0.211,0.052,0.0,0.105,2.258,15.0,192.0
1,0.0,0.0,0.0,0.0,0.0,0.0,0.0,0.0,0.0,0.0,0.0,0.0,0.0,0.0,0.0,0.0,0.0,0.0,0.0,0.0,0.0,0.0,0.0,0.0,0.0,0.0,0.0,0.0,0.0,0.0,0.0,0.0,0.0,0.0,0.0,0.0,0.0,0.0,0.0,0.0,0.0,0.61,0.0,0.0,0.0,0.0,0.0,0.0,0.0,0.0,0.38239999999999963,0.0,1.25,2.0,10.0
1,0.0,0.0,0.0,0.0,0.0,0.0,0.0,0.0,0.0,1.31,0.0,1.31,0.0,0.0,0.0,0.0,0.0,0.0,4.76,0.0,0.0,0.0,0.0,0.0,2.63,1.31,1.916999999999998,0.85,0.51,0.7139999999999963,0.32,0.0,0.0,0.07,0.66,0.63,0.95,0.0,0.0,0.39,0.0,0.0,0.31,0.0,1.31,0.0,0.0,0.0,0.537,0.0,0.0,0.0,2.214,13.0,62.0
2,0.0,0.0,0.0,0.0,0.0,0.64,0.0,0.0,0.0,0.0,0.0,0.0,0.0,0.0,0.0,0.0,0.0,0.0,3.77,0.0,1.88,0.0,0.0,0.0,0.0,0.0,0.0,0.0,0.0,0.0,0.0,0.0,0.0,0.0,0.0,0.0,0.0,0.0,0.0,0.0,0.0,0.0,0.0,0.0,0.0,0.0,0.0,0.0,0.0,0.0,0.0,0.0,2.307,16.0,30.0
2,0.49,0.0,0.74,0.0,0.24,0.24,0.24,0.49,0.0,0.0,0.38,2.22,0.0,0.0,0.0,0.49,0.91,0.24,3.99,0.0,1.99,0.0,0.0,0.0,0.0,0.0,0.0,0.0,0.0,0.0,0.0,0.0,0.0,0.0,0.0,0.0,0.0,0.0,0.0,0.0,0.0,0.0,0.0,0.0,0.0,0.0,0.0,0.0,0.035,0.315,0.035,0.0,4.071,60.0,228.0
2,0.0,0.0,0.0,0.0,0.0,0.0,0.0,0.0,0.0,0.36,0.0,0.0,0.0,0.0,0.0,0.0,0.0,0.0,2.53,0.0,0.0,0.0,0.0,0.0,0.0,0.0,0.0,0.0,0.0,0.0,0.0,0.0,0.0,0.0,0.0,0.0,0.0,0.0,0.0,0.0,0.0,0.0,0.0,0.0,0.36,0.0,0.0,0.0,0.059,0.118,0.0,0.0,1.307,7.0,68.0
1,0.06,0.03,0.46,0.0,0.13,0.06,0.0,0.03,0.03,0.16,0.19,0.59,0.06,0.03,0.0,0.19,0.0,0.0,1.23,0.19,1.06,0.0,0.0,0.0,1.53,0.23,0.0,0.06,0.0,0.06,0.32,0.0,0.0,0.0,0.13,0.09,0.13,0.0,0.19,0.0,0.0,0.0,0.0,0.06,0.03,0.0,0.0,0.024,0.231,0.019,0.009,0.004,1.885,25.0,1179.3999999999996
1,0.0,0.0,0.0,0.0,0.0,0.0,0.0,0.0,0.0,0.0,0.0,0.0,0.0,0.0,0.0,0.0,0.0,0.0,3.12,0.0,0.0,0.0,0.0,0.0,3.183999999999996,1.7939999999999965,1.916999999999998,0.85,0.51,0.7139999999999963,0.32,0.0,0.0,0.07,0.66,0.63,0.0,0.0,0.0,0.39,0.0,0.0,0.0,0.0,0.0,0.0,0.0,0.0,0.537,0.0,0.0,0.0,3.454,11.0,38.0
1,0.0,0.0,1.29,0.0,0.0,0.0,0.0,0.0,0.0,1.32,0.0,0.0,0.0,0.17,0.0,0.0,0.0,0.0,3.17,0.0,1.58,0.0,0.0,0.0,1.58,0.0,1.916999999999998,0.0,0.51,0.7139999999999963,0.0,0.0,0.0,0.0,0.0,0.63,0.0,0.0,0.0,0.0,0.0,0.0,0.0,0.0,1.44,0.0,0.0,0.0,0.0,0.0,0.0,0.0,1.4,5.0,35.0
1,0.6569999999999983,0.0,0.59,0.0,0.0,0.0,0.0,0.0,0.0,0.0,0.0,1.19,0.0,0.0,0.0,0.0,0.0,0.0,2.97,0.0,1.19,0.0,0.0,0.0,0.0,0.0,0.0,0.0,0.0,0.0,0.0,0.0,0.0,0.0,0.0,0.0,0.0,0.0,0.0,0.0,0.0,0.0,0.0,0.0,0.0,0.0,0.0,0.0,0.0,0.102,0.0,0.0,1.52,7.0,38.0
2,0.17,0.17,0.0,0.0,0.52,0.0,0.0,0.43,0.0,0.17,0.17,0.35,0.0,0.0,0.0,0.87,0.0,0.0,1.4,0.17,0.87,0.0,0.0,0.17,0.0,0.0,0.0,0.0,0.0,0.0,0.0,0.0,0.0,0.0,0.0,0.0,0.0,0.0,0.0,0.0,0.0,0.0,0.0,0.0,0.0,0.0,0.0,0.0,0.376,0.25,0.38239999999999963,0.0,2.742,35.0,617.0
1,0.0,0.0,0.0,0.0,0.0,0.0,0.0,0.0,0.0,0.0,0.0,0.0,0.0,0.0,0.0,0.0,0.0,0.0,0.0,0.0,0.0,0.0,0.0,0.0,0.0,0.0,0.0,0.0,0.0,0.0,0.0,0.0,0.0,0.0,0.0,0.0,0.0,0.0,0.0,0.0,0.0,0.0,0.0,0.0,0.0,0.0,0.0,0.0,0.537,0.0,0.0,0.0,3.2,7.0,16.0
1,0.0,0.0,0.0,0.0,0.0,0.0,0.0,0.0,0.0,0.0,0.0,0.0,0.0,0.0,0.0,0.0,0.0,0.0,0.0,0.0,0.0,0.0,0.0,0.0,0.0,0.0,0.0,0.0,0.0,0.0,0.0,0.0,0.0,0.0,0.0,0.0,0.0,0.0,0.53,0.0,0.0,0.61,0.0,0.0,1.44,0.0,0.0,0.0,0.0,0.0,0.0,0.0,1.888,5.0,17.0
1,0.0,0.0,1.29,0.0,0.68,0.64,0.0,0.0,0.0,0.0,0.0,0.0,0.0,0.0,0.0,0.0,0.0,0.0,2.05,0.0,0.0,0.0,0.0,0.0,0.0,0.0,1.36,0.0,0.0,0.0,0.0,0.0,0.0,0.0,0.0,0.0,0.68,0.0,0.0,0.0,0.0,0.0,0.0,0.0,0.0,0.0,0.0,0.0,0.357,0.0,0.0,0.0,1.294,5.0,44.0
1,0.0,0.6169999999999982,0.0,0.0,0.0,0.0,0.0,0.0,0.0,0.93,0.0,0.0,0.0,0.0,0.0,0.0,0.0,0.0,0.0,0.0,0.0,0.0,0.0,0.0,2.8,1.7939999999999965,1.86,0.85,0.51,0.7139999999999963,0.32,0.0,0.0,0.07,0.66,0.63,0.93,0.0,0.53,0.39,0.0,0.61,0.31,0.0,0.93,0.0,0.0,0.0,0.457,0.0,0.0,0.0,2.097,13.0,86.0
1,0.27,0.0,0.27,0.0,0.0,0.0,0.0,0.0,0.0,0.0,0.0,0.81,0.0,0.0,0.0,0.0,0.0,0.0,0.54,0.0,0.27,0.0,0.0,0.0,3.183999999999996,0.81,0.54,0.27,0.27,0.27,0.27,0.0,0.0,0.07,0.27,0.27,0.54,0.0,0.27,0.27,0.0,0.54,0.31,0.0,0.54,0.0,0.0,0.17069999999999982,0.537,0.0,0.0,0.0,4.891,20.0,675.0
1,0.0,0.0,0.0,0.0,0.0,0.0,0.0,0.0,0.0,0.0,0.0,1.25,0.0,0.0,0.0,0.0,0.0,0.0,1.25,0.0,3.14,0.0,0.0,0.0,0.0,0.0,0.0,0.0,0.0,0.0,0.0,0.0,0.0,0.0,0.0,0.0,0.0,0.0,0.0,0.0,0.0,0.0,0.0,0.0,1.25,0.0,0.0,0.0,0.537,0.0,0.0,0.0,1.411,4.0,24.0
1,0.0,0.0,0.0,0.0,0.0,0.0,0.0,0.0,0.0,0.0,0.0,1.3,0.0,0.0,0.0,0.0,0.0,0.0,0.0,0.0,0.0,0.0,0.0,0.0,0.0,0.0,0.0,0.0,0.0,0.0,0.0,0.0,0.0,0.0,0.0,0.0,0.65,0.0,0.0,0.0,0.0,0.0,0.0,0.0,0.0,0.0,0.0,0.0,0.0,0.0,0.0,0.0,2.342,8.0,89.0
1,0.0,0.0,0.0,0.0,0.0,0.0,0.0,0.0,0.0,0.0,0.0,0.0,0.0,0.0,0.0,0.0,0.0,0.0,0.0,0.0,0.0,0.0,0.0,0.0,0.0,0.0,0.0,0.0,0.0,0.0,0.0,0.0,0.0,0.0,0.0,0.0,0.0,0.0,0.0,0.0,0.0,0.0,0.0,0.0,0.0,0.0,0.0,0.0,0.0,0.0,0.0,0.0,2.333,5.0,9.0
1,0.0,0.0,0.0,0.0,0.0,0.0,0.0,0.0,0.0,0.0,0.0,0.0,0.0,0.0,0.0,0.0,0.0,0.0,3.79,0.0,0.0,0.0,0.0,0.0,0.0,0.0,0.0,0.0,0.0,0.0,0.0,0.0,0.0,0.0,0.0,0.0,0.0,0.0,0.0,0.0,0.0,0.0,0.0,0.0,0.0,0.0,0.0,0.0,0.0,0.0,0.0,0.0,1.0,1.0,9.0
2,0.0,0.5,0.25,0.0,0.5,0.0,0.7839999999999964,0.0,0.0,0.76,0.38,0.5,0.25,0.0,0.0,1.26,0.25,0.25,1.77,0.0,1.26,0.0,0.0,0.0,0.0,0.0,0.0,0.0,0.0,0.0,0.0,0.0,0.0,0.0,0.0,0.0,0.0,0.0,0.0,0.0,0.0,0.0,0.0,0.0,0.25,0.0,0.0,0.0,0.113,0.189,0.0,0.14209999999999945,8.972,156.39999999999964,646.0
2,0.23,0.59,0.23,0.0,0.23,0.11,0.0,0.0,0.67,1.18,0.11,2.0,0.23,0.0,0.0,0.0,0.11,0.0,4.76,0.35,1.77,0.0,0.0,0.23,0.0,0.0,0.0,0.0,0.0,0.0,0.0,0.0,0.0,0.0,0.0,0.0,0.0,0.0,0.0,0.0,0.0,0.0,0.0,0.0,0.11,0.0,0.0,0.0,0.186,0.13,0.168,0.018,5.76,156.39999999999964,795.0
1,0.0,0.6169999999999982,0.0,0.0,0.0,0.0,0.0,0.0,0.0,0.0,0.0,0.0,0.0,0.17,0.0,0.0,0.0,0.0,1.96,0.0,0.98,0.0,0.0,0.0,1.96,1.7939999999999965,1.916999999999998,0.0,0.0,0.0,0.0,0.0,0.0,0.0,0.0,0.0,0.0,0.0,0.0,0.0,0.0,0.0,0.31,0.0,0.0,1.166999999999998,0.0,0.0,0.0,0.0,0.0,0.0,3.129,17.0,97.0
1,0.0,0.0,0.66,0.0,0.0,0.64,0.0,0.0,0.0,0.0,0.0,0.66,0.0,0.0,0.0,0.0,0.0,0.0,1.66,0.0,0.66,0.0,0.0,0.0,0.0,0.0,0.0,0.0,0.0,0.0,0.0,0.0,0.0,0.0,0.0,0.0,0.0,0.0,0.0,0.0,0.0,0.0,0.0,0.2869999999999982,0.33,0.0,0.0,0.0,0.0,0.0,0.0,0.0,1.142,4.0,56.0
2,0.0,0.0,0.0,0.0,0.0,0.0,0.7839999999999964,0.0,0.0,0.0,0.0,0.0,0.0,0.0,0.0,0.0,0.0,0.0,1.33,0.0,3.14,0.0,0.0,0.0,0.0,0.0,0.0,0.0,0.0,0.0,0.0,0.0,0.0,0.0,0.0,0.0,0.0,0.0,0.0,0.0,0.0,0.0,0.0,0.0,0.0,0.0,0.0,0.0,0.0,0.213,0.38239999999999963,0.0,9.018899999999988,156.39999999999964,233.0
2,0.27,0.0,0.27,0.0,0.0,0.0,0.0,0.0,0.0,0.0,0.0,1.62,0.27,0.0,0.0,0.0,0.27,0.0,4.76,0.0,0.81,0.0,0.27,0.0,0.0,0.0,0.0,0.0,0.0,0.0,0.0,0.0,0.0,0.0,0.0,0.0,0.0,0.0,0.27,0.0,0.0,0.0,0.0,0.0,0.0,0.0,0.0,0.0,0.0,0.874,0.051,0.051,5.582,61.0,374.0
2,0.0,0.53,0.0,0.0,0.0,0.53,0.53,0.0,0.0,0.0,0.0,0.0,0.0,0.0,0.0,0.0,0.0,1.19,2.67,0.0,1.6,0.0,0.0,0.0,0.0,0.0,0.0,0.0,0.0,0.0,0.0,0.0,0.0,0.0,0.0,0.0,0.0,0.0,0.0,0.0,0.0,0.0,0.0,0.0,0.0,0.0,0.0,0.0,0.255,0.0,0.0,0.0,2.131,12.0,81.0
1,0.0,0.0,0.0,0.0,0.0,0.0,0.0,0.0,0.0,0.0,0.0,0.0,0.0,0.0,0.0,0.0,0.0,0.0,4.0,0.0,0.0,0.0,0.0,0.0,0.0,0.0,0.0,0.0,0.0,0.0,0.0,0.0,0.0,0.0,0.0,0.0,0.0,0.0,0.53,0.0,0.0,0.0,0.0,0.0,0.0,0.0,0.0,0.0,0.0,0.724,0.0,0.0,2.285,8.0,16.0
2,0.0,0.0,0.83,0.0,1.51,0.41,0.0,0.0,0.0,0.0,0.0,0.41,0.0,0.0,0.0,0.41,0.0,0.0,2.08,0.0,3.14,0.0,0.0,0.0,0.0,0.0,0.0,0.0,0.0,0.0,0.0,0.0,0.0,0.0,0.0,0.0,0.0,0.0,0.0,0.0,0.0,0.0,0.0,0.0,0.0,0.0,0.0,0.0,0.218,0.0,0.0,0.0,2.35,12.0,134.0
2,0.0,0.0,0.0,0.0,0.0,0.0,0.0,0.6,0.0,0.0,0.0,0.0,0.0,0.0,0.0,1.36,0.0,0.0,1.49,0.0,0.0,0.0,0.0,0.0,0.0,0.0,0.0,0.0,0.0,0.0,0.0,0.0,0.4669999999999982,0.0,0.0,0.0,0.0,0.0,0.0,0.0,0.0,0.0,0.0,0.0,0.0,0.0,0.0,0.0,0.0,0.109,0.0,0.0,2.263,24.0,86.0
1,0.0,0.0,0.0,0.0,0.0,0.0,0.0,0.0,0.0,0.0,0.0,1.06,0.0,0.0,0.0,0.0,0.0,0.0,1.06,0.0,0.0,0.0,0.0,0.0,3.183999999999996,1.06,0.0,0.0,0.0,0.0,0.0,0.0,0.0,0.0,0.0,0.0,0.95,0.0,0.53,0.0,0.0,0.0,0.0,0.0,0.0,0.0,0.0,0.0,0.168,0.168,0.0,0.0,1.75,7.0,63.0
1,0.0,0.0,0.0,0.0,0.0,0.0,0.0,0.0,0.0,0.0,0.0,0.0,0.0,0.0,0.0,0.0,0.0,0.0,3.44,0.0,0.0,0.0,0.0,0.0,0.0,0.0,0.0,0.0,0.0,0.0,0.0,0.0,0.0,0.0,0.0,0.0,0.0,0.0,0.0,0.0,0.0,0.0,0.0,0.0,1.44,0.0,0.0,0.0,0.0,0.0,0.0,0.0,1.6,4.0,9.0
2,0.0,0.0,1.1,0.0,0.55,0.0,0.0,0.0,0.0,0.55,0.0,0.0,0.0,0.0,0.0,0.55,0.0,0.0,2.2,0.0,1.1,0.0,0.0,0.0,0.0,0.0,0.0,0.0,0.0,0.0,0.0,0.0,0.0,0.0,0.0,0.0,0.0,0.0,0.0,0.0,0.0,0.0,0.0,0.0,0.55,0.0,0.0,0.0,0.097,0.683,0.0,0.0,2.338,19.0,145.0
2,0.13,0.27,0.83,0.0,0.13,0.13,0.0,0.6,0.41,0.13,0.0,0.55,0.27,0.13,0.16,0.13,0.13,0.27,4.31,0.13,2.08,0.0,0.13,0.27,0.0,0.0,0.0,0.0,0.0,0.0,0.0,0.0,0.0,0.0,0.0,0.0,0.0,0.0,0.0,0.0,0.0,0.0,0.0,0.0,0.41,0.0,0.0,0.0,0.025,0.379,0.05,0.0,2.329,15.0,219.0
1,0.0,0.0,0.0,0.0,0.24,0.0,0.0,0.0,0.0,0.0,0.0,0.24,0.0,0.0,0.0,0.0,0.0,0.0,0.0,0.0,0.0,0.0,0.0,0.0,0.0,0.0,0.0,0.0,0.0,0.0,0.0,0.0,0.4669999999999982,0.0,0.0,0.24,0.0,0.0,0.0,0.0,0.0,0.0,0.0,0.0,0.0,0.24,0.0,0.0,0.195,0.0,0.0,0.0,2.192,35.0,239.0
2,0.19,0.0,0.0,0.0,0.09,0.09,0.19,0.0,0.0,0.09,0.09,0.69,0.09,0.0,0.0,0.0,0.0,0.19,1.38,0.0,0.49,0.0,0.39,0.0,0.0,0.0,0.0,0.0,0.0,0.0,0.0,0.0,0.0,0.0,0.0,0.09,0.0,0.0,0.0,0.0,0.0,0.0,0.0,0.0,0.0,0.0,0.0,0.017,0.068,0.586,0.189,0.017,2.349,31.0,477.0
2,0.0,0.0,0.15,0.0,0.15,0.0,0.0,0.0,0.0,0.0,0.0,0.0,0.0,0.0,0.0,0.0,0.0,0.0,2.56,0.35,2.11,0.0,0.15,0.0,0.0,0.0,0.0,0.0,0.0,0.0,0.0,0.0,0.0,0.0,0.0,0.0,0.0,0.0,0.0,0.0,0.0,0.0,0.0,0.0,0.15,0.0,0.0,0.0,0.051,0.255,0.076,0.14209999999999945,6.3,37.0,1179.3999999999996
2,0.0,0.0,0.32,0.0,0.65,0.32,0.32,0.32,0.0,0.0,0.38,1.3,0.0,0.0,0.0,0.98,0.0,0.65,2.61,0.35,3.14,0.0,0.0,0.5769999999999982,0.0,0.0,0.0,0.0,0.0,0.0,0.0,0.0,0.0,0.0,0.0,0.0,0.0,0.0,0.0,0.0,0.0,0.0,0.0,0.0,0.0,0.0,0.0,0.0,0.051,0.103,0.0,0.103,5.85,137.0,234.0
2,0.22,0.6169999999999982,0.44,0.0,0.22,0.0,0.0,0.0,0.67,1.32,0.0,0.88,0.65,0.0,0.16,0.66,0.0,1.19,2.87,0.0,1.54,0.0,0.0,0.22,0.0,0.0,0.0,0.0,0.0,0.0,0.0,0.0,0.0,0.0,0.0,0.0,0.0,0.0,0.0,0.39,0.0,0.0,0.0,0.0,0.0,0.0,0.0,0.0,0.085,0.659,0.114,0.028,9.018899999999988,65.0,728.0
1,0.0,0.0,0.0,0.0,0.0,0.0,0.0,0.0,0.0,0.0,0.0,0.0,0.0,0.0,0.0,0.0,0.0,0.0,0.0,0.0,0.0,0.0,0.0,0.0,0.0,0.0,0.0,0.0,0.0,0.0,0.0,0.0,0.0,0.0,0.0,0.0,0.0,0.0,0.0,0.0,0.0,0.0,0.0,0.0,0.0,0.0,0.0,0.0,0.0,0.0,0.0,0.0,1.6,4.0,9.0
1,0.0,0.04,0.25,0.0,0.04,0.04,0.0,0.0,0.16,0.08,0.2,0.62,0.0,0.0,0.0,0.16,0.04,0.0,0.71,0.0,0.41,0.0,0.12,0.0,2.01,0.41,0.0,0.12,0.0,0.08,0.12,0.0,0.0,0.0,0.04,0.0,0.2,0.0,0.0,0.0,0.0,0.0,0.0,0.08,0.08,0.0,0.0,0.012,0.274,0.031,0.056,0.0,1.83,23.0,1179.3999999999996
1,0.0,0.0,0.0,0.0,0.0,0.0,0.0,0.0,0.0,0.0,0.0,0.92,0.0,0.0,0.0,0.0,0.0,0.92,3.7,0.0,0.92,0.0,0.0,0.0,0.0,0.0,0.0,0.0,0.0,0.0,0.0,0.0,0.0,0.0,0.0,0.0,0.0,0.0,0.0,0.0,0.0,0.0,0.0,0.0,0.92,1.166999999999998,0.0,0.0,0.295,0.0,0.0,0.0,2.535,12.0,71.0
2,0.0,0.0,0.48,0.0,1.46,0.0,0.48,0.0,0.0,0.0,0.0,0.97,0.0,0.0,0.0,0.48,0.91,0.0,2.43,0.0,2.43,0.0,0.48,0.0,0.0,0.0,0.0,0.0,0.0,0.0,0.0,0.0,0.0,0.0,0.0,0.0,0.0,0.0,0.0,0.0,0.0,0.0,0.0,0.0,0.48,0.0,0.0,0.0,0.081,0.488,0.244,0.0,5.431,78.0,239.0
1,0.0,0.0,1.29,0.0,1.51,0.0,0.0,0.0,0.0,0.0,0.0,0.0,0.0,0.0,0.0,0.0,0.0,0.0,0.0,0.0,3.14,0.0,0.0,0.0,0.0,0.0,0.0,0.0,0.0,0.0,0.0,0.0,0.0,0.0,0.0,0.0,0.0,0.0,0.0,0.0,0.0,0.61,0.0,0.0,0.0,0.0,0.0,0.0,0.0,0.0,0.0,0.0,1.0,1.0,9.0
1,0.0,0.0,0.0,0.0,0.64,0.0,0.0,0.0,0.67,0.0,0.0,0.64,0.0,0.0,0.0,0.0,0.0,0.0,0.0,0.0,1.28,0.0,0.0,0.0,0.0,0.0,1.28,0.0,0.0,0.0,0.0,0.0,0.0,0.0,0.0,0.0,0.64,0.0,0.0,0.0,0.0,0.0,0.0,0.0,0.64,0.0,0.0,0.0,0.0,0.197,0.0,0.0,2.35,13.0,94.0
2,0.0,0.0,0.0,0.0,0.88,0.0,0.0,0.0,0.0,0.0,0.38,0.44,0.0,0.0,0.0,0.0,0.0,0.44,1.32,0.0,1.32,0.0,0.0,0.0,0.44,0.44,0.0,0.0,0.0,0.0,0.0,0.0,0.0,0.0,0.0,0.0,0.0,0.0,0.0,0.0,0.0,0.0,0.0,0.0,0.0,0.0,0.0,0.072,0.072,0.291,0.0,0.0,1.348,3.0,58.0
1,0.0,0.0,0.0,0.0,0.0,0.0,0.0,0.0,0.0,0.0,0.0,0.0,0.0,0.0,0.0,0.0,0.0,0.0,0.0,0.0,0.0,0.0,0.0,0.0,3.183999999999996,1.7939999999999965,1.916999999999998,0.85,0.51,0.7139999999999963,0.32,0.0,0.0,0.07,0.66,0.63,0.0,0.0,0.0,0.39,0.0,0.0,0.0,0.0,0.0,0.0,0.0,0.0,0.537,0.0,0.0,0.0,3.333,11.0,30.0
2,0.53,0.0,0.0,0.0,0.0,0.0,0.0,0.0,0.0,0.0,0.0,0.0,0.0,0.0,0.0,0.0,0.53,0.0,1.6,0.0,1.06,0.0,0.0,0.0,0.0,0.0,0.0,0.0,0.0,0.0,0.0,0.0,0.0,0.0,0.0,0.0,0.0,0.0,0.0,0.0,0.0,0.0,0.0,0.0,0.0,0.0,0.0,0.0,0.062,0.311,0.0,0.0,1.954,11.0,43.0
2,0.6569999999999983,0.0,0.93,0.0,0.93,0.64,0.0,0.6,0.0,0.0,0.0,0.0,0.65,0.0,0.0,0.0,0.0,0.0,3.73,0.0,2.8,0.0,0.0,0.0,0.0,0.0,0.0,0.0,0.0,0.0,0.0,0.0,0.0,0.0,0.0,0.0,0.0,0.0,0.0,0.0,0.0,0.0,0.0,0.0,0.0,0.0,0.0,0.0,0.343,0.343,0.171,0.0,2.235,15.0,38.0
2,0.05,0.07,0.1,0.0,0.76,0.05,0.15,0.02,0.55,0.0,0.1,0.47,0.02,0.0,0.0,0.0,0.02,0.13,2.09,0.1,1.57,0.0,0.05,0.0,0.0,0.0,0.0,0.0,0.0,0.0,0.0,0.0,0.0,0.0,0.0,0.02,0.1,0.0,0.0,0.0,0.0,0.0,0.0,0.0,0.0,0.0,0.0,0.042,0.101,0.25,0.046,0.059,2.569,66.0,1179.3999999999996
2,0.0,0.0,0.0,0.0,0.0,0.0,0.0,0.0,0.0,0.0,0.0,0.0,0.0,0.0,0.0,0.0,0.0,0.0,0.0,0.0,0.0,0.0,0.0,0.0,0.0,0.0,0.0,0.0,0.0,0.0,0.0,0.0,0.0,0.0,0.0,0.0,0.95,0.0,0.0,0.0,0.0,0.0,0.0,0.0,0.0,0.0,0.0,0.17069999999999982,0.537,1.1457999999999993,0.0,0.0,5.5,22.0,66.0
1,0.0,0.0,0.0,0.0,0.82,0.0,0.0,0.0,0.0,0.0,0.0,0.0,0.0,0.0,0.0,0.0,0.0,0.0,0.82,0.0,0.0,0.0,0.0,0.0,3.183999999999996,1.7939999999999965,1.65,0.82,0.51,0.7139999999999963,0.32,0.0,0.0,0.07,0.66,0.63,0.0,0.0,0.0,0.39,0.0,0.0,0.0,0.0,0.82,0.0,0.0,0.0,0.361,0.24,0.0,0.0,4.666,34.0,126.0
2,0.0,0.47,0.0,0.0,0.0,0.47,0.0,0.0,0.23,0.23,0.0,1.19,0.47,0.0,0.0,0.23,0.0,0.47,2.63,0.0,0.47,0.0,0.0,0.23,0.0,0.0,0.0,0.0,0.0,0.0,0.0,0.0,0.0,0.0,0.23,0.0,0.23,0.0,0.0,0.0,0.0,0.0,0.0,0.0,0.0,0.0,0.0,0.0,0.0,0.327,0.38239999999999963,0.046,5.769,72.0,450.0
1,0.0,0.0,0.0,0.0,0.0,0.0,0.0,0.0,0.0,0.0,0.0,0.0,0.0,0.0,0.16,0.0,0.0,0.44,0.0,0.0,0.0,0.0,0.0,0.0,0.44,0.44,0.0,0.85,0.0,0.0,0.0,0.0,0.0,0.0,0.44,0.0,0.0,0.0,0.0,0.0,0.0,0.0,0.0,0.2869999999999982,0.0,0.0,0.0,0.0,0.119,0.0,0.0,0.0,1.842,15.0,105.0
1,0.0,0.0,0.0,0.0,0.0,0.0,0.0,0.0,0.0,0.0,0.0,0.0,0.0,0.0,0.0,0.0,0.0,0.0,0.0,0.0,0.0,0.0,0.0,0.0,0.0,0.0,1.916999999999998,0.0,0.0,0.0,0.0,0.0,0.0,0.0,0.0,0.0,0.0,0.0,0.0,0.0,0.0,0.0,0.0,0.0,0.0,0.0,0.0,0.0,0.0,0.0,0.0,0.0,1.5,3.0,9.0
1,0.0,0.11,0.11,0.0,0.34,0.0,0.0,0.0,0.11,0.69,0.34,0.23,0.11,0.0,0.0,0.0,0.0,0.11,0.81,0.0,0.46,0.0,0.34,0.0,0.0,0.0,0.0,0.0,0.0,0.0,0.0,0.0,0.0,0.0,0.0,0.11,0.23,0.0,0.11,0.0,0.0,0.0,0.0,0.0,0.0,0.92,0.0,0.017,0.153,0.017,0.068,0.017,3.441,35.0,499.0
1,0.0,0.6169999999999982,0.0,0.0,0.55,0.0,0.0,0.0,0.0,1.1,0.0,0.0,0.0,0.0,0.0,0.0,0.0,0.55,0.0,0.0,1.1,0.0,0.0,0.0,0.55,0.55,1.916999999999998,0.0,0.0,0.0,0.0,0.0,0.0,0.07,0.0,0.0,0.95,0.0,0.53,0.0,0.0,0.0,0.31,0.0,0.55,0.0,0.0,0.088,0.355,0.177,0.0,0.0,1.867,22.0,127.0
1,0.17,0.35,0.0,0.0,0.0,0.0,0.0,0.0,0.0,0.35,0.0,0.17,0.0,0.0,0.0,0.0,0.0,0.0,1.94,0.0,0.7,0.0,0.0,0.17,0.17,0.17,0.88,0.0,0.0,0.17,0.0,0.0,0.0,0.07,0.0,0.0,0.35,0.0,0.0,0.0,0.0,0.0,0.0,0.0,0.53,0.17,0.0,0.0,0.031,0.031,0.0,0.0,1.564,21.0,194.0
1,0.0,0.0,0.0,0.0,0.0,0.0,0.0,0.0,0.0,0.0,0.0,0.9,0.0,0.0,0.0,0.0,0.0,0.6,0.6,0.0,0.6,0.0,0.0,0.0,0.0,0.3,0.0,0.0,0.0,0.0,0.0,0.0,0.0,0.0,0.0,0.0,0.0,0.0,0.0,0.0,0.0,0.0,0.0,0.0,0.0,0.0,0.0,0.0,0.173,0.0,0.129,0.0,3.266,31.0,196.0
1,0.0,0.0,0.0,0.0,0.0,0.0,0.0,0.0,0.0,0.0,0.0,0.55,0.55,0.0,0.0,0.0,0.0,0.0,1.65,0.0,0.55,0.0,0.0,0.0,1.1,0.55,0.0,0.0,0.0,0.55,0.32,0.0,0.0,0.0,0.0,0.0,0.55,0.0,0.0,0.0,0.0,0.0,0.0,0.0,0.0,0.0,0.0,0.087,0.0,0.0,0.0,0.0,1.657,8.0,58.0
2,0.0,0.0,0.39,0.0,1.17,0.0,0.0,0.0,0.0,0.78,0.0,0.39,0.0,0.0,0.0,0.39,0.78,0.0,2.73,0.0,1.17,0.0,0.39,0.0,0.0,0.0,0.0,0.0,0.0,0.0,0.0,0.0,0.0,0.0,0.0,0.0,0.0,0.0,0.0,0.0,0.0,0.0,0.0,0.0,1.17,0.0,0.0,0.0,0.062,0.869,0.186,0.0,4.0,78.0,256.0
1,0.0,0.0,0.0,0.0,0.0,0.0,0.0,0.0,0.0,0.58,0.0,0.0,0.0,0.0,0.0,0.0,0.0,0.0,1.17,0.0,1.17,0.0,0.0,0.0,0.0,0.0,0.0,0.0,0.51,0.0,0.0,0.0,0.0,0.0,0.0,0.0,0.0,0.0,0.0,0.0,0.0,0.0,0.0,0.0,0.0,0.0,0.0,0.0,0.537,0.0,0.0,0.0,1.64,5.0,146.0
1,0.0,0.0,0.82,0.0,0.82,0.0,0.0,0.0,0.0,0.0,0.0,0.82,0.0,0.0,0.0,0.0,0.82,0.0,0.0,0.0,0.0,0.0,0.0,0.0,0.0,1.65,0.0,0.0,0.0,0.7139999999999963,0.0,0.0,0.0,0.0,0.0,0.0,0.0,0.0,0.0,0.0,0.0,0.0,0.0,0.0,0.82,0.0,0.0,0.0,0.0,0.119,0.0,0.0,1.272,6.0,42.0
1,0.0,0.0,0.2,0.0,0.0,0.0,0.0,0.2,0.0,0.2,0.0,0.0,0.0,0.0,0.0,0.0,0.0,0.2,0.2,0.0,0.0,0.0,0.0,0.0,0.2,0.2,0.0,0.41,0.0,0.0,0.0,0.0,0.2,0.0,0.2,0.0,0.2,0.0,0.0,0.0,0.0,0.0,0.0,0.0,0.0,0.0,0.0,0.0,0.148,0.0,0.0,0.0,1.669,15.0,187.0
1,0.0,0.0,0.0,0.0,0.0,0.0,0.0,0.0,0.0,0.0,0.0,1.25,0.0,0.0,0.0,0.0,0.0,0.0,2.5,0.0,0.0,0.0,0.0,0.0,0.0,0.0,0.0,0.0,0.0,0.0,0.0,0.0,0.0,0.0,0.0,0.0,0.0,0.0,0.53,0.0,0.0,0.0,0.0,0.2869999999999982,0.62,0.0,0.0,0.0,0.356,0.594,0.0,0.0,2.125,16.0,34.0
2,0.1,0.2,1.01,0.0,0.8,0.64,0.5,0.0,0.67,0.1,0.3,0.7,0.3,0.0,0.16,0.1,0.0,1.11,1.31,0.2,0.7,0.0,0.6,0.1,0.0,0.0,0.0,0.0,0.0,0.0,0.0,0.0,0.0,0.0,0.0,0.0,0.0,0.0,0.0,0.0,0.0,0.0,0.2,0.0,0.1,0.1,0.0,0.0,0.11,0.488,0.157,0.015,8.55,156.39999999999964,1179.3999999999996
1,0.0,0.0,0.26,0.0,0.26,0.13,0.0,0.0,0.0,0.0,0.0,0.52,0.0,0.0,0.0,0.0,0.39,0.0,1.05,0.0,1.05,0.0,0.0,0.0,0.39,0.0,0.0,0.0,0.0,0.0,0.0,0.0,0.0,0.0,0.0,0.13,0.0,0.0,0.0,0.0,0.0,0.0,0.0,0.0,0.0,0.0,0.0,0.017,0.089,0.035,0.053,0.053,5.189,107.0,685.0
2,0.3,0.0,0.0,0.0,0.61,0.64,0.0,0.6,0.0,0.0,0.0,0.3,0.65,0.0,0.0,0.0,0.0,0.3,2.76,0.0,0.61,0.0,0.3,0.5769999999999982,0.0,0.0,0.0,0.0,0.0,0.0,0.0,0.0,0.0,0.0,0.0,0.0,0.3,0.0,0.0,0.0,0.0,0.0,0.0,0.0,0.0,0.0,0.0,0.0,0.051,0.207,0.207,0.0,2.132,30.0,226.0
2,0.1,0.0,0.41,0.0,0.1,0.1,0.1,0.52,0.1,0.0,0.0,0.62,0.0,0.17,0.0,0.0,0.1,0.0,0.0,0.0,0.0,0.0,0.73,0.0,0.0,0.0,0.0,0.0,0.0,0.0,0.0,0.0,0.0,0.0,0.0,0.0,0.0,0.0,0.0,0.0,0.0,0.0,0.0,0.0,0.0,0.0,0.0,0.0,0.048,0.016,0.064,0.0,1.915,29.0,339.0
2,0.0,0.0,1.29,0.0,0.0,0.0,0.0,0.0,0.0,0.0,0.0,0.0,0.0,0.0,0.0,0.0,0.91,0.0,1.92,0.0,1.92,0.0,0.0,0.0,0.0,0.0,0.0,0.0,0.0,0.0,0.0,0.0,0.0,0.0,0.0,0.0,0.0,0.0,0.0,0.0,0.0,0.0,0.0,0.0,0.0,0.0,0.0,0.0,0.0,1.1457999999999993,0.0,0.0,1.21,3.0,23.0
1,0.0,0.0,0.0,0.0,0.0,0.0,0.0,0.0,0.0,0.0,0.0,0.0,0.0,0.0,0.0,0.0,0.0,0.0,0.0,0.0,0.86,0.0,0.0,0.0,0.86,0.86,0.86,0.85,0.51,0.7139999999999963,0.0,0.0,0.0,0.0,0.66,0.0,0.0,0.0,0.0,0.0,0.0,0.0,0.0,0.0,0.0,0.0,0.0,0.0,0.131,0.0,0.0,0.0,1.74,11.0,47.0
2,0.0,0.0,0.71,0.0,0.17,0.0,0.35,0.35,0.0,0.17,0.17,0.35,0.0,0.0,0.0,0.35,0.0,0.17,0.53,0.0,0.17,0.0,0.35,0.0,0.0,0.0,0.0,0.0,0.0,0.0,0.0,0.0,0.0,0.0,0.0,0.0,0.35,0.0,0.0,0.0,0.0,0.0,0.0,0.0,0.0,0.0,0.0,0.0,0.057,0.057,0.171,0.0,1.974,34.0,229.0
2,0.0,0.6169999999999982,1.29,0.0,0.0,0.37,0.0,0.37,0.67,1.11,0.37,0.74,0.0,0.17,0.0,0.37,0.37,0.37,1.48,0.0,2.6,0.0,0.0,0.0,0.0,0.0,0.0,0.0,0.0,0.0,0.0,0.0,0.0,0.0,0.0,0.0,0.95,0.0,0.0,0.0,0.0,0.0,0.0,0.0,0.37,0.0,0.0,0.0,0.336,1.1457999999999993,0.38239999999999963,0.067,9.018899999999988,156.39999999999964,736.0
1,0.0,0.0,0.0,0.0,0.0,0.0,0.0,0.0,0.0,0.0,0.0,0.0,0.0,0.0,0.0,0.0,0.0,0.0,0.0,0.0,0.0,0.0,0.0,0.0,0.0,0.0,0.0,0.0,0.0,0.0,0.0,0.0,0.0,0.0,0.0,0.0,0.0,0.0,0.0,0.0,0.0,0.0,0.0,0.0,0.0,0.0,0.0,0.0,0.0,0.0,0.0,0.0,2.0,3.0,9.0
2,0.0,0.0,0.77,0.0,0.77,0.0,0.51,0.51,0.0,1.03,0.0,0.25,0.65,0.0,0.16,0.0,0.0,1.19,1.8,0.0,1.54,0.0,0.73,0.0,0.0,0.0,0.0,0.0,0.0,0.0,0.0,0.0,0.0,0.0,0.0,0.0,0.0,0.0,0.0,0.39,0.0,0.0,0.0,0.0,0.0,0.0,0.0,0.0,0.079,0.514,0.38239999999999963,0.0,2.441,19.0,249.0
2,0.06,0.12,0.77,0.0,0.19,0.32,0.38,0.0,0.06,0.0,0.0,0.64,0.25,0.0,0.12,0.0,0.0,0.12,1.67,0.06,0.7,0.0,0.19,0.0,0.0,0.0,0.0,0.0,0.0,0.0,0.0,0.0,0.0,0.0,0.0,0.0,0.0,0.0,0.0,0.0,0.0,0.0,0.0,0.06,0.0,0.0,0.0,0.04,0.03,0.244,0.071,0.0,1.732,43.0,750.0
2,0.51,0.43,0.29,0.0,0.14,0.03,0.0,0.18,0.54,0.62,0.29,0.65,0.65,0.17,0.03,0.21,0.43,0.03,2.99,0.0,1.35,0.0,0.51,0.5769999999999982,0.0,0.0,0.0,0.0,0.0,0.0,0.0,0.0,0.0,0.0,0.0,0.0,0.0,0.0,0.0,0.0,0.0,0.0,0.0,0.0,0.03,0.0,0.0,0.012,0.078,0.478,0.38239999999999963,0.127,6.518,156.39999999999964,1179.3999999999996
1,0.0,0.0,0.48,0.0,0.0,0.0,0.0,0.0,0.0,0.0,0.0,0.0,0.0,0.0,0.0,0.0,0.48,0.0,0.0,0.0,0.0,0.0,0.0,0.0,0.96,1.7939999999999965,0.0,0.0,0.0,0.48,0.0,0.0,0.0,0.0,0.0,0.63,0.48,0.0,0.0,0.0,0.0,0.0,0.0,0.0,0.48,0.0,0.0,0.0,0.0,0.0,0.0,0.0,1.353,7.0,88.0
1,0.0,0.0,0.0,0.0,0.0,0.0,0.0,0.0,0.0,0.0,0.0,1.29,0.0,0.0,0.0,0.0,0.0,0.0,0.0,0.0,0.0,0.0,0.0,0.0,0.0,0.0,0.0,0.0,0.0,0.0,0.0,0.0,0.0,0.0,0.0,0.0,0.64,0.0,0.0,0.0,0.0,0.0,0.0,0.0,0.0,0.0,0.0,0.0,0.0,0.0,0.0,0.0,2.275,8.0,91.0
1,0.0,0.0,0.0,0.0,0.0,0.0,0.0,0.0,0.0,0.0,0.0,1.69,0.0,0.0,0.0,0.0,0.0,1.19,0.0,0.0,1.69,0.0,0.0,0.0,0.0,0.0,0.0,0.0,0.0,0.0,0.0,0.0,0.0,0.0,0.0,0.0,0.0,0.0,0.0,0.0,0.0,0.0,0.0,0.0,1.44,0.0,0.0,0.0,0.0,0.278,0.0,0.0,1.777,4.0,32.0
1,0.0,0.0,0.0,0.0,0.0,0.0,0.0,0.0,0.0,0.0,0.0,0.0,0.0,0.0,0.0,0.0,0.0,0.0,1.31,0.0,0.0,0.0,0.0,0.0,0.0,0.0,0.0,0.0,0.0,0.0,0.0,0.0,0.0,0.0,0.0,0.0,0.0,0.0,0.0,0.0,0.0,0.0,0.0,0.0,0.65,0.0,0.0,0.127,0.0,0.0,0.0,0.0,1.137,3.0,33.0
2,0.0,0.0,0.0,0.0,0.49,0.0,0.7839999999999964,0.0,0.0,0.0,0.0,0.98,0.0,0.0,0.0,0.0,0.91,0.0,2.45,0.0,1.96,0.0,0.0,0.0,0.0,0.0,0.0,0.0,0.0,0.0,0.0,0.0,0.0,0.0,0.0,0.0,0.0,0.0,0.0,0.0,0.0,0.0,0.0,0.0,0.0,0.0,0.0,0.064,0.258,0.645,0.064,0.064,3.552,25.0,135.0
2,0.0,0.0,0.56,0.0,0.0,0.0,0.0,0.0,0.0,1.12,0.0,0.0,0.0,0.0,0.0,0.0,0.0,0.0,1.69,0.0,0.56,0.0,0.0,0.0,0.0,0.0,0.0,0.0,0.0,0.0,0.0,0.0,0.0,0.0,0.0,0.0,0.0,0.0,0.0,0.0,0.0,0.0,0.0,0.0,0.0,0.0,0.0,0.0,0.493,0.394,0.0,0.14209999999999945,3.537,22.0,237.0
1,0.0,0.0,0.0,0.0,0.0,0.0,0.0,0.0,0.0,0.0,0.0,0.0,0.0,0.0,0.0,0.0,0.0,0.0,1.88,0.0,0.47,0.0,0.0,0.0,2.83,1.7939999999999965,1.88,0.85,0.51,0.7139999999999963,0.32,0.0,0.0,0.07,0.66,0.47,0.47,0.0,0.0,0.39,0.0,0.0,0.31,0.0,1.41,0.0,0.0,0.0,0.144,0.072,0.0,0.0,2.0,13.0,168.0
1,0.0,0.6169999999999982,1.29,0.0,1.29,0.0,0.0,0.0,0.0,0.0,0.0,1.29,0.0,0.0,0.0,0.0,0.0,0.0,2.59,0.0,0.0,0.0,0.0,0.0,0.0,0.0,1.29,0.0,0.0,0.0,0.0,0.0,0.0,0.0,0.0,0.0,0.0,0.0,0.0,0.0,0.0,0.0,0.0,0.0,1.29,0.0,0.0,0.0,0.0,0.0,0.0,0.0,1.0,1.0,13.0
2,0.0,0.0,0.0,0.0,0.0,0.0,0.0,0.0,0.67,0.0,0.0,0.0,0.0,0.0,0.0,0.0,0.0,0.0,0.91,0.0,2.75,0.0,0.0,0.0,0.0,0.0,0.0,0.0,0.0,0.0,0.0,0.0,0.0,0.0,0.0,0.0,0.0,0.0,0.0,0.0,0.0,0.0,0.0,0.0,0.0,0.0,0.0,0.0,0.143,0.572,0.0,0.0,2.9,28.0,87.0
2,0.09,0.0,0.09,0.0,0.39,0.09,0.09,0.0,0.19,0.29,0.38,0.48,0.0,0.17,0.0,0.87,0.19,0.0,1.66,0.35,1.66,0.0,0.39,0.19,0.0,0.0,0.0,0.0,0.0,0.0,0.0,0.0,0.0,0.0,0.0,0.0,0.0,0.0,0.0,0.0,0.0,0.0,0.0,0.0,0.0,0.0,0.0,0.0,0.14,0.326,0.155,0.0,6.813,156.39999999999964,1179.3999999999996
1,0.0,0.0,0.0,0.0,0.32,0.0,0.0,0.0,0.0,0.0,0.0,0.32,0.0,0.0,0.0,0.0,0.0,0.32,0.64,0.0,0.32,0.0,0.0,0.0,1.28,1.28,0.64,0.32,0.32,0.32,0.32,0.0,0.4669999999999982,0.07,0.32,0.32,0.95,0.0,0.32,0.32,0.0,0.0,0.31,0.2869999999999982,0.32,0.64,0.0,0.0,0.094,0.094,0.0,0.0,1.919,13.0,167.0
1,0.0,0.0,0.0,0.0,0.0,0.0,0.0,0.0,0.0,0.75,0.0,0.0,0.0,0.0,0.0,0.0,0.0,0.0,2.25,0.0,0.0,0.0,0.0,0.0,0.0,0.0,0.0,0.0,0.0,0.0,0.0,0.0,0.0,0.0,0.0,0.0,0.0,0.0,0.0,0.0,0.0,0.0,0.0,0.0,0.0,0.75,0.0,0.0,0.0,0.0,0.0,0.0,3.333,51.0,90.0
1,0.0,0.0,0.0,0.0,0.0,0.0,0.0,0.0,0.0,0.0,0.0,0.54,0.54,0.0,0.0,0.0,0.0,0.0,1.09,0.0,0.0,0.0,0.0,0.0,0.54,0.54,0.54,0.54,0.0,0.0,0.0,0.0,0.0,0.0,0.0,0.54,0.0,0.0,0.0,0.0,0.0,0.0,0.0,0.0,0.0,0.0,0.0,0.102,0.308,0.0,0.0,0.0,1.4,10.0,77.0
1,0.0,0.0,0.0,0.0,0.0,0.0,0.0,0.0,0.0,0.0,0.0,0.0,0.0,0.0,0.0,0.0,0.0,0.0,2.94,0.0,2.94,0.0,0.0,0.0,0.0,0.0,0.0,0.0,0.0,0.0,0.0,0.0,0.0,0.0,0.0,0.0,0.0,0.0,0.0,0.0,0.0,0.0,0.0,0.0,0.0,0.0,0.0,0.0,0.0,0.0,0.0,0.0,1.0,1.0,9.0
2,0.18,0.0,0.09,0.0,0.36,0.09,0.0,0.36,0.09,0.0,0.0,0.63,0.09,0.17,0.0,0.0,0.09,0.0,1.27,0.0,3.14,0.0,0.36,0.09,0.0,0.0,0.0,0.0,0.0,0.0,0.0,0.0,0.0,0.0,0.0,0.0,0.0,0.0,0.0,0.0,0.0,0.0,0.0,0.0,0.0,0.0,0.0,0.0,0.059,0.029,0.014,0.0,4.192,48.0,566.0
1,0.05,0.02,0.18,0.0,0.02,0.02,0.0,0.02,0.0,0.07,0.0,0.38,0.02,0.17,0.02,0.0,0.33,0.12,0.31,0.0,0.12,0.0,0.0,0.0,0.0,0.0,0.0,0.02,0.0,0.0,0.0,0.0,0.4669999999999982,0.0,0.0,0.2,0.59,0.0,0.0,0.1,0.0,0.07,0.02,0.28,0.0,0.15,0.0,0.011,0.144,0.0,0.0,0.0,2.255,55.0,1179.3999999999996
2,0.31,0.0,0.63,0.0,0.47,0.47,0.15,0.6,0.15,0.63,0.31,1.42,0.0,0.0,0.0,0.0,0.91,0.0,2.05,0.35,3.14,0.0,0.15,0.47,0.0,0.0,0.0,0.0,0.0,0.0,0.0,0.0,0.0,0.0,0.0,0.0,0.0,0.0,0.0,0.15,0.0,0.0,0.0,0.0,0.15,0.0,0.0,0.0,0.076,1.1457999999999993,0.127,0.0,5.241,97.0,650.0
1,0.0,0.0,0.0,0.0,0.0,0.0,0.0,0.0,0.0,0.0,0.0,0.0,0.0,0.0,0.0,0.0,0.0,0.0,0.0,0.0,0.0,0.0,0.0,0.0,0.0,0.0,1.916999999999998,0.0,0.0,0.0,0.0,0.0,0.0,0.0,0.0,0.0,0.0,0.0,0.0,0.0,0.0,0.0,0.0,0.0,0.0,0.0,0.0,0.0,0.0,0.0,0.0,0.0,1.0,1.0,9.0
2,0.6569999999999983,0.0,0.0,0.0,1.39,0.0,0.69,0.0,0.0,0.0,0.0,0.69,0.0,0.0,0.0,0.0,0.0,0.0,3.49,0.0,1.39,0.0,0.0,0.0,0.0,0.0,0.0,0.0,0.0,0.0,0.0,0.0,0.0,0.0,0.0,0.0,0.0,0.0,0.0,0.0,0.0,0.0,0.0,0.0,0.0,0.0,0.0,0.0,0.0,0.196,0.0,0.0,6.1,57.0,183.0
1,0.02,0.08,0.1,0.0,0.27,0.07,0.0,0.0,0.14,0.0,0.0,0.05,0.0,0.02,0.01,0.02,0.0,0.01,0.05,0.0,0.04,0.0,0.0,0.0,0.48,0.49,0.04,0.0,0.0,0.0,0.0,0.0,0.36,0.0,0.0,0.01,0.45,0.0,0.0,0.01,0.0,0.0,0.04,0.0,0.01,0.0,0.0,0.17069999999999982,0.152,0.0,0.004,0.0,2.63,38.0,1179.3999999999996
2,0.6569999999999983,0.18,0.37,0.0,0.18,0.12,0.0,0.25,0.67,0.31,0.25,1.51,0.31,0.17,0.0,0.37,0.44,0.12,2.96,0.35,1.26,0.0,0.44,0.5769999999999982,0.0,0.0,0.0,0.0,0.0,0.0,0.0,0.0,0.0,0.0,0.0,0.0,0.12,0.0,0.0,0.12,0.0,0.0,0.06,0.0,0.0,0.0,0.0,0.0,0.085,0.437,0.234,0.064,3.675,45.0,1066.0
2,0.0,0.0,0.0,0.0,0.67,0.0,0.67,0.0,0.0,0.0,0.0,0.0,0.0,0.0,0.0,0.0,0.0,0.0,0.67,0.0,0.67,0.0,0.0,0.0,0.0,0.0,0.0,0.0,0.0,0.0,0.0,0.0,0.0,0.0,0.0,0.0,0.0,0.0,0.0,0.0,0.0,0.0,0.0,0.0,0.0,0.0,0.0,0.114,0.114,0.228,0.228,0.0,2.847,16.0,168.0
1,0.0,0.0,0.0,0.0,0.0,0.0,0.0,0.0,0.0,0.0,0.0,0.14,0.0,0.0,0.0,0.0,0.0,0.0,0.0,0.0,0.14,0.0,0.0,0.0,3.183999999999996,0.0,0.0,0.0,0.14,0.44,0.0,0.0,0.14,0.0,0.0,0.0,0.95,0.0,0.53,0.0,0.0,0.0,0.0,0.0,0.29,0.0,0.0,0.17069999999999982,0.537,0.0,0.0,0.0,4.454,55.0,931.0
2,0.0,0.0,1.21,0.0,0.0,0.0,0.0,0.0,0.0,0.0,0.0,0.0,0.0,0.0,0.0,0.0,0.0,0.0,0.0,0.0,0.0,0.0,0.0,0.0,0.0,0.0,0.0,0.0,0.0,0.0,0.0,0.0,0.0,0.0,0.0,0.0,0.0,0.0,0.0,0.0,0.0,0.0,0.0,0.0,1.21,0.0,0.0,0.17069999999999982,0.212,0.0,0.212,0.0,3.272,24.0,72.0
1,0.0,0.0,0.0,0.0,0.0,0.14,0.0,0.0,0.0,0.14,0.0,0.0,0.0,0.0,0.0,0.0,0.0,0.29,0.74,0.0,0.14,0.0,0.0,0.0,0.14,0.14,0.59,0.0,0.0,0.0,0.0,0.0,0.14,0.0,0.0,0.0,0.59,0.0,0.0,0.0,0.0,0.0,0.0,0.0,0.44,0.0,0.0,0.0,0.297,0.0,0.0,0.0,1.803,27.0,238.0
2,0.0,0.6169999999999982,0.67,0.0,0.5,0.0,0.16,0.16,0.0,0.0,0.0,0.33,0.65,0.17,0.16,0.0,0.0,0.0,2.37,0.35,1.52,0.0,0.0,0.16,0.0,0.0,0.0,0.0,0.0,0.0,0.0,0.0,0.33,0.0,0.0,0.0,0.0,0.0,0.0,0.0,0.0,0.0,0.0,0.0,0.0,0.0,0.0,0.0,0.0,0.08,0.107,0.053,2.015,32.0,258.0
1,0.0,0.0,0.0,0.0,0.0,0.0,0.0,0.0,0.0,0.0,0.0,0.0,0.0,0.0,0.0,0.0,0.0,0.0,0.88,0.0,0.88,0.0,0.0,0.0,0.0,0.0,1.76,0.0,0.0,0.0,0.0,0.0,0.0,0.0,0.0,0.0,0.0,0.0,0.0,0.0,0.0,0.0,0.0,0.0,0.88,0.0,0.0,0.0,0.139,0.0,0.0,0.0,1.763,9.0,67.0
2,0.32,0.0,0.64,0.0,0.32,0.32,0.0,0.6,0.32,0.64,0.32,0.64,0.0,0.0,0.0,0.0,0.91,0.0,1.28,0.35,3.14,0.0,0.0,0.0,0.0,0.0,0.0,0.0,0.0,0.0,0.0,0.0,0.0,0.0,0.0,0.0,0.0,0.0,0.0,0.32,0.0,0.0,0.0,0.0,0.0,0.0,0.0,0.0,0.213,1.1457999999999993,0.106,0.0,3.584,63.0,319.0
2,0.0,0.0,0.0,0.0,0.0,0.0,0.7839999999999964,0.0,0.0,0.0,0.0,0.0,0.0,0.0,0.0,0.0,0.0,0.0,0.0,0.0,0.0,0.0,0.0,0.0,0.0,0.0,0.0,0.0,0.0,0.0,0.0,0.0,0.0,0.0,0.0,0.0,0.0,0.0,0.0,0.0,0.0,0.0,0.0,0.0,0.0,0.0,0.0,0.0,0.0,0.291,0.0,0.0,2.444,8.0,44.0
1,0.6569999999999983,0.0,0.0,0.0,1.06,0.0,0.0,0.0,0.0,0.0,0.0,1.06,0.0,0.0,0.0,0.0,0.0,0.0,1.06,0.0,1.06,0.0,0.0,0.0,0.0,0.0,1.06,0.0,0.0,0.0,0.0,0.0,0.0,0.0,0.0,0.0,0.0,0.0,0.0,0.0,0.0,0.0,0.0,0.0,0.0,0.0,0.0,0.0,0.386,0.0,0.0,0.0,1.705,6.0,29.0
2,0.0,0.6169999999999982,1.0,0.0,1.51,0.0,0.7839999999999964,0.0,0.0,0.0,0.0,0.0,0.0,0.0,0.0,0.0,0.91,1.19,2.0,0.0,3.14,0.0,0.73,0.5769999999999982,0.0,0.0,0.0,0.0,0.0,0.0,0.0,0.0,0.0,0.0,0.0,0.0,0.0,0.0,0.0,0.0,0.0,0.0,0.0,0.0,0.0,0.0,0.0,0.0,0.0,0.275,0.137,0.0,2.538,11.0,33.0
2,0.0,0.0,0.0,0.0,0.0,0.0,0.7839999999999964,0.0,0.0,0.0,0.0,0.0,0.0,0.0,0.0,1.36,0.91,0.0,3.48,0.0,0.0,0.0,0.0,0.0,0.0,0.0,0.0,0.0,0.0,0.0,0.0,0.0,0.0,0.0,0.0,0.0,0.0,0.0,0.0,0.0,0.0,0.0,0.0,0.0,0.0,0.0,0.0,0.0,0.0,0.0,0.0,0.0,1.0,1.0,21.0
1,0.0,0.5,0.0,0.0,0.0,0.0,0.0,0.0,0.0,0.0,0.0,2.0,0.0,0.0,0.0,0.0,0.5,0.0,0.0,0.0,0.0,0.0,0.0,0.0,1.5,1.0,0.0,0.0,0.5,0.0,0.0,0.0,0.0,0.0,0.0,0.0,0.0,0.0,0.0,0.0,0.0,0.5,0.0,0.0,0.0,0.0,0.0,0.0,0.0,0.0,0.0,0.0,1.468,5.0,69.0
1,0.0,0.0,0.0,0.0,0.0,0.0,0.0,0.0,0.0,0.0,0.0,0.0,0.0,0.0,0.0,0.0,0.0,0.0,0.0,0.0,0.0,0.0,0.0,0.0,0.0,0.0,0.0,0.0,0.0,0.0,0.0,0.0,0.0,0.0,0.0,0.0,0.0,0.0,0.0,0.0,0.0,0.0,0.0,0.2869999999999982,0.0,0.0,0.0,0.0,0.0,0.0,0.0,0.0,2.714,10.0,38.0
2,0.0,0.0,0.33,0.0,0.99,0.64,0.33,0.33,0.0,0.0,0.0,0.33,0.33,0.0,0.0,0.33,0.33,0.0,1.98,0.0,3.14,0.0,0.0,0.33,0.0,0.0,0.0,0.0,0.0,0.0,0.0,0.0,0.0,0.0,0.0,0.0,0.0,0.0,0.0,0.0,0.0,0.0,0.0,0.0,0.33,0.0,0.0,0.0,0.107,0.0,0.161,0.053,2.195,50.0,202.0
1,0.07,0.07,0.07,0.0,0.14,0.0,0.0,0.43,0.0,0.0,0.14,1.43,0.07,0.0,0.0,0.0,0.91,0.0,0.0,0.0,0.0,0.0,0.0,0.0,3.183999999999996,0.0,0.0,0.0,0.0,0.07,0.0,0.0,0.0,0.0,0.0,0.43,0.14,0.0,0.0,0.0,0.0,0.0,0.0,0.0,0.0,0.0,0.0,0.056,0.094,0.0,0.028,0.0,2.394,24.0,881.0
1,0.0,0.0,0.0,0.0,0.0,0.0,0.0,0.0,0.0,0.0,0.0,0.0,0.0,0.0,0.0,0.0,0.0,0.0,0.0,0.0,0.0,0.0,0.0,0.0,3.183999999999996,0.0,0.0,0.0,0.0,0.0,0.0,0.0,0.0,0.0,0.0,0.0,0.0,0.0,0.0,0.0,0.0,0.0,0.0,0.0,0.0,0.0,0.0,0.0,0.0,1.123,0.0,0.0,2.6,16.0,26.0
2,0.0,0.0,0.0,0.0,0.0,0.0,0.0,0.0,0.0,0.32,0.0,0.0,0.0,0.0,0.0,0.0,0.0,0.32,0.98,0.0,0.32,0.0,0.0,0.0,0.0,0.0,0.0,0.0,0.0,0.0,0.0,0.0,0.0,0.0,0.0,0.0,0.0,0.0,0.0,0.0,0.0,0.0,0.0,0.0,0.0,0.0,0.0,0.0,0.185,0.185,0.061,0.0,9.018899999999988,124.0,434.0
2,0.0,0.0,0.85,0.0,0.85,0.21,0.21,0.0,0.0,1.32,0.0,0.0,0.0,0.0,0.16,0.0,0.21,0.0,0.64,0.21,1.71,0.0,0.73,0.0,0.0,0.0,0.0,0.0,0.0,0.0,0.0,0.0,0.0,0.0,0.0,0.0,0.0,0.0,0.0,0.0,0.0,0.0,0.0,0.0,0.0,0.0,0.0,0.0,0.0,0.465,0.271,0.14209999999999945,9.018899999999988,58.0,869.0
2,0.0,0.0,1.14,0.0,0.0,0.0,0.7839999999999964,0.0,0.0,0.0,0.0,0.0,0.0,0.0,0.0,0.0,0.0,0.0,2.29,0.0,2.29,0.0,0.0,0.0,0.0,0.0,0.0,0.0,0.0,0.0,0.0,0.0,0.0,0.0,0.0,0.0,0.0,0.0,0.0,0.0,0.0,0.0,0.0,0.0,0.0,0.0,0.0,0.0,0.197,0.0,0.0,0.0,1.227,6.0,27.0
1,0.0,0.0,0.0,0.0,0.0,0.0,0.0,0.0,0.0,0.0,0.0,2.22,0.0,0.0,0.0,0.0,0.0,0.0,2.32,0.0,0.0,0.0,0.0,0.0,0.0,0.0,0.0,0.0,0.0,0.0,0.0,0.0,0.0,0.0,0.0,0.0,0.0,0.0,0.0,0.0,0.0,0.0,0.0,0.0,0.0,0.0,0.0,0.17069999999999982,0.207,0.0,0.0,0.0,1.466,4.0,22.0
2,0.0,0.0,0.24,0.0,0.72,0.0,0.0,0.0,0.67,0.0,0.38,1.21,0.0,0.0,0.0,0.24,0.0,0.0,2.91,0.0,1.21,0.0,0.0,0.24,0.0,0.0,0.0,0.0,0.0,0.0,0.0,0.0,0.0,0.0,0.0,0.0,0.0,0.0,0.0,0.0,0.0,0.0,0.0,0.0,0.24,0.0,0.0,0.0,0.036,1.021,0.291,0.109,7.092,67.0,461.0
2,0.0,0.0,0.71,0.0,0.23,0.0,0.0,0.0,0.23,0.23,0.23,1.9,0.0,0.0,0.0,0.23,0.0,0.0,3.81,0.23,1.19,0.0,0.0,0.0,0.0,0.0,0.0,0.0,0.0,0.0,0.0,0.0,0.0,0.0,0.0,0.0,0.0,0.0,0.0,0.0,0.0,0.0,0.0,0.0,0.0,0.0,0.0,0.0,0.112,1.046,0.037,0.0,4.022,97.0,543.0
1,0.13,0.0,0.41,0.0,0.0,0.0,0.0,0.27,0.0,0.0,0.27,1.93,0.13,0.0,0.0,0.0,0.0,0.27,1.65,0.0,0.13,0.0,0.0,0.0,0.0,0.0,0.0,0.0,0.0,0.0,0.0,0.0,0.13,0.0,0.0,0.0,0.0,0.0,0.0,0.0,0.0,0.0,0.0,0.0,0.82,0.0,0.0,0.0,0.023,0.164,0.0,0.0,1.279,11.0,183.0
2,0.0,0.53,0.53,0.0,0.53,0.0,0.0,0.0,0.0,0.0,0.0,0.53,0.0,0.0,0.0,0.53,0.0,1.06,1.6,0.0,1.06,0.0,0.0,0.0,0.0,0.0,0.0,0.0,0.0,0.0,0.0,0.0,0.0,0.0,0.0,0.0,0.0,0.0,0.0,0.0,0.0,0.0,0.0,0.0,0.0,0.0,0.0,0.0,0.087,0.877,0.0,0.0,3.4,61.0,187.0
2,0.0,0.0,0.0,0.0,0.0,0.0,0.0,0.0,0.0,0.0,0.0,0.0,0.0,0.17,0.0,0.0,0.0,0.0,0.0,0.0,0.0,0.0,0.0,0.0,0.0,0.0,0.0,0.0,0.0,0.0,0.0,0.0,0.0,0.0,0.0,0.63,0.0,0.0,0.0,0.0,0.0,0.0,0.0,0.0,0.0,0.0,0.0,0.0,0.176,0.176,0.352,0.0,3.857,25.0,81.0
2,0.0,0.6169999999999982,0.62,0.0,0.0,0.0,0.7839999999999964,0.0,0.0,0.0,0.38,0.62,0.0,0.0,0.16,1.36,0.0,1.19,4.76,0.0,1.25,0.0,0.0,0.0,0.0,0.0,0.0,0.0,0.0,0.0,0.0,0.0,0.0,0.0,0.0,0.0,0.0,0.0,0.0,0.0,0.0,0.0,0.0,0.0,0.0,0.0,0.0,0.0,0.044,0.223,0.0,0.0,2.35,29.0,134.0
2,0.0,0.0,0.0,0.0,0.0,0.0,0.7839999999999964,0.0,0.0,0.0,0.0,0.0,0.0,0.0,0.0,1.23,0.0,0.0,0.0,0.0,0.0,0.0,0.0,0.0,0.0,0.0,0.0,0.0,0.0,0.0,0.0,0.0,0.0,0.0,0.0,0.0,0.0,0.0,0.0,0.0,0.0,0.0,0.0,0.0,0.0,0.0,0.0,0.0,0.0,1.1457999999999993,0.0,0.0,1.379,8.0,40.0
2,0.0,0.0,0.0,0.0,0.0,0.0,0.0,0.0,0.0,0.0,0.0,0.0,0.0,0.0,0.0,0.0,0.0,0.0,0.0,0.0,3.14,0.0,0.73,0.0,0.0,0.0,0.0,0.0,0.0,0.0,0.0,0.0,0.0,0.0,0.0,0.0,0.0,0.0,0.0,0.0,0.0,0.0,0.0,0.0,0.0,0.0,0.0,0.0,0.0,0.606,0.38239999999999963,0.0,3.111,10.0,28.0
2,0.0,0.6169999999999982,0.0,0.0,1.51,0.0,0.0,0.0,0.0,0.0,0.0,1.92,0.0,0.0,0.0,0.0,0.0,0.0,1.92,0.0,3.14,0.0,0.0,0.0,0.0,0.0,0.0,0.0,0.0,0.0,0.0,0.0,0.0,0.0,0.0,0.0,0.0,0.0,0.0,0.0,0.0,0.0,0.0,0.0,0.0,0.0,0.0,0.0,0.0,0.0,0.0,0.0,2.75,12.0,33.0
1,0.0,0.0,0.0,0.0,0.0,0.0,0.0,0.0,0.0,0.0,0.0,0.59,0.0,0.0,0.0,0.0,0.0,0.0,2.38,0.0,1.19,0.0,0.0,0.0,1.19,1.19,0.0,0.0,0.0,0.0,0.0,0.0,0.0,0.0,0.0,0.0,0.0,0.0,0.0,0.0,0.0,0.0,0.0,0.0,0.0,0.0,0.0,0.0,0.103,0.0,0.0,0.0,3.086,55.0,142.0
1,0.0,0.0,0.0,0.0,0.0,0.0,0.0,0.0,0.0,0.0,0.0,0.0,0.0,0.0,0.0,0.0,0.0,0.0,1.44,0.0,0.0,0.0,0.0,0.0,0.0,0.0,0.0,0.0,0.0,0.0,0.0,0.0,0.0,0.0,0.0,0.0,0.0,0.0,0.0,0.0,0.0,0.0,0.0,0.0,1.44,1.166999999999998,0.0,0.0,0.0,0.247,0.0,0.0,1.684,5.0,32.0
2,0.6569999999999983,0.0,0.33,0.0,0.66,0.64,0.0,0.0,0.0,0.0,0.0,0.33,0.65,0.0,0.0,0.66,0.66,0.0,2.33,0.0,0.33,0.0,0.73,0.33,0.0,0.0,0.0,0.0,0.0,0.0,0.0,0.0,0.0,0.0,0.0,0.0,0.0,0.0,0.0,0.0,0.0,0.0,0.0,0.0,0.0,0.0,0.0,0.0,0.06,0.12,0.38239999999999963,0.0,5.428,21.0,304.0
1,0.0,0.31,0.0,0.0,0.0,0.0,0.0,0.31,0.0,0.0,0.0,0.62,0.0,0.0,0.0,0.0,0.0,0.31,0.0,0.0,0.0,0.0,0.0,0.0,0.0,0.0,0.0,0.0,0.0,0.0,0.0,0.0,0.0,0.0,0.0,0.0,0.62,0.0,0.31,0.0,0.0,0.0,0.31,0.0,0.0,1.166999999999998,0.0,0.0,0.088,0.0,0.0,0.0,3.086,34.0,250.0
2,0.0,0.3,0.61,0.0,0.3,0.0,0.15,0.0,0.0,0.45,0.15,0.0,0.15,0.0,0.15,0.15,0.0,0.76,0.15,0.15,0.76,0.0,0.0,0.0,0.0,0.0,0.0,0.0,0.0,0.0,0.0,0.0,0.0,0.0,0.0,0.0,0.0,0.0,0.0,0.15,0.0,0.0,0.0,0.0,0.0,0.0,0.0,0.0,0.0,0.567,0.024,0.049,5.425,132.0,944.0
2,0.0,0.0,0.0,0.0,0.26,0.0,0.26,0.0,0.0,0.0,0.0,0.0,0.0,0.0,0.0,0.26,0.0,0.0,0.0,0.0,0.52,0.0,0.0,0.0,0.0,0.0,0.0,0.0,0.0,0.0,0.0,0.0,0.0,0.0,0.0,0.0,0.0,0.0,0.0,0.0,0.0,0.0,0.0,0.26,0.0,0.0,0.0,0.17069999999999982,0.084,0.378,0.0,0.14209999999999945,9.018899999999988,104.0,1078.0
1,0.0,0.0,0.0,0.0,0.0,0.0,0.0,0.0,0.0,0.0,0.0,0.0,0.0,0.0,0.0,0.0,0.0,0.0,4.76,0.0,0.0,0.0,0.0,0.0,0.0,0.0,0.0,0.0,0.0,0.0,0.0,0.0,0.0,0.0,0.0,0.0,0.0,0.0,0.0,0.0,0.0,0.0,0.0,0.0,0.0,0.0,0.0,0.0,0.0,0.0,0.0,0.0,1.0,1.0,9.0
1,0.0,0.0,0.0,0.0,0.46,0.0,0.0,0.15,0.0,0.0,0.0,0.92,0.0,0.15,0.0,0.0,0.46,0.0,0.0,0.0,0.0,0.0,0.0,0.0,2.15,0.3,0.0,0.0,0.3,0.7139999999999963,0.0,0.0,0.0,0.0,0.0,0.3,0.15,0.0,0.0,0.0,0.0,0.0,0.0,0.0,0.15,0.0,0.0,0.0,0.085,0.0,0.0,0.0,1.535,6.0,238.0
2,0.0,0.0,1.29,0.0,0.0,0.0,0.0,0.0,0.0,0.0,0.0,1.31,0.0,0.0,0.0,0.0,0.0,0.0,1.31,0.0,3.14,0.0,0.0,0.5769999999999982,0.0,0.0,0.0,0.0,0.0,0.0,0.0,0.0,0.0,0.0,0.0,0.0,0.0,0.0,0.0,0.0,0.0,0.0,0.0,0.0,0.0,0.0,0.0,0.0,0.0,0.0,0.21,0.0,4.5,25.0,54.0
1,0.0,0.0,0.52,0.0,0.52,0.0,0.0,0.0,0.0,1.32,0.0,0.0,0.0,0.0,0.0,0.0,0.0,0.0,0.52,0.0,0.52,0.0,0.0,0.0,1.58,1.05,1.05,0.52,0.51,0.52,0.32,0.0,0.0,0.07,0.52,0.52,0.52,0.0,0.52,0.39,0.0,0.0,0.31,0.0,0.52,0.0,0.0,0.17069999999999982,0.513,0.0,0.0,0.0,2.225,13.0,158.0
2,0.0,0.0,0.4,0.0,0.4,0.0,0.4,0.0,0.0,0.0,0.0,0.0,0.4,0.0,0.0,0.0,0.0,0.0,2.04,0.0,0.4,0.0,0.0,0.0,0.0,0.0,0.0,0.0,0.0,0.0,0.0,0.0,0.0,0.0,0.0,0.0,0.0,0.0,0.0,0.0,0.0,0.0,0.0,0.0,0.4,0.0,0.0,0.0,0.0,0.11,0.0,0.0,1.594,11.0,118.0
2,0.15,0.3,0.45,0.0,0.76,0.3,0.0,0.0,0.67,1.32,0.15,1.98,0.3,0.0,0.16,0.3,0.0,1.19,2.14,0.15,2.44,0.0,0.73,0.3,0.0,0.0,0.0,0.0,0.0,0.0,0.0,0.0,0.0,0.0,0.0,0.0,0.0,0.0,0.0,0.0,0.0,0.0,0.0,0.0,0.0,0.0,0.0,0.0,0.025,1.051,0.225,0.05,6.686,156.39999999999964,896.0
2,0.0,0.0,0.0,0.0,0.0,0.0,0.0,0.0,0.0,0.0,0.0,0.0,0.0,0.0,0.0,1.36,0.0,0.0,2.17,0.0,2.17,0.0,0.0,0.0,0.0,0.0,0.0,0.0,0.0,0.0,0.0,0.0,0.0,0.0,0.0,0.0,0.0,0.0,0.0,0.0,0.0,0.0,0.0,0.0,0.0,0.0,0.0,0.0,0.0,1.1457999999999993,0.0,0.0,9.018899999999988,33.0,91.0
2,0.0,0.39,0.99,0.0,0.39,0.0,0.19,0.0,0.19,0.19,0.0,0.39,0.0,0.0,0.0,0.0,0.19,0.19,0.59,0.35,0.39,0.0,0.19,0.39,0.0,0.0,0.0,0.59,0.0,0.0,0.0,0.0,0.0,0.0,0.0,0.19,0.0,0.0,0.0,0.0,0.0,0.0,0.0,0.0,0.0,0.0,0.0,0.0,0.074,0.174,0.38239999999999963,0.0,4.965,97.0,993.0
1,0.0,0.0,0.0,0.0,0.0,0.0,0.0,0.13,0.0,0.13,0.0,1.1,0.13,0.0,0.0,0.0,0.91,0.0,0.0,0.0,0.0,0.0,0.0,0.0,3.17,0.0,0.0,0.0,0.0,0.0,0.0,0.0,0.4669999999999982,0.0,0.0,0.27,0.41,0.0,0.0,0.0,0.0,0.0,0.0,0.0,0.0,0.0,0.0,0.07,0.07,0.0,0.0,0.0,2.064,23.0,322.0
2,0.0,0.37,0.0,0.0,0.0,0.64,0.7839999999999964,0.0,0.0,0.0,0.38,1.49,0.65,0.0,0.0,0.37,0.0,1.19,4.49,0.0,1.87,0.0,0.0,0.5769999999999982,0.0,0.0,0.0,0.0,0.0,0.0,0.0,0.0,0.0,0.0,0.0,0.0,0.0,0.0,0.0,0.0,0.0,0.0,0.0,0.0,0.0,0.0,0.0,0.0,0.0,0.223,0.223,0.0,2.021,10.0,93.0
1,0.0,0.0,0.0,0.0,0.0,0.0,0.0,0.0,0.0,0.0,0.0,2.22,0.0,0.0,0.0,0.0,0.0,0.0,0.0,0.0,0.0,0.0,0.0,0.0,0.0,0.0,1.916999999999998,0.0,0.0,0.0,0.0,0.0,0.0,0.0,0.0,0.0,0.0,0.0,0.0,0.0,0.0,0.61,0.0,0.0,1.44,0.0,0.0,0.0,0.0,0.0,0.0,0.0,1.3,4.0,13.0
2,0.0,0.0,0.0,0.0,1.51,0.0,0.7839999999999964,0.0,0.0,0.95,0.0,0.95,0.0,0.0,0.0,0.0,0.0,0.0,4.76,0.35,2.85,0.0,0.0,0.0,0.0,0.0,0.0,0.0,0.0,0.0,0.0,0.0,0.0,0.0,0.0,0.0,0.0,0.0,0.0,0.0,0.0,0.0,0.0,0.0,0.0,0.0,0.0,0.0,0.0,0.147,0.0,0.0,1.4,6.0,21.0
2,0.6569999999999983,0.0,0.68,0.0,1.03,0.0,0.68,0.0,0.0,0.68,0.0,0.68,0.0,0.0,0.16,0.68,0.0,0.0,4.76,0.0,1.37,0.0,0.34,0.34,0.0,0.0,0.0,0.0,0.0,0.0,0.0,0.0,0.0,0.0,0.0,0.0,0.0,0.0,0.0,0.0,0.0,0.0,0.0,0.0,0.34,0.0,0.0,0.0,0.0,0.366,0.061,0.0,1.895,12.0,91.0
2,0.19,0.19,0.39,0.0,0.19,0.0,0.0,0.59,0.0,0.0,0.0,0.39,0.0,0.0,0.0,0.59,0.39,1.19,4.52,0.0,3.14,0.0,0.0,0.19,0.0,0.0,0.0,0.0,0.0,0.0,0.0,0.0,0.0,0.0,0.0,0.0,0.19,0.0,0.0,0.0,0.0,0.0,0.0,0.0,0.0,0.0,0.0,0.0,0.0,0.258,0.032,0.0,3.112,43.0,305.0
1,0.0,0.0,1.29,0.0,0.0,0.0,0.0,0.0,0.0,0.0,0.0,0.0,0.0,0.0,0.0,0.0,0.0,0.0,1.49,0.0,2.98,0.0,0.0,0.0,0.0,0.0,0.0,0.0,0.0,0.0,0.0,0.0,0.0,0.0,0.0,0.0,0.0,0.0,0.0,0.0,0.0,0.0,0.0,0.0,1.44,0.0,0.0,0.0,0.0,1.069,0.0,0.0,1.0,1.0,13.0
2,0.54,0.13,0.38,0.0,0.05,0.19,0.0,0.05,0.35,0.16,0.24,1.11,0.38,0.17,0.13,0.19,0.43,0.48,3.56,0.0,0.81,0.0,0.73,0.57,0.0,0.0,0.0,0.0,0.0,0.0,0.0,0.0,0.0,0.0,0.0,0.0,0.0,0.0,0.0,0.0,0.0,0.0,0.0,0.0,0.05,0.0,0.0,0.0,0.086,0.273,0.15,0.14209999999999945,6.789,156.39999999999964,1179.3999999999996
2,0.6569999999999983,0.0,0.82,0.0,0.41,0.0,0.41,0.6,0.41,1.23,0.38,0.41,0.0,0.0,0.0,1.36,0.91,0.0,1.23,0.35,2.06,0.0,0.0,0.5769999999999982,0.0,0.0,0.0,0.0,0.0,0.0,0.0,0.0,0.0,0.0,0.0,0.0,0.0,0.0,0.0,0.0,0.0,0.0,0.0,0.0,0.0,0.0,0.0,0.0,0.0,0.53,0.132,0.132,6.404,76.0,301.0
2,0.0,0.6169999999999982,0.25,0.0,0.0,0.0,0.0,0.5,0.0,0.5,0.25,0.75,0.0,0.0,0.0,1.36,0.0,1.19,4.26,0.0,3.14,0.0,0.0,0.0,0.0,0.0,0.0,0.0,0.0,0.0,0.0,0.0,0.0,0.0,0.0,0.0,0.0,0.0,0.0,0.0,0.0,0.0,0.0,0.0,0.0,0.0,0.0,0.045,0.18,0.0,0.0,0.0,1.023,3.0,86.0
1,0.0,0.0,0.0,0.0,0.0,0.0,0.0,0.0,0.0,0.0,0.0,0.0,0.0,0.0,0.0,0.0,0.0,0.0,0.0,0.0,0.0,0.0,0.0,0.0,0.0,0.0,1.916999999999998,0.0,0.0,0.0,0.0,0.0,0.0,0.0,0.0,0.0,0.0,0.0,0.0,0.0,0.0,0.0,0.0,0.0,0.0,0.0,0.0,0.0,0.0,0.0,0.0,0.0,1.0,1.0,9.0
1,0.6569999999999983,0.6169999999999982,0.0,0.0,1.51,0.0,0.0,0.0,0.0,0.85,0.0,0.85,0.0,0.0,0.0,0.0,0.0,0.0,0.0,0.0,0.85,0.0,0.0,0.0,0.0,0.85,0.0,0.0,0.0,0.0,0.0,0.0,0.0,0.0,0.0,0.0,0.0,0.0,0.0,0.0,0.0,0.0,0.0,0.0,0.0,0.0,0.0,0.0,0.275,0.0,0.0,0.0,1.55,5.0,31.0
1,0.0,0.0,0.0,0.0,0.0,0.64,0.0,0.0,0.0,0.0,0.0,0.74,0.65,0.0,0.0,0.0,0.0,0.0,1.49,0.0,1.49,0.0,0.0,0.0,0.0,0.0,0.0,0.0,0.0,0.0,0.0,0.0,0.0,0.0,0.0,0.0,0.0,0.0,0.0,0.0,0.0,0.0,0.0,0.0,0.74,0.0,0.0,0.0,0.0,0.0,0.0,0.0,1.36,3.0,34.0
2,0.0,0.0,0.4,0.0,0.4,0.2,0.0,0.0,0.0,1.01,0.2,0.4,0.0,0.0,0.0,0.2,0.4,0.2,0.8,0.0,0.4,0.0,0.2,0.0,0.0,0.0,0.0,0.0,0.0,0.0,0.0,0.0,0.0,0.0,0.0,0.0,0.0,0.0,0.0,0.2,0.0,0.0,0.0,0.0,0.0,0.0,0.0,0.0,0.03,0.0,0.302,0.0,1.727,11.0,190.0
1,0.0,0.0,0.0,0.0,0.0,0.0,0.0,0.0,0.0,0.0,0.0,0.0,0.0,0.0,0.0,0.0,0.0,0.0,0.0,0.0,0.0,0.0,0.0,0.0,3.183999999999996,0.0,0.0,0.0,0.0,0.0,0.0,0.0,0.0,0.0,0.0,0.0,0.0,0.0,0.0,0.0,0.0,0.0,0.0,0.0,1.44,0.0,0.0,0.0,0.0,0.0,0.0,0.0,4.8,19.0,24.0
1,0.44,0.0,0.0,0.0,1.33,0.0,0.0,0.0,0.0,0.0,0.0,0.0,0.0,0.0,0.0,0.0,0.0,0.0,0.0,0.0,0.44,0.0,0.0,0.0,2.22,0.0,0.0,0.0,0.0,0.44,0.0,0.0,0.0,0.0,0.44,0.0,0.0,0.0,0.0,0.0,0.0,0.0,0.0,0.0,0.0,0.0,0.0,0.0,0.265,0.0,0.0,0.0,1.48,7.0,74.0
2,0.0,0.0,0.77,0.0,0.38,0.38,0.38,0.0,0.0,0.77,0.38,0.38,0.0,0.0,0.0,0.77,0.77,0.77,2.31,0.0,1.15,0.0,0.0,0.38,0.0,0.0,0.0,0.0,0.0,0.0,0.0,0.0,0.0,0.0,0.0,0.0,0.0,0.0,0.0,0.0,0.0,0.0,0.0,0.0,0.0,0.0,0.0,0.063,0.127,0.51,0.0,0.0,3.685,62.0,258.0
1,0.0,0.0,0.0,0.0,0.0,0.0,0.0,0.0,0.0,0.0,0.0,0.0,0.0,0.0,0.0,0.0,0.0,0.0,0.0,0.0,0.0,0.0,0.0,0.0,0.0,0.0,0.0,0.0,0.0,0.0,0.0,0.0,0.0,0.0,0.0,0.0,0.0,0.0,0.0,0.0,0.0,0.0,0.0,0.0,0.0,0.0,0.0,0.0,0.0,0.0,0.0,0.0,1.0,1.0,9.0
1,0.0,0.0,0.0,0.0,0.0,0.0,0.0,0.0,0.0,0.0,0.0,2.22,0.0,0.0,0.0,0.0,0.0,0.0,0.0,0.0,0.0,0.0,0.0,0.0,0.0,0.81,0.0,0.0,0.0,0.0,0.0,0.0,0.0,0.0,0.0,0.0,0.0,0.0,0.0,0.0,0.0,0.0,0.0,0.0,0.0,0.0,0.0,0.17069999999999982,0.116,0.0,0.0,0.0,1.976,9.0,83.0
1,0.0,0.0,0.0,0.0,0.0,0.0,0.0,0.0,0.0,0.0,0.0,0.89,0.0,0.0,0.0,0.0,0.0,0.0,0.0,0.0,0.0,0.0,0.0,0.0,0.0,0.0,0.0,0.0,0.0,0.0,0.0,0.0,0.0,0.0,0.0,0.0,0.89,0.0,0.0,0.0,0.0,0.0,0.0,0.0,0.0,0.0,0.0,0.0,0.0,0.0,0.0,0.0,1.583,8.0,38.0
1,0.0,0.0,0.38,0.0,0.19,0.29,0.0,0.0,0.0,0.0,0.0,0.0,0.65,0.0,0.0,0.09,0.0,0.0,0.19,0.0,0.09,0.0,0.0,0.0,0.0,0.0,0.0,0.0,0.0,0.0,0.0,0.0,0.0,0.0,0.0,0.0,0.0,0.0,0.0,0.09,0.0,0.0,0.0,0.0,0.0,0.09,0.0,0.0,0.0,0.0,0.0,0.0,1.508,47.0,187.0
1,0.03,0.05,0.03,0.0,0.09,0.05,0.0,0.01,0.16,0.0,0.0,0.09,0.01,0.0,0.0,0.01,0.01,0.01,0.07,0.01,0.05,0.0,0.0,0.0,0.56,0.58,0.01,0.0,0.0,0.0,0.0,0.0,0.4669999999999982,0.0,0.0,0.05,0.49,0.0,0.0,0.0,0.0,0.01,0.01,0.07,0.0,0.0,0.0,0.17069999999999982,0.129,0.0,0.005,0.0,3.364,66.0,1179.3999999999996
1,0.0,0.0,0.0,0.0,0.0,0.0,0.0,0.0,0.0,0.0,0.0,0.0,0.0,0.0,0.0,0.0,0.0,0.0,0.0,0.0,0.0,0.0,0.0,0.0,0.0,0.0,0.0,0.0,0.0,0.0,0.0,0.0,0.0,0.0,0.0,0.0,0.95,0.0,0.0,0.0,0.0,0.0,0.31,0.0,1.44,1.166999999999998,0.0,0.0,0.253,0.0,0.0,0.0,2.235,12.0,38.0
2,0.0,0.0,0.0,0.0,0.0,0.0,0.0,0.6,0.0,0.0,0.0,0.0,0.0,0.17,0.0,0.0,0.0,0.0,0.0,0.0,0.0,0.0,0.73,0.0,0.0,0.0,0.0,0.0,0.0,0.0,0.0,0.0,0.0,0.0,0.0,0.0,0.0,0.0,0.0,0.0,0.0,0.0,0.0,0.0,1.08,0.0,0.0,0.0,0.191,0.191,0.38239999999999963,0.0,3.95,23.0,79.0
1,0.0,0.0,0.0,0.0,1.51,0.0,0.0,0.0,0.0,0.0,0.0,0.0,0.0,0.0,0.0,0.0,0.0,0.0,2.63,0.0,2.63,0.0,0.0,0.0,3.183999999999996,1.7939999999999965,1.916999999999998,0.85,0.51,0.7139999999999963,0.32,0.0,0.0,0.07,0.66,0.63,0.0,0.0,0.0,0.39,0.0,0.0,0.0,0.2869999999999982,0.0,0.0,0.0,0.0,0.537,0.0,0.0,0.0,3.076,11.0,40.0
2,0.16,0.0,0.32,0.0,1.3,0.64,0.0,0.6,0.0,0.0,0.0,0.16,0.0,0.0,0.16,0.32,0.91,1.19,1.79,0.0,1.14,0.0,0.0,0.32,0.0,0.0,0.0,0.0,0.0,0.0,0.0,0.0,0.0,0.0,0.0,0.0,0.0,0.0,0.0,0.39,0.0,0.0,0.0,0.0,0.0,0.0,0.0,0.0,0.027,0.622,0.027,0.0,1.25,12.0,165.0
2,0.0,0.0,0.0,0.0,0.0,0.0,0.0,0.6,0.0,0.0,0.0,0.0,0.0,0.0,0.0,0.0,0.91,0.0,0.0,0.0,0.0,0.0,0.0,0.0,0.0,0.0,0.0,0.0,0.0,0.0,0.0,0.0,0.0,0.0,0.0,0.0,0.0,0.0,0.0,0.0,0.0,0.0,0.0,0.0,1.25,0.0,0.0,0.0,0.182,0.0,0.182,0.0,3.545,21.0,78.0
2,0.0,0.0,0.31,0.0,0.63,0.63,0.31,0.31,0.0,0.0,0.0,0.31,0.31,0.0,0.0,0.31,0.31,0.0,2.55,0.0,3.14,0.0,0.0,0.31,0.0,0.0,0.0,0.0,0.0,0.0,0.0,0.0,0.0,0.0,0.0,0.0,0.0,0.0,0.0,0.0,0.0,0.0,0.0,0.0,0.31,0.0,0.0,0.0,0.108,0.0,0.163,0.054,1.515,10.0,144.0
2,0.0,0.0,1.25,0.0,1.51,0.0,0.0,0.0,0.0,0.0,0.0,0.0,0.0,0.0,0.0,1.25,0.0,0.0,4.76,0.0,0.0,0.0,0.0,0.0,0.0,0.0,0.0,0.0,0.0,0.0,0.0,0.0,0.0,0.0,0.0,0.0,0.0,0.0,0.53,0.0,0.0,0.0,0.0,0.0,0.0,0.0,0.0,0.0,0.0,0.0,0.0,0.0,1.2,4.0,36.0
2,0.0,0.0,0.54,0.0,0.21,0.21,0.1,0.0,0.1,0.21,0.0,0.21,0.32,0.0,0.0,0.0,0.21,0.0,0.0,0.0,0.0,0.0,0.54,0.0,0.0,0.0,0.0,0.0,0.0,0.0,0.0,0.0,0.0,0.0,0.0,0.0,0.0,0.0,0.0,0.0,0.0,0.0,0.0,0.0,0.0,0.0,0.0,0.0,0.152,0.033,0.118,0.0,1.987,14.0,306.0
1,0.0,0.0,0.0,0.0,0.0,0.0,0.0,0.0,0.0,0.0,0.0,0.0,0.0,0.0,0.0,0.0,0.0,0.0,0.0,0.0,0.0,0.0,0.0,0.0,0.0,0.0,0.0,0.0,0.0,0.0,0.0,0.0,0.0,0.0,0.0,0.0,0.0,0.0,0.0,0.0,0.0,0.0,0.0,0.0,0.0,0.0,0.0,0.0,0.17,0.0,0.0,0.0,2.094,26.0,111.0
2,0.6569999999999983,0.0,0.67,0.0,0.0,0.0,0.0,0.0,0.0,0.67,0.0,0.0,0.0,0.0,0.0,0.0,0.0,0.0,1.35,0.0,1.35,0.0,0.0,0.0,0.0,0.0,0.0,0.0,0.0,0.0,0.0,0.0,0.0,0.0,0.0,0.0,0.0,0.0,0.0,0.0,0.0,0.0,0.0,0.0,0.0,0.0,0.0,0.0,0.0,1.1457999999999993,0.0,0.0,3.384,37.0,132.0
2,0.0,0.0,0.37,0.0,1.11,0.64,0.0,0.6,0.0,1.32,0.0,0.0,0.65,0.0,0.0,0.0,0.91,0.0,4.76,0.0,2.22,0.0,0.0,0.0,0.0,0.0,0.0,0.0,0.0,0.0,0.0,0.0,0.0,0.0,0.0,0.0,0.0,0.0,0.0,0.0,0.0,0.0,0.0,0.0,0.0,0.0,0.0,0.0,0.149,1.096,0.0,0.0,5.16,107.0,289.0
1,0.54,0.0,0.27,0.0,0.0,0.0,0.0,0.0,0.27,0.54,0.0,0.81,0.0,0.0,0.0,0.0,0.0,0.27,1.08,0.0,0.81,0.0,0.0,0.0,0.81,0.81,0.0,0.85,0.0,0.54,0.0,0.0,0.27,0.0,0.66,0.0,0.0,0.0,0.0,0.0,0.0,0.0,0.0,0.0,0.0,0.0,0.0,0.039,0.318,0.0,0.0,0.0,4.971,76.0,517.0
1,0.51,0.0,0.51,0.0,1.51,0.51,0.0,0.0,0.0,0.0,0.0,0.51,0.0,0.0,0.0,0.0,0.0,0.0,3.58,0.0,0.0,0.0,0.0,0.0,2.56,0.0,1.916999999999998,0.51,0.51,0.7139999999999963,0.32,0.0,0.0,0.07,0.51,0.63,0.0,0.0,0.0,0.39,0.0,0.0,0.0,0.0,1.02,0.51,0.0,0.0,0.27,0.0,0.0,0.0,1.983,24.0,121.0
1,0.0,0.0,1.29,0.0,1.51,0.0,0.0,0.0,0.0,0.0,0.0,0.0,0.0,0.0,0.0,0.0,0.0,0.0,3.44,0.0,0.0,0.0,0.0,0.0,0.0,0.0,1.916999999999998,0.0,0.0,0.0,0.0,0.0,0.0,0.0,0.0,0.0,0.0,0.0,0.0,0.0,0.0,0.0,0.0,0.0,0.0,0.0,0.0,0.0,0.537,0.0,0.0,0.0,1.5,4.0,15.0
1,0.0,0.13,0.54,0.0,0.27,0.13,0.0,0.0,0.0,0.27,0.0,1.21,0.0,0.0,0.0,0.13,0.0,0.0,1.89,0.0,0.94,0.0,0.0,0.0,0.13,0.94,0.0,0.0,0.0,0.0,0.0,0.0,0.0,0.0,0.0,0.0,0.54,0.0,0.0,0.0,0.0,0.0,0.13,0.0,0.0,0.0,0.0,0.073,0.048,0.024,0.0,0.0,5.15,82.0,582.0
2,0.0,0.0,0.0,0.0,0.0,0.0,0.7839999999999964,0.0,0.0,0.0,0.0,0.0,0.0,0.0,0.0,1.23,0.0,0.0,0.0,0.0,0.0,0.0,0.0,0.0,0.0,0.0,0.0,0.0,0.0,0.0,0.0,0.0,0.0,0.0,0.0,0.0,0.0,0.0,0.0,0.0,0.0,0.0,0.0,0.0,0.0,0.0,0.0,0.0,0.0,1.1457999999999993,0.0,0.0,1.379,8.0,40.0
2,0.0,0.0,0.0,0.0,0.0,0.0,0.0,0.0,0.0,0.0,0.0,0.0,0.0,0.0,0.0,1.36,0.0,0.0,0.0,0.0,0.0,0.0,0.0,0.0,0.0,0.0,0.0,0.0,0.0,0.0,0.0,0.0,0.0,0.0,0.0,0.0,0.0,0.0,0.0,0.0,0.0,0.0,0.0,0.0,0.0,0.0,0.0,0.0,0.0,1.1457999999999993,0.0,0.0,4.153,26.0,54.0
1,0.0,0.0,1.06,0.0,0.0,0.0,0.0,0.0,0.0,0.0,0.0,1.06,0.0,0.0,0.0,0.0,0.0,1.06,0.0,0.0,0.0,0.0,0.0,0.0,2.12,1.06,0.0,0.85,0.0,0.7139999999999963,0.32,0.0,0.4669999999999982,0.0,0.66,0.63,0.0,0.0,0.0,0.0,0.0,0.0,0.0,0.0,0.0,0.0,0.0,0.0,0.121,0.0,0.0,0.0,2.151,10.0,71.0
2,0.32,0.09,0.6,0.0,1.51,0.13,0.0,0.0,0.09,0.69,0.32,0.79,0.27,0.0,0.0,0.13,0.32,0.0,4.76,0.0,1.81,0.0,0.04,0.5769999999999982,0.0,0.0,0.0,0.0,0.0,0.0,0.0,0.0,0.0,0.0,0.0,0.0,0.0,0.0,0.0,0.04,0.0,0.0,0.0,0.0,0.18,0.0,0.0,0.008,0.032,0.145,0.121,0.008,3.575,127.0,640.0
1,0.0,0.0,0.0,0.0,0.0,0.0,0.0,0.0,0.62,0.0,0.0,0.2,0.0,0.0,0.0,0.0,0.0,0.0,0.0,0.0,0.0,0.0,0.0,0.0,3.183999999999996,1.7939999999999965,0.0,0.0,0.0,0.0,0.0,0.0,0.0,0.0,0.2,0.0,0.62,0.0,0.2,0.0,0.0,0.0,0.31,0.0,0.0,0.0,0.0,0.085,0.198,0.0,0.0,0.14209999999999945,3.414,108.0,536.0
1,0.0,0.0,0.0,0.0,1.21,0.0,0.0,0.0,0.0,0.0,0.0,2.22,0.0,0.0,0.0,0.0,0.0,0.0,0.0,0.0,1.21,0.0,0.0,0.0,0.0,0.0,1.21,0.0,0.0,0.0,0.0,0.0,0.0,0.0,0.0,0.0,0.0,0.0,0.0,0.0,0.0,0.61,0.0,0.2869999999999982,0.0,0.0,0.0,0.17069999999999982,0.378,0.0,0.0,0.0,1.333,3.0,24.0
1,0.0,0.0,0.0,0.0,0.0,0.0,0.0,0.0,0.0,0.0,0.0,0.0,0.0,0.0,0.0,0.0,0.0,1.19,0.0,0.0,0.0,0.0,0.0,0.0,3.183999999999996,1.7939999999999965,1.916999999999998,0.85,0.0,0.7139999999999963,0.0,0.0,0.0,0.0,0.66,0.0,0.0,0.0,0.0,0.0,0.0,0.0,0.0,0.0,1.44,0.0,0.0,0.0,0.0,0.0,0.0,0.0,2.095,11.0,44.0
2,0.0,0.0,0.0,0.0,0.43,0.43,0.43,0.43,0.0,0.0,0.0,0.43,0.0,0.0,0.0,0.0,0.0,0.0,0.87,0.0,0.0,0.0,0.0,0.0,0.0,0.0,0.0,0.0,0.0,0.0,0.0,0.0,0.0,0.0,0.0,0.0,0.0,0.0,0.0,0.0,0.0,0.0,0.0,0.0,0.0,0.0,0.0,0.0,0.0,0.395,0.0,0.14209999999999945,7.983,72.0,495.0
1,0.12,0.0,0.12,0.0,0.12,0.0,0.0,0.0,0.67,0.0,0.0,0.37,0.0,0.0,0.0,0.0,0.0,0.0,0.49,0.0,0.24,0.0,0.0,0.0,0.62,0.74,0.12,0.0,0.0,0.0,0.0,0.0,0.4669999999999982,0.0,0.0,0.0,0.12,0.0,0.0,0.0,0.0,0.0,0.0,0.0,0.0,0.0,0.0,0.083,0.167,0.0,0.033,0.0,3.211,32.0,485.0
1,0.0,0.0,1.23,0.0,0.0,0.0,0.0,0.0,0.0,0.0,0.0,0.0,0.0,0.0,0.0,0.0,0.0,0.61,1.85,0.0,0.0,0.0,0.0,0.0,0.0,0.0,0.0,0.0,0.0,0.0,0.0,0.0,0.0,0.0,0.0,0.0,0.0,0.0,0.0,0.0,0.0,0.61,0.0,0.0,1.23,0.61,0.0,0.0,0.0,0.0,0.0,0.0,1.666,13.0,70.0
2,0.0,0.0,0.0,0.0,1.51,0.27,0.0,0.0,0.0,0.0,0.0,0.81,0.0,0.0,0.0,0.27,0.0,0.0,3.51,0.0,2.7,0.0,0.0,0.27,0.0,0.0,0.0,0.0,0.0,0.0,0.0,0.0,0.0,0.0,0.0,0.0,0.0,0.0,0.0,0.0,0.0,0.0,0.0,0.0,0.0,0.0,0.0,0.0,0.045,0.0,0.091,0.0,1.39,11.0,89.0
2,0.0,0.6169999999999982,0.64,0.0,0.32,0.0,0.0,0.0,0.0,0.0,0.0,0.64,0.0,0.0,0.0,0.32,0.0,1.19,1.93,0.0,0.96,0.0,0.0,0.0,0.0,0.0,0.0,0.0,0.0,0.0,0.0,0.0,0.0,0.0,0.0,0.0,0.0,0.0,0.0,0.0,0.0,0.0,0.0,0.0,0.0,0.0,0.0,0.0,0.0,0.778,0.0,0.0,3.756,61.0,278.0
1,0.0,0.0,0.0,0.0,0.0,0.0,0.0,0.0,0.0,0.0,0.0,0.0,0.0,0.0,0.0,0.0,0.0,0.0,0.0,0.0,0.0,0.0,0.0,0.0,0.0,0.0,0.0,0.0,0.0,0.0,0.0,0.0,0.0,0.0,0.0,0.0,0.0,0.0,0.0,0.0,0.0,0.0,0.0,0.2869999999999982,0.0,0.0,0.0,0.0,0.24,0.0,0.0,0.0,2.0,7.0,48.0
2,0.0,0.0,0.15,0.0,0.62,0.0,0.31,0.0,0.67,0.0,0.0,0.0,0.46,0.0,0.0,0.15,0.15,1.19,2.19,0.0,1.09,0.0,0.62,0.0,0.0,0.0,0.0,0.0,0.0,0.0,0.0,0.0,0.0,0.0,0.0,0.0,0.0,0.0,0.0,0.0,0.0,0.0,0.0,0.0,0.0,0.0,0.0,0.0,0.252,0.378,0.38239999999999963,0.0,3.278,23.0,259.0
1,0.0,0.0,0.66,0.0,0.0,0.0,0.0,0.0,0.0,0.0,0.0,0.0,0.0,0.0,0.0,0.0,0.0,0.0,2.66,0.0,0.0,0.0,0.0,0.0,0.0,0.0,0.0,0.0,0.0,0.0,0.0,0.0,0.0,0.0,0.0,0.0,0.0,0.0,0.0,0.0,0.0,0.0,0.0,0.0,0.66,0.0,0.0,0.0,0.231,0.231,0.0,0.0,1.761,17.0,37.0
1,0.0,0.0,0.0,0.0,1.43,0.0,0.0,0.0,0.0,0.0,0.0,0.0,0.0,0.0,0.0,0.0,0.0,0.0,1.43,0.0,0.0,0.0,0.0,0.0,0.0,0.0,0.0,0.0,0.0,0.0,0.0,0.0,0.4669999999999982,0.0,0.0,0.0,0.0,0.0,0.0,0.0,0.0,0.61,0.0,0.0,0.0,0.0,0.0,0.0,0.138,0.0,0.0,0.0,1.863,5.0,41.0
1,0.0,0.0,0.0,0.0,0.0,0.0,0.0,0.6,0.0,1.32,0.0,1.57,0.0,0.0,0.0,0.0,0.0,0.0,1.57,0.0,1.57,0.0,0.0,0.0,3.14,1.7939999999999965,0.78,0.78,0.51,0.7139999999999963,0.32,0.0,0.0,0.07,0.66,0.63,0.0,0.0,0.53,0.39,0.0,0.0,0.0,0.0,0.78,0.0,0.0,0.0,0.372,0.0,0.0,0.0,3.971,34.0,139.0
2,0.0,0.0,0.0,0.0,0.0,0.0,0.0,0.0,0.0,0.0,0.0,0.0,0.0,0.17,0.0,0.0,0.91,0.0,1.16,0.0,0.0,0.0,0.0,0.0,0.0,0.0,0.0,0.85,0.0,0.0,0.0,0.0,0.0,0.0,0.0,0.0,0.0,0.0,0.0,0.0,0.0,0.0,0.0,0.2869999999999982,0.0,1.16,0.0,0.0,0.381,0.0,0.0,0.14209999999999945,2.652,28.0,61.0
1,0.0,0.0,0.0,0.0,0.0,0.0,0.0,0.0,0.0,0.0,0.0,0.0,0.0,0.0,0.0,0.0,0.0,0.0,2.35,0.0,0.0,0.0,0.0,0.0,1.17,0.0,1.17,0.85,0.0,0.0,0.0,0.0,0.4669999999999982,0.0,0.66,0.0,0.0,0.0,0.0,0.0,0.0,0.0,0.0,0.0,0.0,0.0,0.0,0.0,0.537,0.203,0.0,0.0,2.541,15.0,61.0
2,0.0,0.0,0.0,0.0,0.44,0.0,0.0,0.0,0.0,0.88,0.0,0.0,0.0,0.0,0.0,0.44,0.0,0.0,1.32,0.0,0.0,0.0,0.0,0.0,0.0,0.0,0.0,0.44,0.0,0.0,0.0,0.0,0.0,0.0,0.0,0.0,0.0,0.0,0.0,0.0,0.0,0.0,0.0,0.0,0.0,0.44,0.0,0.0,0.0,0.0,0.0,0.0,1.841,10.0,186.0
2,0.0,0.06,0.2,0.0,0.61,0.13,0.0,0.0,0.67,0.0,0.27,0.75,0.27,0.0,0.0,0.0,0.2,0.13,1.16,0.0,1.23,0.0,0.06,0.0,0.0,0.0,0.0,0.0,0.0,0.0,0.0,0.0,0.0,0.0,0.0,0.0,0.0,0.0,0.0,0.0,0.0,0.0,0.06,0.0,0.06,0.0,0.0,0.034,0.057,0.472,0.092,0.023,2.086,104.0,703.0
1,0.0,0.0,1.29,0.0,0.0,0.0,0.0,0.0,0.0,1.32,0.0,0.0,0.0,0.0,0.16,0.0,0.0,0.0,2.32,0.0,0.0,0.0,0.0,0.0,0.0,1.7939999999999965,0.0,0.0,0.0,0.0,0.0,0.0,0.0,0.0,0.0,0.0,0.0,0.0,0.0,0.0,0.0,0.0,0.31,0.0,1.16,0.0,0.0,0.0,0.204,0.0,0.0,0.0,1.75,11.0,35.0
1,0.0,0.0,0.0,0.0,0.0,0.0,0.0,0.0,0.0,0.0,0.0,0.0,0.0,0.0,0.0,0.0,0.0,0.0,0.0,0.0,0.0,0.0,0.0,0.0,0.0,0.0,0.0,0.0,0.0,0.0,0.0,0.0,0.0,0.0,0.0,0.0,0.0,0.0,0.0,0.0,0.0,0.0,0.0,0.0,0.0,0.0,0.0,0.0,0.0,0.0,0.0,0.0,2.0,4.0,9.0
1,0.0,0.0,0.0,0.0,0.0,0.0,0.0,0.0,0.0,0.0,0.0,0.0,0.0,0.0,0.0,0.0,0.0,0.0,4.76,0.0,0.0,0.0,0.0,0.0,0.0,0.0,0.0,0.0,0.0,0.0,0.0,0.0,0.0,0.0,0.0,0.0,0.0,0.0,0.0,0.0,0.0,0.0,0.0,0.0,1.44,1.166999999999998,0.0,0.0,0.0,0.0,0.0,0.0,1.111,3.0,20.0
2,0.27,0.27,0.55,0.0,0.27,0.27,0.0,0.6,0.27,0.83,0.27,0.55,0.0,0.0,0.0,0.0,0.91,0.55,1.67,0.35,3.07,0.0,0.0,0.0,0.0,0.0,0.0,0.0,0.0,0.0,0.0,0.0,0.0,0.0,0.0,0.0,0.0,0.0,0.0,0.27,0.0,0.0,0.0,0.0,0.0,0.0,0.0,0.0,0.279,1.1457999999999993,0.093,0.0,3.706,63.0,341.0
1,0.04,0.08,0.15,0.0,0.04,0.04,0.0,0.04,0.04,0.08,0.0,0.41,0.06,0.0,0.0,0.0,0.06,0.15,0.6,0.0,0.34,0.0,0.02,0.0,0.0,0.0,0.0,0.0,0.02,0.0,0.0,0.0,0.4669999999999982,0.0,0.0,0.19,0.82,0.0,0.04,0.0,0.0,0.02,0.08,0.02,0.0,0.26,0.0,0.005,0.213,0.031,0.039,0.008,2.246,54.0,1179.3999999999996
1,0.0,0.0,0.0,0.0,0.0,0.64,0.0,0.0,0.0,0.0,0.0,0.0,0.0,0.0,0.0,0.0,0.0,0.0,4.76,0.0,0.0,0.0,0.0,0.0,0.0,0.0,0.0,0.0,0.0,0.0,0.0,0.0,0.0,0.0,0.0,0.0,0.0,0.0,0.0,0.0,0.0,0.0,0.0,0.0,0.0,1.166999999999998,0.0,0.0,0.0,0.0,0.0,0.0,1.0,1.0,9.0
2,0.0,0.0,0.0,0.0,0.0,0.0,0.0,0.0,0.0,0.0,0.0,0.0,0.0,0.0,0.0,0.0,0.0,0.0,3.37,0.0,0.0,0.0,0.73,0.0,0.0,0.0,0.0,0.0,0.0,0.0,0.0,0.0,0.0,0.0,0.0,0.0,0.0,0.0,0.0,0.0,0.0,0.0,0.0,0.0,0.0,0.0,0.0,0.0,0.0,0.218,0.0,0.0,1.827,11.0,53.0
2,0.0,0.45,1.29,0.0,1.35,0.0,0.7839999999999964,0.45,0.0,1.32,0.0,0.45,0.65,0.0,0.0,0.0,0.0,0.9,2.26,0.0,1.8,0.0,0.45,0.0,0.0,0.0,0.0,0.0,0.0,0.0,0.0,0.0,0.0,0.0,0.0,0.0,0.0,0.0,0.0,0.0,0.0,0.0,0.0,0.0,0.0,0.0,0.0,0.0,0.0,0.82,0.38239999999999963,0.0,2.446,12.0,137.0
1,0.0,0.0,0.0,0.0,0.0,0.0,0.0,0.0,0.0,0.0,0.0,0.0,0.0,0.0,0.0,0.0,0.0,0.0,0.0,0.0,0.0,0.0,0.0,0.0,0.0,0.0,0.0,0.0,0.0,0.0,0.0,0.0,0.0,0.0,0.0,0.0,0.0,0.0,0.0,0.0,0.0,0.0,0.0,0.0,0.0,0.0,0.0,0.0,0.0,0.0,0.0,0.0,2.2,4.0,11.0
1,0.0,0.11,0.0,0.0,0.11,0.22,0.0,0.11,0.0,0.0,0.0,1.32,0.0,0.0,0.0,0.0,0.0,0.0,0.22,0.0,0.0,0.0,0.0,0.0,0.99,0.0,0.0,0.0,0.0,0.22,0.0,0.0,0.11,0.0,0.11,0.44,0.0,0.0,0.0,0.0,0.0,0.0,0.0,0.11,0.0,0.0,0.0,0.0,0.047,0.0,0.031,0.0,1.614,12.0,339.0
2,0.0,0.0,1.29,0.0,0.0,0.0,0.0,0.0,0.0,0.0,0.0,1.31,0.0,0.0,0.0,0.0,0.0,0.0,1.31,0.0,3.14,0.0,0.0,0.5769999999999982,0.0,0.0,0.0,0.0,0.0,0.0,0.0,0.0,0.0,0.0,0.0,0.0,0.0,0.0,0.0,0.0,0.0,0.0,0.0,0.0,0.0,0.0,0.0,0.0,0.0,0.0,0.199,0.0,4.818,25.0,53.0
1,0.0,0.0,0.0,0.0,0.0,0.0,0.0,0.0,0.0,0.0,0.0,0.0,0.0,0.0,0.0,0.0,0.0,0.0,0.67,0.0,1.35,0.0,0.0,0.0,0.67,0.0,0.0,0.0,0.0,0.0,0.0,0.0,0.0,0.0,0.0,0.0,0.0,0.0,0.0,0.0,0.0,0.0,0.0,0.0,0.0,0.0,0.0,0.0,0.087,0.0,0.087,0.087,4.23,24.0,110.0
2,0.1,0.0,0.1,0.0,0.4,0.1,0.1,0.0,0.2,0.2,0.38,0.5,0.0,0.17,0.0,0.91,0.2,0.0,1.72,0.35,1.72,0.0,0.4,0.2,0.0,0.0,0.0,0.0,0.0,0.0,0.0,0.0,0.0,0.0,0.0,0.0,0.0,0.0,0.0,0.0,0.0,0.0,0.0,0.0,0.0,0.0,0.0,0.0,0.093,0.297,0.156,0.0,6.8,156.39999999999964,1179.3999999999996
2,0.0,0.0,1.13,0.0,1.13,0.56,0.56,0.0,0.0,0.56,0.0,1.13,0.0,0.0,0.0,1.36,0.0,0.0,2.84,0.0,0.56,0.0,0.56,0.0,0.0,0.0,0.0,0.0,0.0,0.0,0.0,0.0,0.0,0.0,0.0,0.0,0.0,0.0,0.0,0.0,0.0,0.0,0.0,0.0,0.0,0.0,0.0,0.0,0.288,0.768,0.0,0.0,9.018899999999988,156.39999999999964,409.0
1,0.0,0.0,0.0,0.0,0.0,0.0,0.0,0.0,0.0,0.0,0.0,0.0,0.0,0.0,0.0,0.0,0.0,1.19,0.0,0.0,0.0,0.0,0.0,0.0,0.0,0.0,0.0,0.0,0.0,0.0,0.0,0.0,0.0,0.0,0.0,0.0,0.0,0.0,0.0,0.0,0.0,0.0,0.0,0.0,0.0,0.0,0.0,0.0,0.0,0.0,0.0,0.0,1.0,1.0,9.0
2,0.6569999999999983,0.38,0.77,0.0,0.0,0.57,0.0,0.57,0.67,1.15,0.0,0.38,0.38,0.0,0.16,0.19,0.19,1.19,2.11,0.35,1.15,0.0,0.73,0.5769999999999982,0.0,0.0,0.0,0.0,0.0,0.0,0.0,0.0,0.0,0.0,0.19,0.0,0.0,0.0,0.0,0.0,0.0,0.0,0.0,0.0,0.0,0.0,0.0,0.027,0.027,0.437,0.191,0.054,9.018899999999988,156.39999999999964,922.0
1,0.0,0.0,0.62,0.0,0.62,0.0,0.0,0.0,0.0,0.0,0.0,1.25,0.0,0.0,0.0,0.0,0.0,0.0,0.62,0.0,0.62,0.0,0.0,0.0,1.57,1.57,0.31,0.0,0.0,0.0,0.0,0.0,0.4669999999999982,0.0,0.0,0.0,0.31,0.0,0.31,0.0,0.0,0.61,0.0,0.0,0.62,0.0,0.0,0.164,0.109,0.0,0.054,0.0,1.671,13.0,107.0
1,0.0,0.0,0.0,0.0,0.0,0.0,0.0,0.0,0.0,0.0,0.0,1.25,0.0,0.0,0.0,0.0,0.0,0.0,1.25,0.0,0.0,0.0,0.0,0.0,0.0,0.0,0.0,0.0,0.0,0.0,0.0,0.0,0.0,0.0,0.0,0.0,0.95,0.0,0.0,0.0,0.0,0.61,0.31,0.0,1.25,1.166999999999998,0.0,0.0,0.0,0.0,0.0,0.0,3.3,13.0,66.0
1,0.0,0.0,0.0,0.0,0.0,0.0,0.0,0.0,0.0,0.0,0.0,0.0,0.0,0.17,0.0,0.0,0.0,0.0,4.76,0.0,3.14,0.0,0.0,0.5769999999999982,0.0,0.0,0.0,0.0,0.0,0.0,0.0,0.0,0.0,0.0,0.0,0.0,0.0,0.0,0.0,0.0,0.0,0.0,0.0,0.0,0.0,0.0,0.0,0.122,0.244,0.0,0.0,0.0,1.909,6.0,21.0
1,0.0,0.0,0.0,0.0,0.0,0.0,0.0,0.0,0.0,0.0,0.0,2.22,0.0,0.0,0.0,0.0,0.0,0.0,0.0,0.0,0.0,0.0,0.0,0.0,0.0,0.0,0.0,0.0,0.0,0.0,0.0,0.0,0.0,0.0,0.0,0.0,0.0,0.0,0.0,0.0,0.0,0.0,0.0,0.0,0.0,0.0,0.0,0.0,0.0,0.684,0.0,0.0,2.0,7.0,16.0
1,0.12,0.0,0.25,0.0,0.0,0.0,0.0,0.38,0.67,0.0,0.0,0.38,0.0,0.0,0.0,0.0,0.0,0.0,0.51,0.0,0.25,0.0,0.0,0.0,0.64,0.76,0.12,0.0,0.0,0.0,0.0,0.0,0.4669999999999982,0.0,0.0,0.0,0.0,0.0,0.0,0.0,0.0,0.0,0.0,0.0,0.0,0.0,0.0,0.054,0.162,0.0,0.036,0.0,3.167,32.0,491.0
1,0.0,0.0,0.0,0.0,0.0,0.0,0.0,0.0,0.0,0.0,0.0,1.0,0.0,0.0,0.0,0.0,0.0,0.0,0.0,0.0,0.0,0.0,0.0,0.0,0.0,0.0,0.0,0.0,0.0,0.0,0.0,0.0,0.0,0.0,0.0,0.0,0.0,0.0,0.0,0.0,0.0,0.0,0.0,0.0,0.0,0.0,0.0,0.0,0.0,0.0,0.0,0.0,1.733,9.0,26.0
2,0.0,0.0,0.0,0.0,0.0,0.0,0.0,0.6,0.0,0.0,0.0,0.0,0.0,0.0,0.0,0.0,0.91,0.0,0.0,0.0,0.0,0.0,0.0,0.0,0.0,0.0,0.0,0.0,0.0,0.0,0.0,0.0,0.0,0.0,0.0,0.0,0.0,0.0,0.0,0.0,0.0,0.0,0.0,0.0,1.26,0.0,0.0,0.0,0.186,0.186,0.186,0.0,4.0,23.0,84.0
2,0.0,0.6169999999999982,0.34,0.0,0.34,0.0,0.0,0.0,0.0,0.0,0.0,0.68,0.0,0.0,0.0,0.34,0.0,1.19,1.72,0.0,1.03,0.0,0.0,0.0,0.0,0.0,0.0,0.0,0.0,0.0,0.0,0.0,0.0,0.0,0.0,0.0,0.0,0.0,0.0,0.0,0.0,0.0,0.0,0.0,0.0,0.0,0.0,0.0,0.055,0.718,0.0,0.0,3.718,61.0,264.0
1,0.0,0.0,0.0,0.0,0.0,0.0,0.0,0.0,0.0,1.32,0.0,2.22,0.0,0.0,0.0,0.0,0.0,0.0,0.0,0.0,2.43,0.0,0.0,0.0,0.0,0.0,0.0,0.0,0.0,0.0,0.0,0.0,0.0,0.0,0.0,0.0,0.0,0.0,0.0,0.0,0.0,0.0,0.0,0.0,0.0,0.0,0.0,0.0,0.0,0.0,0.0,0.0,5.3,40.0,53.0
1,0.0,0.0,1.29,0.0,0.0,0.0,0.0,0.0,0.0,0.0,0.0,0.0,0.0,0.0,0.0,0.0,0.0,0.0,0.0,0.0,0.0,0.0,0.0,0.0,0.0,0.0,0.0,0.0,0.0,0.0,0.0,0.0,0.0,0.0,0.0,0.0,0.0,0.0,0.0,0.0,0.0,0.0,0.0,0.0,0.0,1.166999999999998,0.0,0.0,0.0,0.0,0.0,0.0,2.227,7.0,49.0
2,0.0,0.0,0.0,0.0,0.0,0.0,0.0,0.0,0.0,0.0,0.0,0.0,0.0,0.17,0.0,0.0,0.0,0.0,0.85,0.0,0.0,0.0,0.0,0.0,0.0,0.0,0.0,0.0,0.0,0.0,0.0,0.0,0.0,0.0,0.0,0.0,0.0,0.0,0.0,0.0,0.0,0.0,0.0,0.0,0.0,0.0,0.0,0.0,0.126,0.0,0.0,0.0,3.925,51.0,106.0
2,0.31,0.2,0.72,0.0,0.0,0.62,0.0,0.6,0.62,0.93,0.0,0.62,0.41,0.0,0.16,0.0,0.2,1.19,1.87,0.35,0.83,0.0,0.62,0.5769999999999982,0.0,0.0,0.0,0.0,0.0,0.0,0.0,0.0,0.0,0.0,0.1,0.0,0.0,0.0,0.0,0.0,0.0,0.0,0.0,0.0,0.0,0.0,0.0,0.0,0.0,0.548,0.199,0.033,9.018899999999988,156.39999999999964,1179.3999999999996
2,0.0,0.0,0.0,0.0,0.0,0.64,0.0,0.0,0.0,0.0,0.0,0.0,0.0,0.0,0.0,1.36,0.0,0.0,0.0,0.0,0.0,0.0,0.0,0.0,0.0,0.0,0.0,0.0,0.0,0.0,0.0,0.0,0.0,0.0,0.0,0.0,0.0,0.0,0.0,0.0,0.0,0.0,0.0,0.0,0.0,0.0,0.0,0.0,0.24,0.963,0.0,0.0,3.8,17.0,57.0
1,0.0,0.0,0.0,0.0,0.0,0.0,0.0,0.0,0.0,0.0,0.0,0.0,0.0,0.0,0.0,0.0,0.0,0.0,0.0,0.0,0.0,0.0,0.0,0.0,0.0,0.0,0.0,0.0,0.0,0.0,0.0,0.0,0.0,0.0,0.0,0.0,0.0,0.0,0.0,0.0,0.0,0.0,0.0,0.0,0.0,0.0,0.0,0.0,0.0,0.0,0.0,0.0,1.0,1.0,9.0
2,0.0,0.0,0.0,0.0,0.0,0.0,0.0,0.0,0.0,0.0,0.0,0.0,0.0,0.0,0.0,0.0,0.0,0.0,4.34,0.0,0.0,0.0,0.0,0.0,0.0,0.0,0.0,0.0,0.0,0.0,0.0,0.0,0.0,0.0,0.0,0.0,0.0,0.0,0.0,0.0,0.0,0.0,0.0,0.0,0.0,0.0,0.0,0.0,0.0,1.1457999999999993,0.0,0.0,1.666,5.0,15.0
1,0.0,0.0,0.0,0.0,0.36,0.0,0.0,0.0,0.0,0.0,0.0,2.22,0.0,0.0,0.0,0.0,0.36,0.36,1.47,0.0,0.36,0.0,0.0,0.0,0.0,0.0,0.0,0.0,0.0,0.0,0.0,0.0,0.0,0.0,0.0,0.0,0.0,0.0,0.53,0.0,0.0,0.0,0.0,0.0,0.0,0.0,0.0,0.0,0.112,0.0,0.0,0.056,1.793,21.0,174.0
1,0.0,0.0,0.28,0.0,0.0,0.0,0.0,0.0,0.0,0.0,0.0,0.0,0.0,0.0,0.0,0.0,0.0,0.0,1.4,0.0,0.56,0.0,0.0,0.0,3.183999999999996,1.4,0.28,0.28,0.28,0.28,0.28,0.0,0.0,0.07,0.28,0.28,0.56,0.0,0.0,0.28,0.0,0.28,0.31,0.0,0.28,0.0,0.0,0.0,0.14,0.0,0.0,0.0,2.464,15.0,207.0
2,0.0,0.6169999999999982,1.29,0.0,0.0,0.0,0.7839999999999964,0.6,0.0,1.32,0.0,0.9,0.0,0.0,0.0,0.0,0.9,0.0,2.72,0.0,3.14,0.0,0.0,0.0,0.0,0.0,0.0,0.0,0.0,0.0,0.0,0.0,0.0,0.0,0.0,0.0,0.0,0.0,0.0,0.0,0.0,0.0,0.0,0.0,0.0,0.0,0.0,0.0,0.0,0.774,0.0,0.0,1.0,1.0,18.0
2,0.6569999999999983,0.0,0.0,0.0,0.0,0.0,0.0,0.0,0.0,0.0,0.0,0.85,0.0,0.0,0.0,1.36,0.0,0.0,3.41,0.0,3.14,0.0,0.0,0.5769999999999982,0.0,0.0,0.0,0.0,0.0,0.0,0.0,0.0,0.0,0.0,0.0,0.0,0.0,0.0,0.0,0.0,0.0,0.0,0.0,0.0,0.0,0.0,0.0,0.0,0.146,0.881,0.0,0.0,5.0,17.0,150.0
1,0.0,0.37,0.37,0.0,0.09,0.09,0.0,0.37,0.0,0.0,0.0,0.28,0.28,0.0,0.0,0.84,0.09,0.56,2.72,0.0,2.16,0.0,0.18,0.0,0.0,0.0,0.0,0.0,0.0,0.0,0.0,0.0,0.0,0.0,0.0,0.0,0.09,0.0,0.0,0.0,0.0,0.0,0.0,0.0,0.18,0.0,0.0,0.0,0.056,0.142,0.071,0.014,1.934,19.0,383.0
1,0.0,0.0,0.0,0.0,0.0,0.0,0.0,0.0,0.0,0.0,0.0,0.0,0.0,0.0,0.0,0.0,0.0,0.0,4.76,0.0,0.0,0.0,0.0,0.0,0.0,0.0,0.0,0.0,0.0,0.0,0.0,0.0,0.0,0.0,0.0,0.0,0.0,0.0,0.0,0.0,0.0,0.0,0.0,0.0,0.0,0.0,0.0,0.0,0.0,0.0,0.0,0.0,1.25,2.0,9.0
1,0.32,0.32,0.32,0.0,0.0,0.0,0.0,0.0,0.0,0.0,0.0,1.29,0.32,0.0,0.0,0.0,0.0,0.0,2.92,0.0,0.32,0.0,0.0,0.0,0.0,0.0,0.0,0.0,0.0,0.0,0.0,0.0,0.0,0.0,0.0,0.0,0.32,0.0,0.32,0.0,0.0,0.0,0.0,0.0,1.29,0.0,0.0,0.058,0.174,0.291,0.0,0.0,1.833,15.0,121.0
1,0.0,0.0,0.24,0.0,0.49,0.0,0.0,0.0,0.24,0.0,0.0,0.0,0.0,0.17,0.0,0.0,0.24,0.0,0.0,0.0,0.74,0.0,0.0,0.0,0.49,0.0,0.0,0.0,0.0,0.0,0.0,0.0,0.0,0.0,0.0,0.0,0.24,0.0,0.0,0.0,0.0,0.61,0.0,0.0,0.0,0.0,0.0,0.0,0.046,0.069,0.0,0.14209999999999945,2.776,121.0,622.0
1,0.0,0.0,0.0,0.0,0.0,0.0,0.0,0.0,0.0,0.0,0.0,0.0,0.0,0.0,0.0,0.0,0.0,0.0,0.0,0.0,0.0,0.0,0.0,0.0,0.0,0.0,1.36,0.0,0.0,0.0,0.0,0.0,0.4669999999999982,0.0,0.0,0.0,0.0,0.0,0.0,0.0,0.0,0.0,0.0,0.0,0.0,0.0,0.0,0.0,0.0,0.0,0.0,0.0,1.526,7.0,87.0
1,0.0,0.0,0.0,0.0,0.0,0.0,0.0,0.0,0.0,0.0,0.0,0.0,0.0,0.0,0.0,0.0,0.86,0.0,0.0,0.0,0.86,0.0,0.0,0.0,0.86,0.0,0.0,0.0,0.0,0.0,0.0,0.0,0.0,0.0,0.0,0.0,0.0,0.0,0.0,0.0,0.0,0.0,0.0,0.0,0.0,0.0,0.0,0.0,0.0,0.0,0.0,0.0,1.944,8.0,35.0
2,0.32,0.0,1.29,0.0,0.98,0.0,0.32,0.0,0.65,1.31,0.0,0.0,0.0,0.0,0.0,0.0,0.0,0.0,0.32,0.35,0.65,0.0,0.0,0.0,0.32,0.0,0.0,0.0,0.0,0.0,0.0,0.0,0.0,0.0,0.0,0.0,0.0,0.0,0.0,0.0,0.0,0.0,0.0,0.0,0.0,0.0,0.0,0.0,0.0,0.858,0.101,0.0,9.018899999999988,156.39999999999964,1179.3999999999996
1,0.0,0.0,0.0,0.0,0.0,0.0,0.0,0.0,0.0,1.05,0.0,1.05,0.0,0.0,0.0,1.05,0.0,0.0,1.05,0.0,0.0,0.0,0.0,0.0,0.0,1.05,1.916999999999998,0.0,0.0,0.0,0.0,0.0,0.0,0.0,0.0,0.0,0.95,0.0,0.53,0.0,0.0,0.0,0.31,0.2869999999999982,1.05,0.0,0.0,0.0,0.537,0.338,0.0,0.0,1.468,12.0,47.0
2,0.19,0.0,0.38,0.0,0.0,0.19,0.0,0.0,0.0,0.0,0.19,0.19,0.0,0.0,0.0,0.38,0.0,0.19,1.14,0.0,0.38,0.0,0.0,0.0,0.0,0.0,0.0,0.0,0.0,0.0,0.0,0.0,0.0,0.0,0.0,0.0,0.0,0.0,0.0,0.0,0.0,0.0,0.0,0.0,0.0,0.0,0.0,0.01,0.01,0.0,0.0,0.003,2.383,21.0,1179.3999999999996
2,0.0,0.6169999999999982,0.66,0.0,0.49,0.0,0.16,0.16,0.0,0.0,0.0,0.33,0.65,0.17,0.16,0.0,0.0,0.0,2.47,0.35,1.48,0.0,0.0,0.16,0.0,0.0,0.0,0.0,0.0,0.0,0.0,0.0,0.33,0.0,0.0,0.0,0.0,0.0,0.0,0.0,0.0,0.0,0.0,0.0,0.16,0.0,0.0,0.0,0.0,0.076,0.101,0.05,2.03,32.0,264.0
1,0.6569999999999983,0.0,0.0,0.0,0.0,0.0,0.0,0.0,0.0,0.0,0.0,0.84,0.0,0.0,0.0,0.0,0.0,0.0,0.42,0.0,0.0,0.0,0.0,0.0,0.0,0.0,0.0,0.0,0.0,0.0,0.0,0.0,0.0,0.0,0.0,0.0,0.0,0.0,0.0,0.0,0.0,0.0,0.0,0.2869999999999982,0.0,0.0,0.0,0.082,0.414,0.0,0.0,0.0,3.34,7.0,167.0
1,0.0,0.0,0.0,0.0,0.0,0.0,0.0,0.0,0.0,0.0,0.0,0.0,0.65,0.0,0.0,0.0,0.0,1.19,2.81,0.0,0.0,0.0,0.0,0.0,0.0,0.0,0.0,0.0,0.0,0.0,0.0,0.0,0.0,0.0,0.0,0.0,0.0,0.0,0.0,0.0,0.0,0.0,0.0,0.0,0.0,0.0,0.0,0.0,0.0,0.0,0.0,0.0,1.125,2.0,9.0
2,0.0,0.0,0.0,0.0,0.0,0.0,0.0,0.0,0.0,0.0,0.0,0.0,0.0,0.0,0.0,1.19,0.91,0.0,1.19,0.0,0.0,0.0,0.73,0.0,0.0,0.0,0.0,0.0,0.0,0.0,0.0,0.0,0.0,0.0,0.0,0.0,0.0,0.0,0.0,0.0,0.0,0.0,0.0,0.0,0.0,0.0,0.0,0.0,0.0,1.1457999999999993,0.38239999999999963,0.0,3.875,31.0,93.0
2,0.0,0.24,1.29,0.0,0.36,0.6,0.6,0.0,0.6,1.32,0.12,0.85,0.48,0.0,0.16,0.12,0.0,0.0,1.33,0.12,0.6,0.0,0.48,0.12,0.0,0.0,0.0,0.0,0.0,0.0,0.0,0.0,0.0,0.0,0.0,0.0,0.0,0.0,0.0,0.0,0.0,0.0,0.24,0.0,0.0,0.12,0.0,0.0,0.117,0.234,0.234,0.0,4.493,39.0,746.0
2,0.0,0.26,0.0,0.0,0.26,0.0,0.0,0.0,0.0,1.32,0.0,0.0,0.0,0.0,0.0,0.0,0.0,0.0,0.26,0.0,0.26,0.0,0.0,0.0,0.0,0.0,0.0,0.0,0.0,0.0,0.0,0.0,0.0,0.0,0.0,0.0,0.0,0.0,0.0,0.0,0.0,0.0,0.0,0.0,0.0,0.0,0.0,0.17069999999999982,0.067,0.033,0.0,0.0,5.009,55.0,506.0
2,0.0,0.0,0.0,0.0,0.92,0.0,0.3,0.0,0.0,0.0,0.0,0.0,0.0,0.0,0.0,0.0,0.0,0.0,0.3,0.0,0.61,0.0,0.61,0.0,0.0,0.0,0.0,0.0,0.0,0.0,0.0,0.0,0.0,0.0,0.0,0.0,0.0,0.0,0.0,0.0,0.0,0.0,0.0,0.0,0.0,0.0,0.0,0.046,0.0,0.092,0.322,0.0,2.074,49.0,278.0
1,0.0,0.0,0.65,0.0,0.0,0.0,0.0,0.0,0.0,0.0,0.0,0.0,0.65,0.0,0.0,0.0,0.0,0.0,4.6,0.0,0.65,0.0,0.0,0.0,0.0,0.0,0.0,0.0,0.0,0.0,0.0,0.0,0.0,0.0,0.0,0.0,0.0,0.0,0.0,0.0,0.0,0.0,0.0,0.0,1.44,0.65,0.0,0.0,0.0,0.125,0.0,0.0,1.25,5.0,40.0
2,0.6569999999999983,0.0,0.0,0.0,0.0,0.46,0.0,0.15,0.0,0.61,0.0,0.3,0.65,0.0,0.0,0.0,0.0,0.0,1.84,0.0,0.92,0.0,0.73,0.5769999999999982,0.0,0.0,0.0,0.0,0.0,0.0,0.0,0.0,0.0,0.0,0.0,0.0,0.0,0.0,0.0,0.0,0.0,0.0,0.0,0.0,0.0,0.0,0.0,0.0,0.057,0.52,0.289,0.14209999999999945,4.33,84.0,446.0
2,0.0,0.26,0.26,0.0,0.39,0.0,0.13,0.0,0.0,0.26,0.0,0.26,0.26,0.0,0.13,0.26,0.0,0.13,3.14,0.26,1.44,0.0,0.13,0.26,0.0,0.0,0.0,0.0,0.0,0.0,0.0,0.0,0.0,0.0,0.0,0.0,0.0,0.0,0.0,0.0,0.0,0.0,0.0,0.0,0.13,0.0,0.0,0.0,0.0,0.022,0.022,0.14209999999999945,9.018899999999988,107.0,1096.0
2,0.0,0.33,0.33,0.0,0.66,0.0,0.0,0.33,0.0,0.33,0.0,0.33,0.0,0.0,0.0,0.66,0.91,0.0,1.0,0.0,0.66,0.0,0.0,0.0,0.0,0.0,0.0,0.0,0.0,0.0,0.0,0.0,0.0,0.0,0.0,0.0,0.0,0.0,0.0,0.33,0.0,0.0,0.0,0.0,0.0,0.0,0.0,0.0,0.0,0.109,0.0,0.054,2.825,34.0,113.0
1,0.0,0.0,0.0,0.0,0.0,0.0,0.0,0.0,0.0,0.0,0.0,0.0,0.0,0.0,0.0,0.0,0.0,0.0,0.0,0.0,0.0,0.0,0.0,0.0,0.0,0.0,0.0,0.0,0.0,0.0,0.0,0.0,0.0,0.0,0.0,0.0,0.0,0.0,0.0,0.0,0.0,0.0,0.0,0.0,0.0,0.0,0.0,0.0,0.0,0.0,0.0,0.0,1.666,3.0,15.0
1,0.0,0.23,0.0,0.0,0.0,0.23,0.0,0.46,0.0,0.0,0.0,0.92,0.0,0.0,0.16,0.0,0.0,0.23,0.23,0.0,0.0,0.0,0.0,0.0,1.15,0.92,0.0,0.0,0.0,0.23,0.0,0.0,0.23,0.0,0.0,0.23,0.23,0.0,0.0,0.0,0.0,0.23,0.23,0.0,0.0,0.23,0.0,0.063,0.063,0.159,0.0,0.0,1.616,13.0,173.0
2,0.0,0.0,0.0,0.0,0.0,0.64,0.0,0.6,0.0,0.0,0.0,0.0,0.0,0.0,0.0,0.0,0.0,0.0,3.87,0.0,0.64,0.0,0.0,0.0,0.0,0.0,0.0,0.0,0.0,0.0,0.0,0.0,0.0,0.0,0.0,0.0,0.0,0.0,0.0,0.0,0.0,0.0,0.0,0.0,0.0,0.0,0.0,0.0,0.0,1.1457999999999993,0.117,0.0,1.8,12.0,63.0
1,0.0,0.39,0.19,0.0,0.19,0.09,0.0,0.0,0.0,0.0,0.0,0.29,0.0,0.0,0.16,0.0,0.0,0.29,0.89,0.0,0.29,0.0,0.0,0.0,0.49,0.49,0.0,0.0,0.0,0.0,0.0,0.0,0.0,0.0,0.0,0.0,0.19,0.0,0.0,0.0,0.0,0.0,0.09,0.0,0.09,1.166999999999998,0.0,0.17069999999999982,0.08,0.016,0.0,0.0,1.679,17.0,178.0
1,0.0,0.0,0.0,0.0,1.05,0.0,0.0,0.0,0.0,0.0,0.0,0.0,0.0,0.0,0.0,0.0,0.0,0.0,0.0,0.0,0.0,0.0,0.0,0.0,0.0,0.0,0.0,0.0,0.0,0.0,0.0,0.0,0.4669999999999982,0.0,0.0,0.0,0.0,0.0,0.0,0.0,0.0,0.0,0.0,0.0,0.0,0.0,0.0,0.0,0.072,0.0,0.0,0.0,1.486,10.0,55.0
1,0.6569999999999983,0.0,0.99,0.0,0.0,0.0,0.0,0.0,0.0,0.0,0.0,0.0,0.0,0.0,0.0,0.0,0.0,0.0,1.98,0.0,0.0,0.0,0.0,0.0,0.0,0.0,0.0,0.0,0.0,0.0,0.0,0.0,0.0,0.0,0.0,0.0,0.0,0.0,0.0,0.0,0.0,0.0,0.0,0.0,1.44,1.166999999999998,0.0,0.0,0.0,0.186,0.0,0.0,1.937,15.0,62.0
2,0.0,0.0,0.51,0.0,0.51,0.0,0.0,0.51,0.0,0.0,0.0,1.02,0.0,0.0,0.16,0.0,0.0,0.51,2.56,0.0,2.56,0.0,0.73,0.0,0.0,0.0,0.0,0.0,0.0,0.0,0.0,0.0,0.0,0.0,0.0,0.0,0.0,0.0,0.51,0.39,0.0,0.0,0.0,0.0,0.51,0.0,0.0,0.0,0.189,0.094,0.38239999999999963,0.0,5.038,60.0,131.0
2,0.06,0.0,0.71,0.0,1.23,0.19,0.19,0.12,0.64,0.25,0.38,0.45,0.12,0.0,0.16,0.06,0.06,1.03,1.36,0.32,0.51,0.0,0.73,0.06,0.0,0.0,0.0,0.0,0.0,0.0,0.0,0.0,0.0,0.0,0.0,0.0,0.0,0.0,0.0,0.06,0.0,0.0,0.12,0.0,0.06,0.06,0.0,0.01,0.143,0.276,0.184,0.01,9.018899999999988,156.39999999999964,1179.3999999999996
1,0.0,0.0,0.0,0.0,0.0,0.0,0.0,0.0,0.0,0.0,0.0,0.0,0.0,0.0,0.0,0.0,0.0,0.0,0.0,0.0,0.0,0.0,0.0,0.0,0.0,0.0,0.0,0.0,0.0,0.0,0.0,0.0,0.0,0.0,0.66,0.0,0.0,0.0,0.0,0.0,0.0,0.0,0.0,0.0,0.0,0.0,0.0,0.0,0.0,0.0,0.0,0.0,2.5,7.0,10.0
1,0.0,0.0,0.0,0.0,0.0,0.0,0.0,0.0,0.0,0.0,0.0,1.6,0.0,0.0,0.0,0.0,0.0,0.0,0.0,0.0,0.0,0.0,0.0,0.0,3.183999999999996,0.0,0.53,0.0,0.0,0.0,0.0,0.0,0.4669999999999982,0.0,0.0,0.0,0.95,0.0,0.53,0.0,0.0,0.53,0.31,0.0,1.06,0.0,0.0,0.17069999999999982,0.0,0.0,0.0,0.0,2.567,15.0,172.0
1,0.09,0.09,0.36,0.0,0.91,0.18,0.0,0.0,0.0,0.0,0.0,2.22,0.09,0.0,0.0,0.0,0.82,0.0,0.82,0.0,0.45,0.0,0.0,0.0,1.37,0.09,0.0,0.0,0.0,0.7139999999999963,0.0,0.0,0.0,0.0,0.0,0.18,0.0,0.0,0.09,0.0,0.0,0.0,0.0,0.0,0.0,0.0,0.0,0.027,0.0,0.0,0.0,0.0,1.263,4.0,192.0
1,0.0,0.0,0.0,0.0,0.0,0.0,0.0,0.0,0.0,0.0,0.0,0.0,0.0,0.0,0.0,0.0,0.0,0.0,4.34,0.0,0.0,0.0,0.0,0.0,0.0,0.0,0.0,0.85,0.0,0.0,0.0,0.0,0.0,0.0,0.0,0.0,0.0,0.0,0.0,0.0,0.0,0.0,0.0,0.0,0.0,0.0,0.0,0.0,0.537,0.735,0.0,0.0,2.571,10.0,18.0
1,0.0,0.0,0.43,0.0,0.0,0.0,0.0,0.0,0.0,0.0,0.0,0.43,0.65,0.0,0.0,0.0,0.0,0.0,1.29,0.0,0.43,0.0,0.0,0.0,0.86,0.0,0.0,0.0,0.0,0.0,0.0,0.0,0.43,0.0,0.0,0.63,0.0,0.0,0.0,0.0,0.0,0.0,0.0,0.0,0.0,0.0,0.0,0.0,0.22,0.146,0.0,0.0,1.341,6.0,55.0
1,0.0,0.0,0.0,0.0,0.0,0.0,0.0,0.0,0.0,0.0,0.0,0.0,0.0,0.0,0.0,0.0,0.0,0.0,0.0,0.0,0.0,0.0,0.0,0.0,0.0,0.0,1.916999999999998,0.0,0.0,0.0,0.0,0.0,0.0,0.0,0.0,0.0,0.0,0.0,0.0,0.0,0.0,0.0,0.0,0.2869999999999982,1.44,0.0,0.0,0.0,0.0,0.0,0.0,0.0,1.125,2.0,9.0
1,0.0,0.0,0.0,0.0,0.0,0.0,0.0,0.0,0.0,0.0,0.0,0.0,0.0,0.0,0.0,0.0,0.0,0.0,2.43,0.0,0.0,0.0,0.0,0.0,0.0,0.0,0.0,0.0,0.0,0.0,0.0,0.0,0.0,0.0,0.0,0.0,0.0,0.0,0.0,0.0,0.0,0.0,0.0,0.0,0.0,0.0,0.0,0.0,0.0,0.0,0.0,0.0,1.555,3.0,14.0
1,0.0,0.0,0.0,0.0,0.0,0.0,0.0,0.0,0.0,0.0,0.0,0.0,0.0,0.0,0.0,0.0,0.0,0.0,2.53,0.0,0.0,0.0,0.0,0.0,1.26,1.26,1.26,0.85,0.51,0.7139999999999963,0.0,0.0,0.0,0.0,0.66,0.0,0.0,0.0,0.0,0.0,0.0,0.0,0.0,0.0,1.26,0.0,0.0,0.0,0.0,0.208,0.0,0.0,1.758,11.0,51.0
1,0.0,0.0,0.18,0.0,0.09,0.0,0.0,0.0,0.0,0.0,0.27,2.22,0.27,0.0,0.0,0.0,0.27,0.0,0.0,0.0,0.18,0.0,0.0,0.0,3.06,0.0,0.0,0.0,0.0,0.0,0.0,0.0,0.27,0.0,0.0,0.0,0.18,0.0,0.0,0.0,0.0,0.0,0.0,0.0,0.0,0.0,0.0,0.143,0.117,0.0,0.039,0.0,2.313,24.0,590.0
2,0.0,0.02,0.05,0.0,0.02,0.0,0.0,0.05,0.0,0.35,0.0,0.02,0.0,0.0,0.0,0.05,0.1,0.38,0.07,0.2,0.17,0.0,0.0,0.0,0.02,0.0,0.0,0.0,0.0,0.0,0.0,0.0,0.0,0.0,0.0,0.0,0.0,0.0,0.0,0.0,0.0,0.0,0.0,0.0,0.0,0.0,0.0,0.0,0.004,0.107,0.017,0.017,3.922,156.39999999999964,1179.3999999999996
1,0.2,0.06,0.2,0.0,0.4,0.0,0.0,0.0,0.0,0.0,0.0,0.95,0.27,0.0,0.0,0.06,0.06,0.0,0.0,0.0,0.0,0.0,0.0,0.0,3.183999999999996,0.0,0.0,0.0,0.0,0.0,0.0,0.0,0.06,0.0,0.0,0.34,0.06,0.0,0.0,0.0,0.0,0.0,0.13,0.06,0.06,0.0,0.0,0.027,0.09,0.0,0.018,0.0,2.423,26.0,693.0
1,0.23,0.0,0.0,0.0,0.0,0.23,0.0,0.0,0.0,0.0,0.0,0.92,0.46,0.0,0.0,0.0,0.0,0.0,2.76,0.0,2.76,0.0,0.0,0.5769999999999982,0.0,0.0,0.0,0.0,0.0,0.0,0.0,0.0,0.46,0.0,0.0,0.0,0.0,0.0,0.0,0.0,0.0,0.0,0.0,0.0,0.0,0.0,0.0,0.0,0.445,0.202,0.121,0.0,1.945,7.0,142.0
2,0.17,0.0,0.17,0.0,1.44,0.34,0.05,0.05,0.05,0.05,0.05,0.51,0.28,0.05,0.0,0.0,0.69,0.05,4.14,0.23,1.09,0.0,0.73,0.05,0.0,0.0,0.0,0.0,0.0,0.0,0.0,0.0,0.0,0.0,0.0,0.0,0.0,0.0,0.0,0.0,0.0,0.0,0.0,0.0,0.0,0.0,0.0,0.01,0.05,0.01,0.161,0.03,2.051,51.0,521.0
2,0.19,0.19,0.29,0.0,1.07,0.19,0.19,0.6,0.67,0.58,0.09,1.07,0.19,0.17,0.09,0.0,0.0,1.17,3.71,0.35,1.75,0.0,0.09,0.29,0.0,0.0,0.0,0.0,0.0,0.0,0.0,0.0,0.0,0.0,0.0,0.0,0.0,0.0,0.09,0.09,0.0,0.0,0.0,0.0,0.0,0.0,0.0,0.0,0.0,0.404,0.224,0.029,4.285,49.0,870.0
2,0.0,0.0,0.0,0.0,0.0,0.0,0.0,0.0,0.0,1.19,0.0,0.0,0.0,0.0,0.0,1.19,0.0,0.0,3.57,0.0,3.14,0.0,0.0,0.0,1.19,1.19,0.0,0.0,0.0,0.0,0.0,0.0,0.0,0.0,0.0,0.0,0.0,0.0,0.0,0.0,0.0,0.0,0.0,0.0,1.19,0.0,0.0,0.0,0.0,0.204,0.0,0.0,8.636,41.0,95.0
1,0.0,0.0,0.0,0.0,0.0,0.0,0.0,0.0,0.0,0.0,0.0,0.0,0.0,0.0,0.0,0.0,0.0,0.0,0.0,0.0,0.0,0.0,0.0,0.0,0.0,0.0,1.66,0.0,0.0,0.0,0.0,0.0,0.4669999999999982,0.0,0.0,0.0,0.0,0.0,0.0,0.0,0.0,0.0,0.0,0.0,0.0,0.0,0.0,0.0,0.537,0.0,0.0,0.0,3.789,10.0,72.0
1,0.0,0.0,0.0,0.0,0.0,0.0,0.0,0.0,0.0,0.0,0.0,0.0,0.65,0.0,0.0,0.0,0.0,0.0,2.17,0.0,0.0,0.0,0.0,0.0,0.0,0.0,0.0,0.0,0.0,0.0,0.0,0.0,0.0,0.0,0.0,0.0,0.95,0.0,0.0,0.0,0.0,0.0,0.0,0.0,0.0,1.166999999999998,0.0,0.0,0.0,0.0,0.0,0.0,3.387,15.0,105.0
2,0.0,0.0,0.0,0.0,0.0,0.0,0.0,0.0,0.0,0.0,0.0,0.0,0.0,0.0,0.0,1.36,0.0,0.0,3.22,0.0,3.14,0.0,0.0,0.0,0.0,0.0,0.0,0.0,0.0,0.0,0.0,0.0,0.0,0.0,0.0,0.0,0.0,0.0,0.0,0.0,0.0,0.0,0.0,0.0,0.0,0.0,0.0,0.0,0.0,0.0,0.0,0.0,1.0,1.0,9.0
1,0.0,0.0,0.0,0.0,0.0,0.0,0.0,0.0,0.0,0.0,0.0,1.44,0.0,0.0,0.0,0.0,0.48,0.0,0.0,0.0,0.0,0.0,0.0,0.0,0.96,0.0,0.0,0.0,0.0,0.0,0.0,0.0,0.0,0.0,0.0,0.0,0.0,0.0,0.0,0.0,0.0,0.0,0.0,0.0,0.0,0.0,0.0,0.0,0.058,0.0,0.058,0.058,1.755,9.0,79.0
2,0.46,0.0,0.46,0.0,0.0,0.0,0.0,0.46,0.0,0.0,0.0,1.38,0.0,0.0,0.16,0.0,0.46,0.46,2.77,0.0,2.31,0.0,0.73,0.0,0.0,0.0,0.0,0.0,0.0,0.0,0.0,0.0,0.0,0.0,0.0,0.0,0.0,0.0,0.0,0.39,0.0,0.0,0.0,0.0,0.0,0.0,0.0,0.0,0.494,0.082,0.38239999999999963,0.0,3.4,12.0,102.0
1,0.0,0.0,0.0,0.0,0.0,0.0,0.0,0.0,0.0,0.0,0.0,0.0,0.0,0.0,0.0,0.0,0.0,0.0,0.0,0.0,0.0,0.0,0.0,0.0,0.0,0.0,1.916999999999998,0.0,0.0,0.0,0.0,0.0,0.0,0.0,0.0,0.0,0.95,0.0,0.53,0.0,0.0,0.0,0.0,0.0,0.0,0.0,0.0,0.17069999999999982,0.537,0.0,0.0,0.0,3.5,24.0,35.0
2,0.33,0.16,0.33,0.0,0.0,0.16,0.0,0.16,0.16,0.08,0.16,0.57,0.24,0.0,0.0,0.16,0.24,0.24,3.47,0.0,2.06,0.0,0.0,0.5769999999999982,0.0,0.0,0.0,0.0,0.0,0.0,0.0,0.0,0.0,0.0,0.0,0.0,0.0,0.0,0.0,0.0,0.0,0.0,0.0,0.0,0.66,0.0,0.0,0.0,0.0,0.213,0.113,0.0,3.15,76.0,441.0
1,0.0,0.0,0.0,0.0,0.0,0.0,0.0,0.0,0.0,0.0,0.0,0.0,0.0,0.0,0.0,0.0,0.0,0.0,0.0,0.0,0.0,0.0,0.0,0.0,0.0,0.0,1.916999999999998,0.0,0.0,0.0,0.0,0.0,0.0,0.0,0.0,0.0,0.0,0.0,0.0,0.0,0.0,0.0,0.0,0.0,0.0,0.0,0.0,0.0,0.0,0.0,0.0,0.0,1.25,2.0,9.0
1,0.0,0.0,0.0,0.0,0.0,0.0,0.0,0.0,0.0,0.0,0.0,0.0,0.0,0.0,0.0,0.0,0.0,0.0,0.99,0.0,0.99,0.0,0.0,0.0,0.0,0.0,1.916999999999998,0.0,0.0,0.0,0.0,0.0,0.0,0.0,0.0,0.0,0.95,0.0,0.0,0.0,0.0,0.0,0.0,0.2869999999999982,0.99,0.0,0.0,0.0,0.0,0.0,0.0,0.0,1.478,5.0,34.0
1,0.0,0.0,0.55,0.0,0.0,0.0,0.0,0.0,0.55,0.0,0.0,0.0,0.55,0.0,0.0,0.55,0.0,0.55,0.0,0.0,0.55,0.0,0.0,0.0,0.0,0.0,0.0,0.0,0.0,0.0,0.0,0.0,0.0,0.0,0.0,0.0,0.0,0.0,0.0,0.0,0.0,0.0,0.0,0.0,0.0,0.0,0.0,0.0,0.093,0.563,0.0,0.0,2.928,55.0,82.0
1,0.1,0.05,0.35,0.0,0.15,0.0,0.05,0.05,0.05,0.2,0.15,0.61,0.0,0.0,0.0,0.1,0.05,0.0,0.71,0.05,0.46,0.0,0.05,0.0,1.84,0.3,0.0,0.1,0.0,0.15,0.15,0.0,0.0,0.0,0.1,0.25,0.15,0.0,0.0,0.0,0.0,0.0,0.0,0.05,0.05,0.0,0.0,0.0,0.153,0.029,0.021,0.0,1.871,25.0,1123.0
2,0.06,0.12,0.77,0.0,0.19,0.32,0.38,0.0,0.06,0.0,0.0,0.64,0.25,0.0,0.12,0.0,0.0,0.12,1.67,0.06,0.7,0.0,0.19,0.0,0.0,0.0,0.0,0.0,0.0,0.0,0.0,0.0,0.0,0.0,0.0,0.0,0.0,0.0,0.0,0.0,0.0,0.0,0.0,0.06,0.0,0.0,0.0,0.041,0.031,0.25,0.073,0.0,1.764,37.0,766.0
1,0.0,0.0,0.0,0.0,0.0,0.0,0.0,0.0,0.0,0.0,0.0,0.0,0.65,0.0,0.0,0.0,0.0,0.0,4.76,0.0,0.0,0.0,0.0,0.0,0.0,0.0,0.0,0.0,0.0,0.0,0.0,0.0,0.0,0.0,0.0,0.0,0.0,0.0,0.0,0.0,0.0,0.0,0.0,0.0,0.0,0.97,0.0,0.0,0.0,0.0,0.0,0.0,3.391,47.0,78.0
2,0.0,0.0,0.0,0.0,1.05,0.64,0.7839999999999964,0.0,0.0,0.0,0.0,0.0,0.0,0.0,0.0,0.0,0.0,0.0,3.15,0.0,1.05,0.0,0.73,0.0,0.0,0.0,0.0,0.0,0.0,0.0,0.0,0.0,0.0,0.0,0.0,0.0,0.0,0.0,0.0,0.0,0.0,0.0,0.0,0.0,0.0,0.0,0.0,0.0,0.0,0.176,0.176,0.0,2.05,6.0,41.0
2,0.0,0.0,0.0,0.0,0.0,0.64,0.0,0.0,0.0,0.0,0.0,0.0,0.0,0.0,0.0,0.0,0.0,0.0,1.2,0.0,3.14,0.0,0.0,0.5769999999999982,0.0,0.0,0.0,0.0,0.0,0.0,0.0,0.0,0.0,0.0,0.0,0.0,0.0,0.0,0.0,0.0,0.0,0.0,0.0,0.0,0.0,0.0,0.0,0.0,0.0,0.421,0.21,0.0,3.454,17.0,38.0
1,0.0,0.0,0.35,0.0,0.35,0.0,0.0,0.0,0.0,0.0,0.0,0.0,0.0,0.0,0.0,0.0,0.0,0.0,2.47,0.0,0.35,0.0,0.0,0.0,0.0,0.0,0.0,0.0,0.0,0.0,0.0,0.0,0.0,0.0,0.0,0.0,0.0,0.0,0.35,0.0,0.0,0.0,0.0,0.0,0.7,0.0,0.0,0.0,0.064,0.324,0.0,0.0,1.12,3.0,56.0
2,0.0,0.6169999999999982,0.81,0.0,0.4,0.0,0.7839999999999964,0.4,0.0,0.81,0.0,0.4,0.65,0.0,0.0,1.36,0.0,1.19,0.81,0.0,0.4,0.0,0.73,0.0,0.0,0.0,0.0,0.0,0.0,0.0,0.0,0.0,0.0,0.0,0.0,0.0,0.4,0.0,0.0,0.0,0.0,0.0,0.0,0.0,0.0,0.0,0.0,0.0,0.537,0.64,0.38239999999999963,0.0,7.651,156.39999999999964,505.0
2,0.6569999999999983,0.36,0.73,0.0,0.0,0.64,0.73,0.6,0.36,0.36,0.0,0.36,0.0,0.0,0.0,1.1,0.36,0.36,2.2,0.35,2.2,0.0,0.73,0.0,0.0,0.0,0.0,0.0,0.0,0.0,0.0,0.0,0.0,0.0,0.0,0.0,0.0,0.0,0.0,0.0,0.0,0.0,0.0,0.0,0.0,0.0,0.0,0.0,0.111,0.5,0.333,0.0,3.259,30.0,176.0
1,0.0,0.0,0.0,0.0,0.0,0.0,0.0,0.0,0.0,0.0,0.0,0.0,0.0,0.0,0.0,0.0,0.0,0.0,0.0,0.0,0.0,0.0,0.0,0.0,3.183999999999996,0.0,0.0,0.0,0.0,0.28,0.0,0.0,0.28,0.0,0.0,0.0,0.14,0.0,0.28,0.0,0.0,0.0,0.0,0.0,0.0,0.0,0.0,0.0,0.0,0.037,0.0,0.0,9.018899999999988,30.0,1179.3999999999996
1,0.0,0.0,0.0,0.0,1.51,0.0,0.0,0.0,0.0,0.0,0.0,2.22,0.0,0.0,0.0,0.0,0.0,0.0,0.0,0.0,0.0,0.0,0.0,0.0,0.0,0.0,1.916999999999998,0.0,0.0,0.0,0.0,0.0,0.0,0.0,0.0,0.0,0.0,0.0,0.0,0.0,0.0,0.61,0.0,0.0,1.44,0.0,0.0,0.0,0.512,0.0,0.0,0.0,2.4,11.0,24.0
1,0.0,0.6169999999999982,0.0,0.0,0.0,0.0,0.0,0.0,0.0,1.32,0.0,0.67,0.0,0.0,0.0,0.0,0.0,0.0,4.02,0.0,3.14,0.0,0.0,0.0,0.0,0.0,0.0,0.0,0.0,0.0,0.0,0.0,0.0,0.0,0.0,0.0,0.67,0.0,0.0,0.0,0.0,0.0,0.0,0.0,0.0,1.166999999999998,0.0,0.112,0.112,0.112,0.0,0.0,2.484,15.0,82.0
1,0.01,0.01,0.07,0.0,0.05,0.0,0.0,0.01,0.03,0.13,0.05,0.0,0.0,0.05,0.0,0.0,0.01,0.07,0.01,0.0,0.01,0.0,0.0,0.0,0.0,0.0,0.0,0.0,0.0,0.0,0.0,0.0,0.07,0.0,0.0,0.13,0.0,0.0,0.0,0.01,0.0,0.0,0.0,0.03,0.0,0.8,0.0,0.05,0.301,0.002,0.09,0.002,2.577,82.0,1179.3999999999996
1,0.0,0.0,1.29,0.0,0.0,0.0,0.0,0.0,0.66,0.0,0.0,0.0,0.0,0.0,0.0,0.0,0.0,0.0,0.0,0.0,1.33,0.0,0.0,0.0,2.0,1.33,1.916999999999998,0.66,0.51,0.66,0.32,0.0,0.0,0.07,0.66,0.63,0.0,0.0,0.53,0.39,0.0,0.0,0.31,0.0,0.66,0.0,0.0,0.17069999999999982,0.2,0.0,0.0,0.0,1.979,12.0,97.0
2,0.0,0.0,0.0,0.0,0.97,0.0,0.7839999999999964,0.0,0.0,0.0,0.0,0.0,0.0,0.0,0.0,0.97,0.0,0.0,0.0,0.0,1.94,0.0,0.0,0.0,0.0,0.0,0.0,0.0,0.0,0.0,0.0,0.0,0.0,0.0,0.0,0.0,0.0,0.0,0.0,0.0,0.0,0.0,0.0,0.2869999999999982,0.0,0.0,0.0,0.0,0.0,0.834,0.0,0.0,3.052,68.0,116.0
1,0.0,0.0,0.0,0.0,0.0,0.0,0.0,0.0,0.0,0.0,0.0,1.53,0.65,0.0,0.0,0.0,0.0,0.0,3.07,0.0,0.76,0.0,0.0,0.0,0.0,0.0,0.0,0.0,0.0,0.0,0.0,0.0,0.0,0.0,0.0,0.0,0.0,0.0,0.0,0.0,0.0,0.0,0.0,0.0,0.0,0.0,0.0,0.0,0.0,0.0,0.0,0.0,1.444,6.0,26.0
2,0.28,0.0,0.28,0.0,1.43,0.28,0.0,0.14,0.0,0.0,0.0,1.14,0.0,0.0,0.0,0.14,0.42,0.0,3.86,0.0,1.28,0.0,0.14,0.42,0.0,0.0,0.0,0.0,0.0,0.0,0.0,0.0,0.14,0.0,0.0,0.0,0.0,0.0,0.0,0.0,0.0,0.0,0.0,0.14,0.0,0.0,0.0,0.0,0.047,0.094,0.118,0.023,1.42,27.0,250.0
1,0.3,0.0,0.3,0.0,0.0,0.0,0.0,0.0,0.0,0.0,0.0,0.3,0.6,0.0,0.0,0.0,0.0,0.0,3.03,0.0,1.51,0.0,0.0,0.0,0.0,0.0,0.0,0.0,0.0,0.0,0.0,0.0,0.0,0.0,0.0,0.0,0.0,0.0,0.0,0.0,0.0,0.0,0.0,0.0,1.21,0.0,0.0,0.055,0.11,0.055,0.0,0.0,1.947,7.0,74.0
2,0.0,0.6169999999999982,0.0,0.0,0.81,0.0,0.7839999999999964,0.0,0.0,0.0,0.0,0.0,0.0,0.0,0.16,0.0,0.0,0.81,1.63,0.0,2.45,0.0,0.0,0.0,0.0,0.0,0.0,0.0,0.0,0.0,0.0,0.0,0.0,0.0,0.0,0.0,0.0,0.0,0.0,0.0,0.0,0.0,0.0,0.0,0.0,0.0,0.0,0.0,0.0,0.0,0.0,0.0,3.294,11.0,56.0
1,0.0,0.0,0.94,0.0,0.0,0.0,0.0,0.0,0.0,0.0,0.0,0.47,0.0,0.0,0.0,0.0,0.0,0.0,0.0,0.0,0.0,0.0,0.0,0.0,0.47,0.0,0.0,0.0,0.0,0.0,0.0,0.0,0.0,0.0,0.0,0.0,0.94,0.0,0.0,0.0,0.0,0.61,0.0,0.0,0.0,0.0,0.0,0.0,0.0,0.0,0.0,0.0,1.766,4.0,53.0
1,0.0,0.07,0.14,0.0,0.14,0.07,0.0,0.0,0.0,0.0,0.0,1.34,0.07,0.14,0.0,0.0,0.63,0.0,0.14,0.0,0.0,0.0,0.07,0.0,3.03,0.0,0.0,0.0,0.0,0.0,0.0,0.0,0.0,0.0,0.0,0.07,0.21,0.0,0.0,0.0,0.0,0.0,0.0,0.0,0.0,0.0,0.0,0.084,0.177,0.0,0.0,0.0,2.25,26.0,855.0
1,0.0,0.0,0.0,0.0,0.0,0.0,0.0,0.0,0.0,0.0,0.0,0.0,0.0,0.0,0.0,0.0,0.0,0.0,4.76,0.0,0.0,0.0,0.0,0.0,0.0,0.0,0.0,0.0,0.0,0.0,0.0,0.0,0.0,0.0,0.0,0.0,0.0,0.0,0.0,0.0,0.0,0.0,0.0,0.0,0.0,0.0,0.0,0.0,0.0,0.0,0.0,0.0,1.0,1.0,9.0
2,0.0,0.0,0.0,0.0,0.52,0.0,0.0,0.0,0.0,0.0,0.0,0.0,0.0,0.17,0.0,0.52,0.0,0.0,0.0,0.0,0.0,0.0,0.0,0.0,0.0,0.0,0.0,0.0,0.0,0.0,0.0,0.0,0.4669999999999982,0.0,0.0,0.0,0.0,0.0,0.0,0.0,0.0,0.0,0.31,0.0,0.0,1.166999999999998,0.0,0.0,0.077,0.077,0.0,0.0,1.388,11.0,75.0
1,0.0,0.6169999999999982,0.0,0.0,1.27,0.0,0.0,0.0,0.0,0.0,0.0,1.27,0.0,0.0,0.0,0.0,0.0,0.63,3.18,0.0,0.63,0.0,0.0,0.0,0.0,0.0,1.27,0.85,0.0,0.0,0.0,0.0,0.0,0.07,0.0,0.0,0.0,0.0,0.0,0.0,0.0,0.0,0.0,0.0,1.44,0.0,0.0,0.0,0.218,0.0,0.0,0.0,2.215,22.0,113.0
1,0.0,0.0,0.23,0.0,0.0,0.23,0.0,0.0,0.0,0.0,0.0,0.0,0.0,0.0,0.0,0.0,0.0,0.0,0.23,0.0,0.0,0.0,0.0,0.0,0.0,0.0,0.0,0.0,0.0,0.0,0.0,0.0,0.0,0.0,0.0,0.0,0.0,0.0,0.0,0.0,0.0,0.0,0.0,0.0,0.23,1.166999999999998,0.0,0.0,0.064,0.161,0.0,0.0,1.065,7.0,146.0
1,0.6569999999999983,0.0,0.0,0.0,0.25,0.0,0.0,0.0,0.0,0.0,0.0,1.28,0.0,0.0,0.0,0.0,0.0,0.0,2.05,0.0,2.31,0.0,0.0,0.0,0.25,1.7939999999999965,0.0,0.0,0.51,0.0,0.0,0.0,0.0,0.0,0.0,0.0,0.25,0.0,0.0,0.0,0.0,0.0,0.0,0.0,0.0,0.0,0.0,0.0,0.117,0.039,0.0,0.0,4.016,45.0,237.0
1,0.0,0.0,1.29,0.0,0.0,0.0,0.0,0.0,0.0,0.0,0.0,0.0,0.0,0.0,0.0,0.0,0.0,0.0,3.17,0.0,3.14,0.0,0.0,0.0,0.0,0.0,0.0,0.0,0.0,0.0,0.0,0.0,0.0,0.0,0.0,0.0,0.0,0.0,0.0,0.0,0.0,0.0,0.0,0.0,0.0,0.0,0.0,0.0,0.0,0.0,0.0,0.0,1.23,4.0,16.0
1,0.0,0.6169999999999982,0.0,0.0,0.0,0.0,0.0,0.0,0.0,0.0,0.0,0.0,0.0,0.0,0.0,0.0,0.0,0.0,4.76,0.0,2.5,0.0,0.0,0.0,0.0,0.0,0.0,0.0,0.0,0.0,0.0,0.0,0.0,0.0,0.0,0.0,0.0,0.0,0.0,0.0,0.0,0.0,0.0,0.0,1.44,0.0,0.0,0.0,0.0,0.0,0.0,0.0,1.142,2.0,9.0
1,0.0,0.0,0.0,0.0,0.32,0.0,0.0,0.0,0.32,0.96,0.0,1.29,0.0,0.0,0.16,0.32,0.0,0.0,1.29,0.0,0.0,0.0,0.0,0.0,0.64,0.64,0.0,0.0,0.32,0.0,0.0,0.0,0.0,0.0,0.0,0.32,0.64,0.0,0.32,0.0,0.0,0.0,0.31,0.2869999999999982,0.32,0.0,0.0,0.0,0.145,0.0,0.0,0.0,1.967,18.0,120.0
1,0.0,0.0,0.67,0.0,0.0,0.0,0.0,0.0,0.0,0.0,0.0,1.01,0.33,0.0,0.0,0.0,0.0,0.0,1.35,0.0,0.33,0.0,0.33,0.0,0.0,0.0,0.0,0.0,0.0,0.0,0.0,0.0,0.0,0.0,0.0,0.0,0.0,0.0,0.0,0.0,0.0,0.0,0.0,0.0,0.33,0.33,0.0,0.0,0.0,0.174,0.0,0.0,2.071,47.0,116.0
2,0.44,0.0,0.88,0.0,0.44,0.64,0.44,0.0,0.0,0.0,0.0,0.0,0.0,0.0,0.0,0.0,0.0,0.44,1.76,0.0,2.2,0.0,0.73,0.0,0.0,0.0,0.0,0.0,0.0,0.0,0.0,0.0,0.0,0.0,0.0,0.0,0.0,0.0,0.0,0.0,0.0,0.0,0.0,0.0,0.0,0.0,0.0,0.17069999999999982,0.0,0.43,0.358,0.0,2.403,16.0,137.0
2,0.22,0.44,0.0,0.0,1.33,0.22,0.7839999999999964,0.0,0.0,0.22,0.38,0.66,0.22,0.0,0.0,1.11,0.0,1.11,2.66,0.0,1.77,0.0,0.0,0.0,0.0,0.0,0.0,0.0,0.0,0.0,0.0,0.0,0.0,0.0,0.0,0.0,0.0,0.0,0.0,0.22,0.0,0.0,0.0,0.0,0.0,0.0,0.0,0.0,0.134,0.067,0.067,0.0,1.946,22.0,183.0
1,0.51,0.0,0.0,0.0,0.0,0.0,0.0,0.0,0.0,0.0,0.0,1.54,0.0,0.0,0.0,0.0,0.91,0.0,0.51,0.0,0.0,0.0,0.0,0.0,3.183999999999996,1.7939999999999965,0.0,0.0,0.0,0.51,0.0,0.0,0.0,0.0,0.0,0.51,0.0,0.0,0.0,0.0,0.0,0.0,0.0,0.0,0.51,0.0,0.0,0.0,0.0,0.0,0.0,0.0,1.574,4.0,74.0
2,0.0,0.0,0.0,0.0,0.0,0.0,0.0,0.0,0.0,0.0,0.0,0.0,0.0,0.0,0.0,0.0,0.0,0.0,0.0,0.0,0.0,0.0,0.0,0.0,0.0,0.0,0.0,0.0,0.0,0.0,0.0,0.0,0.0,0.0,0.0,0.0,0.0,0.0,0.0,0.0,0.0,0.0,0.0,0.0,1.44,0.0,0.0,0.0,0.196,0.392,0.196,0.0,5.466,22.0,82.0
2,0.19,0.19,0.19,0.0,1.08,0.19,0.19,0.6,0.67,0.59,0.09,1.08,0.19,0.17,0.09,0.0,0.0,1.18,3.85,0.35,1.78,0.0,0.09,0.29,0.0,0.0,0.0,0.0,0.0,0.0,0.0,0.0,0.0,0.0,0.09,0.0,0.0,0.0,0.09,0.09,0.0,0.0,0.0,0.0,0.0,0.0,0.0,0.0,0.0,0.412,0.222,0.015,4.195,49.0,814.0
2,0.0,0.0,0.0,0.0,0.98,0.0,0.0,0.0,0.0,0.98,0.38,0.98,0.0,0.0,0.0,0.98,0.0,0.98,2.94,0.0,1.96,0.0,0.0,0.0,0.98,0.98,0.0,0.0,0.0,0.0,0.0,0.0,0.0,0.0,0.0,0.0,0.0,0.0,0.0,0.0,0.0,0.0,0.0,0.0,0.0,0.98,0.0,0.0,0.0,0.278,0.0,0.0,2.95,18.0,59.0
1,0.0,0.0,0.0,0.0,0.0,0.0,0.0,0.0,0.0,0.0,0.0,0.0,0.0,0.17,0.0,0.0,0.88,0.88,2.65,0.0,1.76,0.0,0.0,0.0,0.88,0.0,0.0,0.0,0.0,0.0,0.0,0.0,0.0,0.0,0.0,0.0,0.0,0.0,0.0,0.0,0.0,0.0,0.0,0.0,0.0,0.0,0.0,0.0,0.0,0.0,0.0,0.0,1.37,3.0,37.0
1,0.0,0.0,1.29,0.0,0.0,0.0,0.0,0.0,0.0,0.0,0.0,0.0,0.0,0.0,0.0,0.0,0.0,0.0,3.84,0.0,0.0,0.0,0.0,0.0,0.0,0.0,0.0,0.0,0.0,0.0,0.0,0.0,0.0,0.0,0.0,0.0,0.95,0.0,0.0,0.0,0.0,0.0,0.0,0.0,0.0,0.0,0.0,0.0,0.0,0.0,0.0,0.0,1.727,5.0,19.0
2,0.0,0.0,0.0,0.0,0.53,0.0,0.0,0.26,0.0,0.0,0.0,0.26,0.26,0.0,0.0,0.53,0.0,0.0,1.33,0.0,0.0,0.0,0.53,0.26,0.0,0.0,0.0,0.0,0.0,0.0,0.0,0.0,0.0,0.0,0.0,0.0,0.0,0.0,0.0,0.0,0.0,0.0,0.0,0.0,0.0,0.0,0.0,0.0,0.0,0.555,0.0,0.14209999999999945,9.018899999999988,107.0,886.0
1,0.0,0.0,0.0,0.0,0.0,0.0,0.0,0.0,0.0,0.0,0.0,0.0,0.0,0.0,0.0,0.0,0.0,0.0,0.0,0.0,0.0,0.0,0.0,0.0,0.0,0.0,0.0,0.0,0.0,0.0,0.0,0.0,0.0,0.0,0.0,0.0,0.0,0.0,0.0,0.0,0.0,0.0,0.0,0.0,0.0,0.0,0.0,0.0,0.526,0.0,0.0,0.0,1.529,6.0,26.0
2,0.0,0.0,0.0,0.0,0.43,0.43,0.43,0.0,0.0,0.43,0.0,0.43,0.0,0.0,0.0,0.0,0.0,0.0,0.87,0.0,0.0,0.0,0.0,0.0,0.0,0.0,0.0,0.0,0.0,0.0,0.0,0.0,0.0,0.0,0.0,0.0,0.0,0.0,0.0,0.0,0.0,0.0,0.0,0.0,0.0,0.0,0.0,0.0,0.0,0.065,0.0,0.14209999999999945,9.018899999999988,89.0,482.0
2,0.64,0.0,0.64,0.0,1.29,0.0,0.64,0.0,0.0,0.0,0.0,0.64,0.0,0.0,0.0,0.64,0.64,0.0,1.29,0.0,3.14,0.0,0.64,0.0,0.0,0.0,0.0,0.0,0.0,0.0,0.0,0.0,0.0,0.0,0.0,0.0,0.0,0.0,0.0,0.0,0.0,0.0,0.0,0.0,0.0,0.0,0.0,0.0,0.104,0.522,0.313,0.0,2.511,22.0,113.0
2,0.0,0.0,1.29,0.0,0.71,0.0,0.0,0.6,0.0,0.71,0.0,0.0,0.0,0.0,0.0,0.0,0.91,1.19,1.43,0.0,3.14,0.0,0.0,0.0,0.0,0.0,0.0,0.0,0.0,0.0,0.0,0.0,0.0,0.0,0.0,0.0,0.0,0.0,0.0,0.0,0.0,0.0,0.0,0.0,0.0,0.0,0.0,0.0,0.0,0.937,0.0,0.0,9.018899999999988,116.0,214.0
2,0.0,0.0,1.0,0.0,0.0,0.25,0.0,0.25,0.0,0.0,0.0,1.5,0.25,0.0,0.0,0.25,0.5,0.0,2.5,0.0,1.5,0.0,0.0,0.25,0.0,0.0,0.0,0.0,0.0,0.0,0.0,0.0,0.0,0.0,0.0,0.0,0.0,0.0,0.0,0.0,0.0,0.0,0.0,0.0,0.0,0.0,0.0,0.0,0.0,0.203,0.203,0.0,2.866,34.0,129.0
2,0.48,0.6169999999999982,0.97,0.0,0.48,0.0,0.0,0.48,0.0,1.32,0.0,2.22,0.0,0.17,0.0,0.48,0.0,0.0,1.95,0.0,3.14,0.0,0.0,0.0,0.0,0.0,0.0,0.0,0.0,0.0,0.0,0.0,0.0,0.0,0.0,0.0,0.0,0.0,0.0,0.0,0.0,0.0,0.0,0.0,0.0,0.0,0.0,0.0,0.26,1.1457999999999993,0.173,0.086,9.018899999999988,156.39999999999964,735.0
2,0.4,0.4,0.0,0.0,0.0,0.0,0.0,0.0,0.67,1.32,0.38,0.0,0.0,0.0,0.16,0.0,0.0,0.0,1.2,0.0,1.2,0.0,0.73,0.4,0.0,0.0,0.0,0.0,0.0,0.0,0.0,0.0,0.0,0.0,0.0,0.0,0.0,0.0,0.0,0.0,0.0,0.0,0.0,0.0,0.0,0.0,0.0,0.0,0.0,0.855,0.38239999999999963,0.0,4.152,41.0,353.0
1,0.0,0.0,0.0,0.0,0.0,0.0,0.0,0.0,0.0,0.0,0.0,0.0,0.0,0.0,0.0,0.0,0.0,0.0,0.91,0.0,0.0,0.0,0.0,0.0,0.0,0.0,0.0,0.0,0.22,0.0,0.0,0.0,0.0,0.0,0.0,0.0,0.45,0.0,0.0,0.0,0.0,0.0,0.0,0.0,0.0,1.166999999999998,0.0,0.0,0.066,0.0,0.0,0.0,2.284,19.0,329.0
1,0.0,0.0,0.58,0.0,0.58,0.0,0.0,0.0,0.0,1.32,0.0,0.0,0.0,0.0,0.0,0.0,0.0,0.0,0.58,0.0,0.0,0.0,0.0,0.0,1.76,1.17,1.76,0.58,0.51,0.58,0.32,0.0,0.0,0.07,0.58,0.58,0.58,0.0,0.0,0.39,0.0,0.0,0.31,0.0,0.58,0.0,0.0,0.17069999999999982,0.537,0.0,0.0,0.0,2.246,13.0,146.0
2,0.5,0.25,0.42,0.0,0.08,0.23,0.02,0.35,0.35,0.69,0.21,0.9,0.5,0.17,0.02,0.33,0.42,0.02,3.05,0.0,1.43,0.0,0.73,0.46,0.0,0.0,0.0,0.0,0.0,0.0,0.0,0.0,0.0,0.0,0.0,0.0,0.0,0.0,0.0,0.02,0.0,0.0,0.0,0.0,0.02,0.0,0.0,0.0,0.069,0.325,0.38239999999999963,0.124,6.723,156.39999999999964,1179.3999999999996
2,0.0,0.0,0.14,0.0,0.29,0.0,0.14,0.0,0.58,0.0,0.29,0.0,0.0,0.0,0.0,0.87,0.0,1.19,0.58,0.0,0.0,0.0,0.0,0.0,0.0,0.0,0.0,0.43,0.0,0.0,0.0,0.0,0.0,0.0,0.0,0.0,0.29,0.0,0.0,0.0,0.0,0.0,0.0,0.0,0.0,0.0,0.0,0.0,0.08,0.764,0.38239999999999963,0.02,4.979,45.0,1179.3999999999996
2,0.0,0.0,0.0,0.0,0.47,0.0,0.7839999999999964,0.0,0.0,0.0,0.38,0.47,0.0,0.0,0.0,0.47,0.0,1.19,1.41,0.35,1.41,0.0,0.0,0.0,0.0,0.0,0.0,0.0,0.0,0.0,0.0,0.0,0.0,0.0,0.0,0.0,0.0,0.0,0.0,0.0,0.0,0.0,0.0,0.0,0.0,0.0,0.0,0.0,0.0,0.145,0.145,0.0,4.041,54.0,194.0
2,0.0,0.0,0.38,0.0,0.76,0.0,0.38,0.0,0.0,1.14,0.0,0.0,0.0,0.0,0.0,0.38,0.76,0.0,3.04,0.0,1.52,0.0,0.38,0.0,0.0,0.0,0.0,0.0,0.0,0.0,0.0,0.0,0.0,0.0,0.0,0.0,0.0,0.0,0.0,0.0,0.0,0.0,0.0,0.0,1.14,0.0,0.0,0.0,0.299,0.598,0.179,0.0,4.523,78.0,285.0
2,0.07,0.22,0.82,0.0,0.52,0.0,0.07,0.0,0.67,0.59,0.22,0.82,0.07,0.0,0.14,0.0,0.07,0.0,3.29,0.22,1.87,0.0,0.0,0.22,0.0,0.0,0.0,0.0,0.0,0.0,0.0,0.0,0.0,0.0,0.07,0.0,0.0,0.0,0.0,0.0,0.0,0.0,0.0,0.0,0.0,0.0,0.0,0.0,0.095,0.119,0.071,0.14209999999999945,3.429,74.0,974.0
1,0.0,0.0,0.0,0.0,0.0,0.0,0.0,0.0,0.0,0.0,0.0,0.0,0.65,0.0,0.0,0.0,0.0,0.0,2.56,0.0,0.0,0.0,0.0,0.0,0.0,0.0,0.0,0.0,0.0,0.0,0.0,0.0,0.0,0.0,0.0,0.0,0.0,0.0,0.53,0.0,0.0,0.0,0.0,0.0,1.44,0.0,0.0,0.0,0.0,0.473,0.0,0.0,2.454,15.0,27.0
1,0.0,0.0,0.65,0.0,0.65,0.0,0.0,0.0,0.0,0.0,0.0,0.65,0.0,0.0,0.0,0.0,0.65,0.0,0.0,0.0,0.0,0.0,0.0,0.0,0.65,1.7939999999999965,0.0,0.0,0.0,0.65,0.0,0.0,0.0,0.0,0.0,0.0,0.65,0.0,0.53,0.0,0.0,0.0,0.31,0.0,0.65,0.0,0.0,0.093,0.0,0.093,0.0,0.0,1.705,17.0,87.0
2,0.0,0.0,0.0,0.0,0.0,0.0,0.45,0.6,0.45,0.91,0.0,0.0,0.0,0.0,0.0,0.0,0.45,0.45,0.91,0.0,0.45,0.0,0.45,0.0,0.0,0.0,0.0,0.0,0.0,0.0,0.0,0.0,0.0,0.0,0.0,0.0,0.0,0.0,0.0,0.0,0.0,0.0,0.0,0.0,0.0,0.0,0.0,0.0,0.254,0.063,0.127,0.0,4.735,46.0,161.0
1,0.0,0.6169999999999982,1.29,0.0,0.0,0.0,0.0,0.0,0.0,0.0,0.0,0.78,0.0,0.0,0.0,0.0,0.0,1.19,4.76,0.0,3.14,0.0,0.0,0.0,0.0,0.0,0.0,0.0,0.0,0.0,0.0,0.0,0.0,0.0,0.0,0.0,0.0,0.0,0.0,0.0,0.0,0.0,0.0,0.0,0.0,0.0,0.0,0.0,0.137,0.275,0.0,0.0,1.625,9.0,39.0
1,0.0,0.0,0.0,0.0,1.04,0.0,0.0,0.0,0.0,0.0,0.0,0.52,0.0,0.0,0.0,0.0,0.0,0.0,0.0,0.0,0.0,0.0,0.0,0.0,1.56,1.04,0.0,0.52,0.0,0.0,0.0,0.0,0.4669999999999982,0.0,0.52,0.0,0.0,0.0,0.0,0.0,0.0,0.0,0.0,0.0,0.0,0.0,0.0,0.0,0.274,0.0,0.0,0.0,1.848,10.0,61.0
2,0.12,0.24,0.12,0.0,1.32,0.36,0.0,0.36,0.0,0.0,0.36,0.72,0.0,0.0,0.0,0.0,0.0,0.0,4.1,0.0,3.01,0.0,0.12,0.0,0.0,0.0,0.0,0.0,0.0,0.0,0.0,0.0,0.12,0.0,0.0,0.0,0.12,0.0,0.0,0.12,0.0,0.0,0.0,0.0,0.0,0.0,0.0,0.0,0.059,0.019,0.019,0.0,1.714,34.0,180.0
1,0.0,0.0,0.45,0.0,0.45,0.0,0.0,0.0,0.0,0.0,0.0,0.0,0.22,0.0,0.0,0.0,0.0,0.0,1.35,0.0,0.22,0.0,0.0,0.0,0.0,0.0,0.0,0.0,0.0,0.0,0.0,0.0,0.0,0.0,0.0,0.0,0.0,0.0,0.0,0.0,0.0,0.0,0.0,0.22,0.22,0.22,0.0,0.0,0.0,0.0,0.0,0.0,1.13,3.0,78.0
2,0.05,0.3,0.4,0.0,0.1,0.05,0.0,0.05,0.1,0.0,0.0,0.3,0.2,0.0,0.05,0.0,0.0,0.5,1.55,0.3,0.75,0.0,0.15,0.2,0.05,0.05,0.0,0.0,0.0,0.0,0.0,0.0,0.0,0.0,0.0,0.0,0.0,0.0,0.0,0.0,0.0,0.0,0.0,0.05,0.05,0.0,0.0,0.0,0.045,0.054,0.118,0.0,2.37,96.0,588.0
1,0.0,0.0,1.26,0.0,0.0,0.0,0.0,0.0,0.0,0.0,0.0,0.0,0.0,0.0,0.0,0.0,0.0,1.19,0.0,0.0,0.0,0.0,0.0,0.0,2.53,1.26,0.0,0.85,0.0,0.7139999999999963,0.32,0.0,0.0,0.0,0.66,0.63,0.0,0.0,0.0,0.0,0.0,0.0,0.0,0.0,0.0,0.0,0.0,0.0,0.141,0.0,0.0,0.0,2.28,10.0,57.0
1,0.05,0.0,0.17,0.0,0.28,0.0,0.0,0.0,0.51,0.0,0.0,0.17,0.0,0.05,0.0,0.0,0.0,0.05,0.22,0.0,0.17,0.0,0.0,0.0,0.96,1.02,0.05,0.0,0.0,0.0,0.0,0.0,0.28,0.0,0.0,0.11,0.73,0.0,0.0,0.0,0.0,0.0,0.0,0.0,0.0,0.0,0.0,0.165,0.182,0.0,0.016,0.0,2.777,38.0,1161.0
1,0.0,0.0,1.12,0.0,0.0,0.0,0.0,0.6,0.0,0.0,0.0,0.0,0.0,0.0,0.16,0.0,0.0,0.0,3.37,0.0,2.24,0.0,0.0,0.0,0.0,0.0,1.12,0.0,0.0,0.0,0.0,0.0,0.0,0.0,0.0,0.0,0.0,0.0,0.0,0.0,0.0,0.0,0.0,0.0,1.12,0.0,0.0,0.0,0.0,0.0,0.0,0.0,2.0,5.0,44.0
2,0.0,0.0,0.0,0.0,0.0,0.0,0.0,0.0,0.0,0.0,0.0,0.0,0.0,0.0,0.0,0.0,0.0,0.0,4.76,0.0,0.0,0.0,0.0,0.0,0.0,0.0,0.0,0.0,0.0,0.0,0.0,0.0,0.0,0.0,0.0,0.0,0.0,0.0,0.0,0.0,0.0,0.0,0.0,0.0,0.0,0.0,0.0,0.0,0.0,0.0,0.0,0.0,1.0,1.0,9.0
1,0.0,0.0,0.0,0.0,0.0,0.0,0.0,0.0,0.0,0.0,0.0,0.0,0.0,0.17,0.0,0.0,0.0,0.0,0.87,0.0,0.0,0.0,0.0,0.0,0.0,0.0,0.0,0.0,0.0,0.0,0.0,0.0,0.0,0.0,0.0,0.0,0.0,0.0,0.0,0.0,0.0,0.0,0.0,0.0,0.87,0.0,0.0,0.17069999999999982,0.327,0.0,0.0,0.0,1.3,3.0,26.0
2,0.17,0.0,0.08,0.0,0.43,0.08,0.08,0.43,0.08,0.08,0.0,0.6,0.17,0.17,0.0,0.0,0.17,0.08,1.2,0.0,3.14,0.0,0.34,0.08,0.0,0.0,0.0,0.0,0.0,0.0,0.0,0.0,0.0,0.0,0.0,0.0,0.0,0.0,0.0,0.0,0.0,0.0,0.0,0.0,0.0,0.0,0.0,0.0,0.081,0.088,0.013,0.0,4.16,48.0,1140.0
1,0.0,0.0,1.29,0.0,0.0,0.0,0.0,0.0,0.0,0.0,0.0,0.79,0.0,0.0,0.0,0.0,0.0,0.0,1.58,0.0,0.0,0.0,0.0,0.0,0.79,0.79,0.0,0.0,0.0,0.0,0.0,0.0,0.0,0.0,0.0,0.0,0.0,0.0,0.0,0.0,0.0,0.0,0.0,0.0,0.0,0.0,0.0,0.0,0.149,0.149,0.0,0.0,1.482,10.0,43.0
2,0.0,0.0,0.62,0.0,0.62,0.0,0.0,0.0,0.0,0.62,0.0,0.0,0.0,0.0,0.0,0.62,0.0,0.0,1.24,0.0,0.62,0.0,0.0,0.0,0.0,0.0,0.0,0.0,0.0,0.0,0.0,0.0,0.0,0.0,0.0,0.0,0.0,0.0,0.0,0.0,0.0,0.0,0.0,0.0,0.0,0.0,0.0,0.0,0.105,1.055,0.0,0.0,2.033,16.0,120.0
2,0.15,0.15,0.3,0.0,0.75,0.0,0.0,0.0,0.0,0.0,0.0,0.15,0.15,0.0,0.0,0.0,0.0,0.75,1.51,0.0,0.45,0.0,0.0,0.3,0.0,0.0,0.0,0.0,0.0,0.0,0.0,0.0,0.0,0.0,0.0,0.0,0.0,0.0,0.0,0.0,0.0,0.0,0.0,0.0,0.0,0.0,0.0,0.058,0.145,0.087,0.0,0.0,1.54,18.0,208.0
1,0.44,0.22,0.22,0.0,0.44,0.0,0.0,0.22,0.0,0.22,0.0,0.44,0.0,0.0,0.0,0.0,0.0,0.0,1.57,0.0,0.0,0.0,0.0,0.0,0.44,0.22,1.12,0.22,0.22,0.22,0.22,0.0,0.0,0.07,0.22,0.22,0.22,0.0,0.0,0.22,0.0,0.22,0.22,0.0,0.67,0.44,0.0,0.033,0.169,0.033,0.033,0.0,2.28,12.0,203.0
1,0.0,0.0,0.0,0.0,0.0,0.0,0.0,0.0,0.0,1.32,0.0,0.0,0.0,0.0,0.16,0.0,0.0,0.0,0.0,0.0,0.0,0.0,0.0,0.0,3.183999999999996,1.7939999999999965,0.0,0.0,0.0,0.0,0.0,0.0,0.4669999999999982,0.0,0.0,0.0,0.95,0.0,0.0,0.0,0.0,0.0,0.31,0.0,0.0,0.0,0.0,0.0,0.194,0.0,0.0,0.0,3.631,17.0,69.0
1,0.0,0.0,0.1,0.0,0.0,0.0,0.0,0.1,0.0,0.0,0.2,0.41,0.1,0.0,0.0,0.1,0.1,0.0,0.1,0.0,0.0,0.0,0.1,0.0,3.02,0.0,0.0,0.0,0.0,0.0,0.0,0.0,0.0,0.0,0.0,0.52,0.31,0.0,0.0,0.1,0.0,0.0,0.0,0.0,0.0,0.0,0.0,0.074,0.134,0.0,0.059,0.0,2.529,26.0,597.0
2,0.0,0.0,0.0,0.0,0.0,0.0,0.0,0.0,0.0,0.0,0.0,0.0,0.0,0.0,0.0,0.0,0.0,0.0,3.33,0.0,0.0,0.0,0.0,0.0,0.0,0.0,0.0,0.0,0.0,0.0,0.0,0.0,0.0,0.0,0.0,0.0,0.0,0.0,0.0,0.0,0.0,0.0,0.0,0.0,0.0,0.0,0.0,0.0,0.0,1.081,0.0,0.0,2.3,9.0,23.0
1,0.0,0.0,0.0,0.0,0.0,0.0,0.0,0.0,0.0,0.0,0.0,0.0,0.0,0.0,0.0,0.0,0.0,0.0,3.09,0.0,0.0,0.0,0.0,0.0,1.03,1.03,1.916999999999998,0.0,0.0,0.0,0.0,0.0,0.4669999999999982,0.0,0.0,0.0,0.0,0.0,0.0,0.0,0.0,0.0,0.0,0.2869999999999982,0.0,0.0,0.0,0.0,0.0,0.193,0.0,0.0,1.0,1.0,23.0
2,0.0,0.0,0.0,0.0,1.01,0.0,0.0,0.0,0.0,0.0,0.0,0.0,0.0,0.0,0.0,0.0,0.0,0.0,0.0,0.0,0.0,0.0,0.0,0.0,0.0,0.0,0.0,0.0,0.0,0.0,0.0,0.0,0.0,0.0,0.0,0.0,0.95,0.0,0.0,0.0,0.0,0.0,0.0,0.0,0.0,0.0,0.0,0.0,0.088,0.0,0.088,0.0,6.718,33.0,215.0
2,0.17,0.26,1.24,0.0,0.53,0.62,0.44,0.17,0.67,0.79,0.26,1.33,0.17,0.0,0.16,0.62,0.08,1.19,2.66,0.17,1.15,0.0,0.73,0.08,0.0,0.0,0.0,0.0,0.0,0.0,0.0,0.0,0.0,0.0,0.0,0.0,0.0,0.0,0.0,0.08,0.0,0.0,0.0,0.0,0.08,0.0,0.0,0.0,0.07,0.225,0.211,0.014,6.725,156.39999999999964,1179.3999999999996
2,0.51,0.43,0.29,0.0,0.14,0.03,0.0,0.18,0.54,0.62,0.29,0.65,0.65,0.17,0.03,0.21,0.43,0.03,3.0,0.0,1.35,0.0,0.51,0.54,0.0,0.0,0.0,0.0,0.0,0.0,0.0,0.0,0.0,0.0,0.0,0.0,0.0,0.0,0.0,0.0,0.0,0.0,0.0,0.0,0.03,0.0,0.0,0.012,0.08,0.454,0.38239999999999963,0.136,6.59,156.39999999999964,1179.3999999999996
1,0.0,0.0,0.0,0.0,0.0,0.0,0.0,0.0,0.0,0.0,0.0,0.0,0.0,0.0,0.0,0.0,0.0,0.0,0.0,0.0,0.97,0.0,0.0,0.0,0.97,0.97,0.97,0.85,0.0,0.7139999999999963,0.0,0.0,0.0,0.0,0.66,0.0,0.0,0.0,0.0,0.0,0.0,0.0,0.0,0.0,0.0,0.0,0.0,0.0,0.261,0.0,0.0,0.0,2.03,11.0,67.0
2,0.0,0.0,0.0,0.0,0.0,0.0,0.0,0.6,0.0,0.0,0.0,0.0,0.0,0.0,0.0,0.0,0.0,0.0,0.0,0.0,0.0,0.0,0.0,0.0,0.0,0.0,0.0,0.0,0.0,0.0,0.0,0.0,0.0,0.0,0.0,0.0,0.0,0.0,0.0,0.0,0.0,0.0,0.0,0.0,1.06,0.0,0.0,0.0,0.207,0.207,0.207,0.0,3.761,25.0,79.0
2,0.49,0.21,0.56,0.0,0.28,0.21,0.0,0.28,0.28,0.98,0.38,0.98,0.14,0.0,0.0,1.12,0.7,0.07,2.24,0.0,0.98,0.0,0.07,0.5769999999999982,0.0,0.0,0.0,0.0,0.0,0.0,0.0,0.0,0.0,0.0,0.0,0.0,0.0,0.0,0.0,0.07,0.0,0.0,0.0,0.0,0.14,0.0,0.0,0.0,0.108,0.768,0.312,0.0,3.401,94.0,966.0
1,0.39,0.0,0.13,0.0,0.13,0.0,0.0,0.0,0.13,0.0,0.13,0.13,0.0,0.0,0.0,0.13,0.0,0.0,3.85,0.0,1.86,0.0,0.0,0.0,0.0,0.0,0.0,0.0,0.0,0.0,0.0,0.0,0.0,0.0,0.0,0.0,0.0,0.0,0.0,0.0,0.0,0.0,0.0,0.0,0.0,0.0,0.0,0.0,0.066,0.0,0.0,0.022,1.514,21.0,159.0
2,0.06,0.12,0.77,0.0,0.19,0.32,0.38,0.0,0.06,0.0,0.0,0.64,0.25,0.0,0.12,0.0,0.0,0.12,1.67,0.06,0.71,0.0,0.19,0.0,0.0,0.0,0.0,0.0,0.0,0.0,0.0,0.0,0.0,0.0,0.0,0.0,0.0,0.0,0.0,0.0,0.0,0.0,0.0,0.06,0.0,0.0,0.0,0.04,0.03,0.244,0.081,0.0,1.729,43.0,749.0
1,0.0,0.0,0.0,0.0,1.16,0.0,0.0,0.0,0.0,1.16,0.0,2.22,0.0,0.0,0.0,0.0,0.0,0.0,0.0,0.0,0.0,0.0,0.0,0.0,1.16,1.16,0.0,0.85,0.0,0.0,0.0,0.0,0.0,0.0,0.0,0.63,0.0,0.0,0.0,0.0,0.0,0.0,0.0,0.0,0.0,0.0,0.0,0.0,0.39,0.0,0.0,0.0,3.379,11.0,98.0
1,0.0,0.0,0.0,0.0,0.0,0.0,0.0,0.6,0.0,0.0,0.0,0.49,0.0,0.0,0.0,0.0,0.0,0.0,0.0,0.0,0.0,0.0,0.0,0.0,1.98,0.49,0.0,0.49,0.49,0.7139999999999963,0.0,0.0,0.0,0.0,0.49,0.49,0.0,0.0,0.0,0.0,0.0,0.0,0.0,0.0,0.0,0.0,0.0,0.0,0.119,0.0,0.0,0.0,2.135,13.0,126.0
1,0.0,0.0,1.29,0.0,0.0,0.0,0.0,0.0,0.0,0.0,0.0,0.0,0.0,0.0,0.0,0.0,0.0,0.0,0.0,0.0,0.0,0.0,0.0,0.0,0.0,0.0,1.916999999999998,0.0,0.0,0.0,0.0,0.0,0.0,0.0,0.0,0.0,0.0,0.0,0.0,0.0,0.0,0.0,0.0,0.0,1.44,0.0,0.0,0.0,0.537,0.0,0.0,0.0,1.25,2.0,10.0
1,0.0,0.0,0.0,0.0,0.0,0.0,0.0,0.0,0.0,0.0,0.0,0.64,0.0,0.0,0.0,0.0,0.0,1.19,0.0,0.0,0.0,0.0,0.0,0.0,3.183999999999996,1.7939999999999965,1.916999999999998,0.85,0.0,0.7139999999999963,0.32,0.0,0.0,0.0,0.66,0.63,0.0,0.0,0.0,0.0,0.0,0.0,0.0,0.0,0.64,0.0,0.0,0.0,0.324,0.129,0.0,0.14209999999999945,2.142,10.0,150.0
2,0.11,0.22,0.11,0.0,0.45,0.45,0.0,0.11,0.67,1.32,0.11,0.34,0.22,0.11,0.16,0.0,0.45,0.11,3.53,0.0,1.25,0.0,0.45,0.45,0.0,0.0,0.0,0.0,0.0,0.0,0.0,0.0,0.0,0.0,0.0,0.0,0.0,0.0,0.0,0.11,0.0,0.0,0.0,0.0,0.45,0.0,0.0,0.018,0.17,0.265,0.132,0.0,4.215,144.0,666.0
1,0.0,0.0,0.0,0.0,0.0,0.0,0.0,0.0,0.0,1.32,0.0,2.22,0.0,0.0,0.0,0.0,0.0,0.0,1.36,0.0,0.0,0.0,0.0,0.0,1.36,1.36,0.0,0.85,0.0,0.0,0.0,0.0,0.0,0.0,0.0,0.63,0.0,0.0,0.0,0.0,0.0,0.0,0.0,0.0,0.0,0.0,0.0,0.0,0.537,0.0,0.0,0.0,3.142,11.0,88.0
2,0.0,0.0,0.0,0.0,0.0,0.0,0.0,0.0,0.0,0.0,0.0,0.0,0.0,0.0,0.0,0.0,0.0,0.0,4.76,0.0,1.11,0.0,0.0,0.0,0.0,0.0,0.0,0.0,0.0,0.0,0.0,0.0,0.0,0.0,0.0,0.0,0.0,0.0,0.0,0.0,0.0,0.0,0.0,0.0,0.0,0.0,0.0,0.0,0.0,1.1457999999999993,0.0,0.0,4.071,29.0,114.0
1,0.0,0.0,0.0,0.0,0.0,0.0,0.0,0.0,0.0,0.0,0.0,0.0,0.0,0.0,0.0,0.0,0.0,0.0,0.0,0.0,0.0,0.0,0.0,0.0,0.0,0.0,0.0,0.0,0.0,0.0,0.0,0.0,0.0,0.0,0.0,0.0,0.0,0.0,0.0,0.0,0.0,0.0,0.0,0.0,0.0,1.166999999999998,0.0,0.0,0.0,1.052,0.0,0.0,1.0,1.0,9.0
1,0.0,0.27,0.0,0.0,0.0,0.0,0.0,0.0,0.0,0.27,0.0,0.0,0.0,0.0,0.0,0.0,0.0,0.0,1.94,0.0,0.0,0.0,0.0,0.0,0.0,0.0,0.0,0.0,0.0,0.0,0.0,0.0,0.0,0.0,0.0,0.0,0.0,0.0,0.0,0.0,0.0,0.0,0.0,0.0,0.0,0.0,0.0,0.17069999999999982,0.0,0.048,0.0,0.14209999999999945,5.802,43.0,412.0
1,0.0,0.6169999999999982,0.0,0.0,0.0,0.0,0.0,0.0,0.0,1.32,0.0,0.0,0.0,0.0,0.0,0.0,0.0,0.0,0.0,0.0,0.0,0.0,0.0,0.0,0.0,0.0,0.0,0.0,0.0,0.0,0.0,0.0,0.0,0.0,0.0,0.0,0.0,0.0,0.0,0.0,0.0,0.0,0.0,0.0,0.0,0.0,0.0,0.0,0.0,0.0,0.0,0.0,1.3,4.0,13.0
2,0.0,0.0,0.0,0.0,0.91,0.0,0.0,0.0,0.0,0.45,0.0,0.45,0.0,0.0,0.0,0.0,0.0,0.0,3.21,0.35,0.91,0.0,0.0,0.0,0.0,0.0,0.0,0.0,0.0,0.0,0.0,0.0,0.0,0.0,0.0,0.0,0.0,0.0,0.0,0.0,0.0,0.0,0.0,0.0,1.37,0.0,0.0,0.0,0.0,0.164,0.0,0.0,1.076,4.0,42.0
2,0.47,0.0,0.95,0.0,0.95,0.0,0.7839999999999964,0.0,0.0,0.0,0.0,0.47,0.0,0.0,0.0,0.47,0.47,0.0,4.28,0.0,0.95,0.0,0.73,0.0,0.0,0.0,0.0,0.0,0.0,0.0,0.0,0.0,0.0,0.0,0.0,0.0,0.0,0.0,0.0,0.0,0.0,0.0,0.0,0.0,0.47,0.0,0.0,0.0,0.076,1.1457999999999993,0.23,0.0,6.027,91.0,217.0
1,0.0,0.0,0.0,0.0,0.0,0.0,0.0,0.0,0.0,0.0,0.0,2.22,0.0,0.0,0.0,0.0,0.0,0.0,0.0,0.0,0.0,0.0,0.0,0.0,2.63,1.7939999999999965,0.0,0.0,0.51,0.0,0.0,0.0,0.0,0.0,0.0,0.0,0.0,0.0,0.0,0.0,0.0,0.61,0.0,0.0,0.0,0.0,0.0,0.0,0.0,0.0,0.0,0.0,1.4,3.0,14.0
1,0.0,0.0,0.0,0.0,0.0,0.0,0.0,0.0,0.0,0.0,0.0,0.0,0.0,0.0,0.0,0.0,0.0,0.0,0.0,0.0,0.0,0.0,0.0,0.0,3.183999999999996,0.0,1.916999999999998,0.0,0.0,0.0,0.0,0.0,0.0,0.0,0.0,0.0,0.0,0.0,0.0,0.0,0.0,0.0,0.0,0.0,0.0,0.0,0.0,0.0,0.0,0.0,0.0,0.0,1.0,1.0,9.0
1,0.0,0.0,0.0,0.0,0.0,0.0,0.0,0.0,0.0,1.32,0.0,0.0,0.0,0.0,0.16,0.0,0.0,0.0,0.0,0.0,0.0,0.0,0.0,0.0,1.36,1.36,0.0,0.0,0.0,0.0,0.0,0.0,0.4669999999999982,0.0,0.0,0.0,0.95,0.0,0.0,0.0,0.0,0.0,0.31,0.0,0.0,0.0,0.0,0.0,0.404,0.0,0.0,0.0,3.533,17.0,53.0
2,0.0,0.0,0.0,0.0,0.0,0.0,0.0,0.0,0.0,0.0,0.0,0.0,0.0,0.17,0.0,0.0,0.0,0.0,0.0,0.0,0.0,0.0,0.0,0.0,0.0,0.0,0.0,0.85,0.0,0.0,0.0,0.0,0.0,0.0,0.0,0.0,0.0,0.0,0.0,0.0,0.0,0.0,0.0,0.0,0.0,1.166999999999998,0.0,0.121,0.537,0.0,0.0,0.0,2.222,22.0,100.0
2,0.0,0.0,1.29,0.0,0.54,0.0,0.54,0.0,0.54,1.09,0.0,2.18,0.0,0.17,0.0,0.0,0.0,0.0,2.73,0.0,2.73,0.0,0.0,0.0,0.0,0.0,0.0,0.0,0.0,0.0,0.0,0.0,0.0,0.0,0.0,0.0,0.0,0.0,0.0,0.0,0.0,0.0,0.0,0.0,0.0,0.0,0.0,0.0,0.086,1.1457999999999993,0.258,0.086,9.018899999999988,156.39999999999964,565.0
1,0.0,0.0,0.0,0.0,0.0,0.0,0.0,0.0,0.0,0.0,0.0,0.99,0.0,0.0,0.0,0.0,0.0,0.0,0.0,0.0,0.0,0.0,0.0,0.0,2.97,1.7939999999999965,0.0,0.0,0.0,0.0,0.0,0.0,0.0,0.0,0.49,0.0,0.0,0.0,0.0,0.0,0.0,0.0,0.0,0.0,0.0,0.0,0.0,0.0,0.21,0.0,0.0,0.0,1.736,12.0,125.0
1,0.0,0.0,0.0,0.0,1.51,0.0,0.0,0.0,0.0,0.0,0.0,0.0,0.0,0.0,0.0,0.77,0.0,0.0,0.0,0.0,0.0,0.0,0.0,0.0,1.55,0.77,0.77,0.77,0.51,0.7139999999999963,0.32,0.0,0.0,0.07,0.66,0.63,0.0,0.0,0.0,0.39,0.0,0.0,0.0,0.0,0.0,0.0,0.0,0.0,0.376,0.0,0.0,0.0,2.4,11.0,48.0
2,0.6569999999999983,0.0,0.8,0.0,1.51,0.0,0.0,0.0,0.0,0.0,0.0,0.0,0.0,0.0,0.0,0.8,0.8,0.0,1.6,0.0,2.4,0.0,0.73,0.0,0.0,0.0,0.0,0.0,0.0,0.0,0.0,0.0,0.0,0.0,0.0,0.0,0.0,0.0,0.0,0.0,0.0,0.0,0.0,0.0,0.0,0.0,0.0,0.0,0.0,1.1457999999999993,0.361,0.0,2.638,22.0,124.0
1,0.0,0.0,0.0,0.0,0.0,0.0,0.0,0.0,0.0,0.0,0.0,0.0,0.0,0.0,0.0,0.0,0.0,0.0,0.0,0.0,0.0,0.0,0.0,0.0,3.183999999999996,1.7939999999999965,0.0,0.0,0.0,0.0,0.0,0.0,0.0,0.0,0.0,0.0,0.0,0.0,0.0,0.0,0.0,0.0,0.0,0.0,0.0,0.0,0.0,0.0,0.0,0.0,0.0,0.0,3.555,18.0,64.0
1,0.0,0.0,0.0,0.0,0.0,0.0,0.0,0.0,0.0,0.0,0.0,0.0,0.0,0.0,0.0,0.0,0.0,0.0,0.0,0.0,0.0,0.0,0.0,0.0,0.0,0.0,0.0,0.0,0.0,0.0,0.0,0.0,0.0,0.0,0.0,0.0,0.0,0.0,0.0,0.0,0.0,0.0,0.0,0.0,0.0,0.0,0.0,0.0,0.0,0.0,0.0,0.0,3.333,8.0,10.0
1,0.0,0.0,0.0,0.0,0.0,0.0,0.0,0.0,0.0,0.0,0.0,0.0,0.0,0.0,0.0,0.0,0.0,0.0,4.76,0.0,0.0,0.0,0.0,0.0,0.0,0.0,0.0,0.0,0.0,0.0,0.0,0.0,0.0,0.0,0.0,0.0,0.0,0.0,0.0,0.0,0.0,0.0,0.0,0.0,1.44,0.0,0.0,0.0,0.0,0.0,0.0,0.0,1.0,1.0,9.0
1,0.0,0.0,0.0,0.0,0.0,0.0,0.0,0.0,0.0,0.0,0.0,2.22,0.0,0.0,0.0,0.0,0.91,0.0,0.0,0.0,0.91,0.0,0.0,0.0,1.83,0.0,0.0,0.0,0.0,0.7139999999999963,0.0,0.0,0.0,0.0,0.0,0.63,0.0,0.0,0.53,0.0,0.0,0.0,0.0,0.0,0.0,0.0,0.0,0.0,0.12,0.241,0.0,0.0,3.541,26.0,85.0
2,0.6569999999999983,0.0,0.36,0.0,0.36,0.36,0.7839999999999964,0.0,0.0,0.0,0.0,0.36,0.0,0.0,0.0,0.36,0.91,0.73,2.58,0.0,1.1,0.0,0.36,0.5769999999999982,0.0,0.0,0.0,0.0,0.0,0.0,0.0,0.0,0.0,0.0,0.0,0.0,0.0,0.0,0.0,0.0,0.0,0.0,0.0,0.0,0.0,0.0,0.0,0.0,0.186,0.435,0.062,0.0,4.411,156.39999999999964,300.0
2,0.15,0.45,1.05,0.0,0.45,0.0,0.0,0.6,0.6,0.75,0.0,0.9,0.3,0.0,0.16,0.0,0.0,0.0,4.07,0.0,1.51,0.0,0.0,0.3,0.0,0.0,0.0,0.0,0.0,0.0,0.0,0.0,0.0,0.0,0.0,0.0,0.0,0.0,0.0,0.0,0.0,0.0,0.0,0.0,0.15,0.0,0.0,0.0,0.25,1.1457999999999993,0.068,0.0,5.301,130.0,774.0
1,0.0,0.0,0.0,0.0,0.0,0.0,0.0,0.0,0.0,0.0,0.0,1.25,0.0,0.0,0.0,0.62,0.62,0.0,0.62,0.0,0.0,0.0,0.0,0.0,1.87,0.62,0.0,0.0,0.0,0.0,0.0,0.0,0.0,0.0,0.0,0.62,0.0,0.0,0.0,0.0,0.0,0.0,0.0,0.2869999999999982,0.0,0.0,0.0,0.0,0.103,0.103,0.0,0.0,1.347,4.0,31.0
2,0.0,0.09,0.14,0.0,1.04,0.09,0.09,0.0,0.67,0.0,0.04,0.29,0.19,0.0,0.0,0.0,0.14,0.04,1.53,0.24,1.23,0.0,0.29,0.04,0.0,0.0,0.0,0.0,0.0,0.0,0.0,0.0,0.0,0.0,0.0,0.0,0.0,0.0,0.0,0.0,0.0,0.0,0.04,0.0,0.04,0.0,0.0,0.015,0.119,0.431,0.111,0.0,3.37,87.0,1179.3999999999996
2,0.0,0.0,0.0,0.0,0.0,0.0,0.0,0.0,0.0,0.0,0.0,0.0,0.65,0.0,0.0,1.36,0.0,0.0,4.76,0.0,1.44,0.0,0.73,0.0,0.0,0.0,0.0,0.0,0.0,0.0,0.0,0.0,0.0,0.0,0.0,0.0,0.0,0.0,0.0,0.0,0.0,0.0,0.0,0.0,0.0,0.0,0.0,0.0,0.0,0.542,0.271,0.0,2.157,11.0,41.0
1,0.0,0.0,1.23,0.0,0.0,0.0,0.0,0.0,0.0,0.0,0.0,2.22,0.0,0.0,0.0,0.0,0.0,1.19,1.23,0.0,1.23,0.0,0.0,0.0,2.46,1.23,0.0,0.85,0.0,0.7139999999999963,0.32,0.0,0.0,0.0,0.66,0.63,0.95,0.0,0.0,0.0,0.0,0.0,0.0,0.0,0.0,0.0,0.0,0.0,0.139,0.278,0.0,0.0,1.736,10.0,66.0
2,0.0,0.0,1.29,0.0,0.0,0.0,0.0,0.0,0.0,0.0,0.0,1.29,0.0,0.0,0.0,0.0,0.0,0.0,1.29,0.0,3.14,0.0,0.0,0.5769999999999982,0.0,0.0,0.0,0.0,0.0,0.0,0.0,0.0,0.0,0.0,0.0,0.0,0.0,0.0,0.0,0.0,0.0,0.0,0.0,0.0,0.0,0.0,0.0,0.0,0.0,0.0,0.208,0.0,4.23,25.0,55.0
2,0.0,0.0,0.0,0.0,0.0,0.0,0.0,0.0,0.0,0.0,0.0,0.0,0.0,0.0,0.0,0.0,0.0,0.0,0.0,0.0,0.64,0.0,0.0,0.0,0.0,0.0,0.0,0.0,0.0,0.0,0.0,0.0,0.0,0.0,0.0,0.0,0.0,0.0,0.0,0.0,0.0,0.0,0.0,0.0,0.0,0.0,0.0,0.0,0.0,0.233,0.0,0.14209999999999945,9.018899999999988,84.0,323.0
2,0.0,0.0,0.48,0.0,0.48,0.0,0.0,0.48,0.0,0.0,0.0,0.96,0.0,0.0,0.16,0.0,0.48,0.48,2.41,0.0,2.41,0.0,0.73,0.0,0.0,0.0,0.0,0.0,0.0,0.0,0.0,0.0,0.0,0.0,0.0,0.0,0.0,0.0,0.48,0.39,0.0,0.0,0.0,0.0,0.0,0.0,0.0,0.0,0.084,0.084,0.38239999999999963,0.0,5.322,46.0,165.0
2,0.08,0.08,0.76,0.0,0.85,0.64,0.25,0.17,0.59,0.08,0.17,0.59,0.17,0.0,0.16,0.25,0.08,0.93,1.61,0.17,0.42,0.0,0.73,0.08,0.0,0.0,0.0,0.0,0.0,0.0,0.0,0.0,0.0,0.0,0.0,0.0,0.0,0.0,0.0,0.08,0.0,0.0,0.17,0.08,0.08,0.08,0.0,0.0,0.063,0.394,0.114,0.012,7.484,156.39999999999964,1179.3999999999996
2,0.0,0.6169999999999982,0.0,0.0,1.51,0.31,0.0,0.0,0.31,0.0,0.0,0.63,0.0,0.0,0.16,0.63,0.31,1.19,2.22,0.0,1.91,0.0,0.31,0.5769999999999982,0.0,0.0,0.0,0.31,0.0,0.0,0.0,0.0,0.0,0.0,0.0,0.0,0.0,0.0,0.0,0.39,0.0,0.0,0.0,0.0,0.0,0.0,0.0,0.0,0.278,0.055,0.38239999999999963,0.0,3.509,91.0,186.0
1,0.0,0.0,0.0,0.0,0.0,0.0,0.0,0.0,0.0,0.0,0.0,0.0,0.65,0.0,0.0,0.0,0.0,0.0,1.13,0.0,0.0,0.0,0.0,0.0,0.0,0.0,0.0,0.0,0.0,0.0,0.0,0.0,0.0,0.0,0.0,0.0,0.0,0.0,0.0,0.0,0.0,0.0,0.0,0.0,1.13,0.0,0.0,0.17069999999999982,0.0,0.0,0.211,0.0,1.347,4.0,31.0
2,0.0,0.6169999999999982,0.62,0.0,0.0,0.0,0.7839999999999964,0.0,0.0,0.0,0.38,0.62,0.0,0.0,0.16,1.36,0.0,1.19,4.76,0.0,1.25,0.0,0.0,0.0,0.0,0.0,0.0,0.0,0.0,0.0,0.0,0.0,0.0,0.0,0.0,0.0,0.0,0.0,0.0,0.0,0.0,0.0,0.0,0.0,0.0,0.0,0.0,0.0,0.045,0.225,0.0,0.0,2.35,29.0,134.0
1,0.0,0.0,0.0,0.0,0.0,0.0,0.0,0.0,0.0,0.0,0.0,0.0,0.0,0.0,0.0,0.0,0.0,0.0,0.0,0.0,0.0,0.0,0.0,0.0,3.183999999999996,0.0,0.0,0.0,0.0,0.0,0.0,0.0,0.0,0.0,0.0,0.0,0.0,0.0,0.0,0.0,0.0,0.0,0.0,0.0,0.0,0.0,0.0,0.0,0.0,0.0,0.0,0.0,3.333,14.0,20.0
1,0.0,0.19,0.0,0.0,0.0,0.0,0.0,0.0,0.0,0.0,0.0,0.0,0.0,0.0,0.0,0.0,0.0,0.39,0.98,0.19,0.98,0.0,0.0,0.0,0.19,0.0,0.0,0.0,0.0,0.19,0.0,0.0,0.0,0.0,0.0,0.0,0.39,0.0,0.0,0.0,0.0,0.0,0.0,0.0,0.19,1.166999999999998,0.0,0.086,0.0,0.028,0.0,0.0,3.377,15.0,537.0
1,0.39,0.0,0.0,0.0,0.0,0.0,0.0,0.0,0.0,0.39,0.0,0.0,0.0,0.0,0.0,0.0,0.0,0.0,2.39,0.0,0.0,0.0,0.0,0.0,3.183999999999996,1.59,1.19,0.39,0.39,0.7139999999999963,0.32,0.0,0.0,0.07,0.39,0.39,0.39,0.0,0.53,0.39,0.0,0.0,0.31,0.0,0.39,0.0,0.0,0.0,0.104,0.0,0.0,0.052,3.153,57.0,246.0
2,0.0,0.0,0.0,0.0,0.0,0.0,0.0,0.0,0.0,0.0,0.0,0.0,0.0,0.0,0.0,0.0,0.0,0.0,0.0,0.0,0.0,0.0,0.0,0.0,0.0,0.0,0.0,0.0,0.0,0.0,0.0,0.0,0.0,0.0,0.0,0.0,0.0,0.0,0.0,0.0,0.0,0.0,0.0,0.0,0.0,0.0,0.0,0.0,0.278,0.834,0.0,0.0,5.13,27.0,118.0
1,0.11,0.0,0.11,0.0,0.34,0.22,0.0,0.0,0.67,0.0,0.0,0.45,0.11,0.0,0.0,0.0,0.0,0.0,0.45,0.0,0.22,0.0,0.0,0.0,0.68,0.79,0.11,0.0,0.0,0.0,0.0,0.0,0.34,0.0,0.0,0.11,0.22,0.0,0.0,0.0,0.0,0.0,0.0,0.0,0.0,0.0,0.0,0.096,0.192,0.0,0.032,0.0,2.829,32.0,549.0
2,0.0,0.17,1.03,0.0,0.68,0.17,0.68,0.0,0.0,0.17,0.0,0.17,0.17,0.0,0.16,1.03,0.34,0.17,3.44,0.0,1.37,0.0,0.0,0.0,0.0,0.0,0.0,0.0,0.0,0.0,0.0,0.0,0.0,0.0,0.0,0.0,0.0,0.0,0.0,0.17,0.0,0.0,0.0,0.0,0.0,0.0,0.0,0.0,0.084,0.056,0.196,0.0,2.26,53.0,208.0
2,0.0,0.0,0.15,0.0,0.9,0.15,0.0,0.0,0.67,0.0,0.0,0.75,0.15,0.0,0.0,0.0,0.3,0.0,2.26,0.0,0.9,0.0,0.15,0.3,0.0,0.0,0.0,0.0,0.0,0.0,0.0,0.0,0.0,0.0,0.6,0.0,0.0,0.0,0.0,0.0,0.0,0.0,0.0,0.0,0.0,0.0,0.0,0.0,0.1,0.376,0.05,0.025,2.271,49.0,427.0
1,0.0,0.0,0.0,0.0,0.0,0.0,0.0,0.0,0.0,0.0,0.0,0.0,0.0,0.0,0.0,0.0,0.0,0.0,0.0,0.0,0.0,0.0,0.0,0.0,0.0,0.0,0.0,0.0,0.0,0.0,0.0,0.0,0.0,0.0,0.0,0.0,0.0,0.0,0.0,0.0,0.0,0.0,0.0,0.0,0.0,0.0,0.0,0.0,0.0,0.0,0.0,0.0,1.166,2.0,9.0
2,0.3,0.0,1.23,0.0,1.51,0.64,0.61,0.6,0.3,0.3,0.0,0.3,0.0,0.0,0.0,0.0,0.3,0.0,2.47,0.35,0.92,0.0,0.73,0.0,0.0,0.0,0.0,0.0,0.0,0.0,0.0,0.0,0.0,0.0,0.0,0.0,0.0,0.0,0.0,0.0,0.0,0.0,0.0,0.0,0.3,0.0,0.0,0.0,0.045,0.728,0.182,0.0,4.339,60.0,243.0
1,0.0,0.0,0.0,0.0,0.0,0.0,0.0,0.0,0.0,0.0,0.0,0.0,0.0,0.0,0.0,1.06,0.0,0.0,1.06,0.0,0.0,0.0,0.0,0.0,0.0,0.0,0.0,0.0,0.0,0.0,0.0,0.0,0.0,0.0,0.0,0.0,0.0,0.0,0.0,0.0,0.0,0.0,0.0,0.0,1.44,1.06,0.0,0.0,0.14,0.0,0.0,0.0,2.625,47.0,84.0
2,0.1,0.1,0.03,0.0,0.07,0.03,0.0,0.03,0.0,0.1,0.0,0.53,0.0,0.0,0.0,0.17,0.03,0.0,0.81,0.03,1.35,0.0,0.1,0.17,0.0,0.0,0.0,0.0,0.0,0.0,0.0,0.0,0.0,0.0,0.0,0.0,0.0,0.0,0.0,0.0,0.0,0.03,0.0,0.0,0.0,0.0,0.0,0.0,0.071,0.006,0.065,0.0,2.106,46.0,1179.3999999999996
1,0.0,0.0,1.29,0.0,0.0,0.0,0.0,0.0,0.0,0.0,0.0,0.0,0.0,0.0,0.0,0.0,0.0,0.0,1.94,0.0,0.0,0.0,0.0,0.0,0.0,0.0,0.0,0.0,0.0,0.0,0.0,0.0,0.0,0.0,0.0,0.0,0.0,0.0,0.0,0.0,0.0,0.0,0.0,0.0,0.0,0.0,0.0,0.0,0.389,0.389,0.0,0.0,1.26,3.0,29.0
1,0.0,0.0,0.0,0.0,0.0,0.0,0.0,0.0,0.0,0.0,0.0,0.0,0.0,0.0,0.0,0.0,0.0,0.0,2.85,0.0,0.0,0.0,0.0,0.0,0.0,0.0,0.0,0.0,0.0,0.0,0.0,0.0,0.0,0.0,0.66,0.0,0.0,0.0,0.0,0.0,0.0,0.61,0.0,0.0,0.0,0.0,0.0,0.0,0.0,0.436,0.0,0.0,3.071,13.0,43.0
1,0.0,0.0,0.0,0.0,0.0,0.0,0.0,0.0,0.0,0.0,0.0,0.8,0.0,0.0,0.0,0.0,0.0,0.0,0.8,0.0,0.0,0.0,0.0,0.0,0.8,0.0,0.0,0.0,0.0,0.0,0.0,0.0,0.0,0.0,0.66,0.63,0.0,0.0,0.0,0.0,0.0,0.61,0.0,0.2869999999999982,0.0,0.0,0.0,0.0,0.115,0.115,0.0,0.0,3.388,28.0,122.0
2,0.0,0.0,1.29,0.0,0.0,0.64,0.36,0.0,0.0,0.0,0.36,0.36,0.0,0.0,0.0,0.36,0.0,0.0,2.21,0.35,2.95,0.0,0.73,0.0,0.0,0.0,0.0,0.0,0.0,0.0,0.0,0.0,0.0,0.0,0.0,0.0,0.0,0.0,0.0,0.0,0.0,0.0,0.0,0.0,0.0,0.0,0.0,0.0,0.118,0.414,0.38239999999999963,0.14209999999999945,3.0,33.0,177.0
1,0.0,0.0,0.0,0.0,0.0,0.0,0.0,0.0,0.0,0.0,0.0,1.63,0.0,0.0,0.0,0.0,0.0,0.0,4.76,0.0,0.0,0.0,0.0,0.0,0.0,0.0,0.0,0.0,0.0,0.0,0.0,0.0,0.0,0.0,0.0,0.0,0.0,0.0,0.0,0.0,0.0,0.0,0.0,0.0,1.44,0.0,0.0,0.0,0.0,0.0,0.0,0.0,1.333,4.0,20.0
2,0.0,0.0,0.0,0.0,0.0,0.64,0.7839999999999964,0.6,0.0,0.0,0.0,0.68,0.0,0.0,0.0,0.0,0.0,0.34,0.34,0.0,0.0,0.0,0.0,0.0,0.0,0.0,0.0,0.0,0.0,0.0,0.0,0.0,0.0,0.0,0.0,0.34,0.0,0.0,0.0,0.0,0.0,0.34,0.0,0.0,0.0,0.0,0.0,0.0,0.103,0.206,0.309,0.0,4.029,69.0,270.0
1,0.43,0.0,1.29,0.0,0.0,0.43,0.0,0.0,0.0,0.0,0.0,0.0,0.65,0.0,0.0,0.0,0.0,0.0,0.87,0.0,0.0,0.0,0.0,0.0,0.0,0.0,0.0,0.0,0.0,0.0,0.0,0.0,0.0,0.0,0.0,0.0,0.0,0.0,0.0,0.0,0.0,0.0,0.0,0.0,0.0,0.43,0.0,0.0,0.0,0.0,0.0,0.0,2.137,47.0,109.0
2,0.0,0.0,0.0,0.0,0.0,0.0,0.0,0.0,0.0,0.0,0.0,0.0,0.0,0.17,0.0,0.0,0.0,0.0,0.0,0.0,0.0,0.0,0.0,0.0,0.0,0.0,0.0,0.0,0.0,0.0,0.0,0.0,0.0,0.0,0.0,0.63,0.0,0.0,0.0,0.0,0.0,0.0,0.0,0.0,1.03,0.0,0.0,0.0,0.171,0.171,0.342,0.0,3.809,24.0,80.0
2,0.32,0.0,0.32,0.0,0.98,0.32,0.65,0.0,0.0,0.32,0.0,0.98,0.32,0.0,0.0,0.0,0.65,0.0,2.61,0.0,2.28,0.0,0.65,0.0,0.0,0.0,0.0,0.0,0.0,0.0,0.0,0.0,0.0,0.0,0.0,0.0,0.0,0.0,0.0,0.0,0.0,0.0,0.0,0.0,0.0,0.0,0.0,0.0,0.0,0.288,0.173,0.0,3.065,28.0,141.0
1,0.0,0.0,0.0,0.0,0.0,0.0,0.0,0.0,0.0,0.0,0.0,2.22,0.0,0.0,0.0,0.0,0.0,0.0,0.0,0.0,0.0,0.0,0.0,0.0,0.0,0.0,1.916999999999998,0.0,0.0,0.0,0.0,0.0,0.0,0.0,0.0,0.0,0.0,0.0,0.0,0.0,0.0,0.0,0.0,0.2869999999999982,0.0,0.0,0.0,0.0,0.537,0.0,0.0,0.0,1.0,1.0,9.0
1,0.0,0.0,0.76,0.0,0.0,0.0,0.0,0.0,0.0,0.0,0.0,0.0,0.0,0.0,0.0,0.0,0.0,0.0,2.29,0.0,0.0,0.0,0.0,0.0,0.0,0.0,0.0,0.0,0.0,0.0,0.0,0.0,0.0,0.0,0.0,0.0,0.76,0.0,0.0,0.0,0.0,0.0,0.0,0.0,1.44,1.166999999999998,0.0,0.0,0.139,0.0,0.0,0.0,2.29,16.0,71.0
1,0.0,0.0,0.0,0.0,0.0,0.0,0.0,0.0,0.0,0.0,0.0,0.0,0.0,0.17,0.0,0.0,0.0,0.0,0.0,0.0,0.0,0.0,0.0,0.0,0.0,0.0,0.0,0.0,0.0,0.0,0.0,0.0,0.0,0.0,0.0,0.0,0.0,0.0,0.0,0.0,0.0,0.0,0.0,0.0,0.0,0.0,0.0,0.0,0.0,0.0,0.0,0.0,4.75,8.0,19.0
1,0.58,0.0,0.0,0.0,0.19,0.19,0.0,0.0,0.38,0.19,0.0,2.22,0.0,0.0,0.0,0.19,0.0,0.0,2.51,0.0,1.16,0.0,0.0,0.0,0.19,0.58,0.0,0.0,0.0,0.0,0.0,0.0,0.0,0.0,0.0,0.0,0.19,0.0,0.0,0.0,0.0,0.0,0.0,0.2869999999999982,0.0,0.0,0.0,0.0,0.251,0.0,0.0,0.071,2.08,11.0,156.0
1,0.0,0.0,0.0,0.0,0.0,0.0,0.0,0.0,0.0,1.32,0.0,0.0,0.65,0.0,0.0,0.7,0.0,0.7,2.11,0.0,0.0,0.0,0.0,0.0,0.0,0.0,0.0,0.0,0.0,0.0,0.0,0.0,0.0,0.0,0.0,0.0,0.0,0.0,0.0,0.0,0.0,0.0,0.31,0.0,0.7,0.7,0.0,0.0,0.0,0.336,0.0,0.0,2.97,68.0,101.0
1,0.0,0.0,0.0,0.0,0.0,0.0,0.0,0.0,0.0,0.0,0.0,1.23,0.0,0.0,0.0,0.0,0.0,0.0,1.85,0.0,0.61,0.0,0.0,0.5769999999999982,0.0,0.0,0.0,0.0,0.0,0.0,0.0,0.0,0.0,0.0,0.0,0.0,0.61,0.0,0.0,0.0,0.0,0.61,0.0,0.0,1.23,1.166999999999998,0.0,0.0,0.098,0.098,0.0,0.0,1.627,15.0,70.0
1,0.0,0.0,0.0,0.0,0.0,0.0,0.0,0.0,0.0,0.0,0.0,1.72,0.0,0.0,0.0,0.0,0.0,0.0,3.44,0.0,1.72,0.0,0.0,0.0,0.0,1.72,0.0,0.0,0.0,0.0,0.0,0.0,0.0,0.0,0.0,0.0,0.0,0.0,0.53,0.0,0.0,0.0,0.0,0.0,0.0,0.0,0.0,0.0,0.0,0.0,0.0,0.0,2.058,5.0,35.0
2,0.0,0.6169999999999982,0.33,0.0,0.33,0.33,0.33,0.33,0.0,0.0,0.38,1.0,0.0,0.0,0.0,1.0,0.33,0.33,2.68,0.35,3.02,0.0,0.0,0.5769999999999982,0.0,0.0,0.0,0.0,0.0,0.0,0.0,0.0,0.0,0.0,0.0,0.0,0.0,0.0,0.0,0.0,0.0,0.0,0.0,0.0,0.0,0.0,0.0,0.0,0.053,0.16,0.0,0.107,6.111,139.0,275.0
2,0.6569999999999983,0.0,0.82,0.0,0.0,0.0,0.41,0.0,0.0,0.41,0.0,0.41,0.0,0.0,0.0,1.36,0.41,0.0,2.9,0.0,0.41,0.0,0.41,0.5769999999999982,0.0,0.0,0.0,0.0,0.0,0.0,0.0,0.0,0.0,0.0,0.0,0.0,0.0,0.0,0.0,0.0,0.0,0.0,0.0,0.0,0.0,0.0,0.0,0.0,0.193,0.904,0.38239999999999963,0.0,7.478,92.0,344.0
2,0.0,0.0,0.0,0.0,0.0,0.0,0.0,0.0,0.0,0.0,0.0,0.0,0.65,0.0,0.0,0.0,0.0,0.0,0.0,0.0,0.0,0.0,0.0,0.0,0.0,0.0,0.0,0.0,0.0,0.0,0.0,0.0,0.0,0.0,0.0,0.0,0.0,0.0,0.0,0.0,0.0,0.0,0.0,0.0,0.0,0.0,0.0,0.0,0.0,0.0,0.38239999999999963,0.0,2.444,10.0,44.0
2,0.0,0.0,0.0,0.0,1.21,0.0,0.7839999999999964,0.0,0.0,0.8,0.38,0.8,0.4,0.0,0.0,1.36,0.0,0.0,1.61,0.0,1.21,0.0,0.0,0.0,0.0,0.0,0.0,0.0,0.0,0.0,0.0,0.0,0.0,0.0,0.0,0.0,0.0,0.0,0.0,0.0,0.0,0.0,0.0,0.0,0.0,0.0,0.0,0.0,0.07,0.21,0.0,0.07,4.49,24.0,229.0
1,0.0,0.0,0.0,0.0,0.0,0.0,0.0,0.0,0.0,0.0,0.0,0.0,0.0,0.0,0.0,0.0,0.0,0.0,0.0,0.0,0.0,0.0,0.0,0.0,0.0,0.0,0.0,0.0,0.0,0.0,0.0,0.0,0.0,0.0,0.0,0.0,0.0,0.0,0.0,0.0,0.0,0.0,0.0,0.0,0.0,0.0,0.0,0.0,0.319,0.0,0.0,0.0,2.636,9.0,29.0
2,0.0,0.0,1.19,0.0,0.0,0.0,0.0,0.0,0.0,0.0,0.0,0.0,0.0,0.0,0.0,0.0,0.0,0.0,0.59,0.0,2.99,0.0,0.0,0.0,0.0,0.0,0.0,0.0,0.0,0.0,0.0,0.0,0.0,0.0,0.0,0.0,0.0,0.0,0.0,0.0,0.0,0.0,0.0,0.0,0.0,0.0,0.0,0.0,0.093,0.559,0.279,0.0,2.297,12.0,108.0
1,0.0,0.0,0.0,0.0,0.0,0.32,0.0,0.6,0.0,0.0,0.0,1.62,0.0,0.17,0.0,0.0,0.0,0.32,0.0,0.0,0.0,0.0,0.0,0.0,0.32,0.32,0.0,0.32,0.0,0.0,0.0,0.0,0.0,0.0,0.0,0.0,0.0,0.0,0.0,0.0,0.0,0.0,0.0,0.0,0.0,0.0,0.0,0.0,0.081,0.0,0.0,0.0,4.093,87.0,262.0
1,0.0,0.0,0.0,0.0,0.0,0.0,0.0,0.0,0.0,0.87,0.0,2.22,0.0,0.0,0.0,0.0,0.0,0.0,0.87,0.0,0.0,0.0,0.0,0.0,0.87,0.87,0.0,0.85,0.0,0.0,0.0,0.0,0.0,0.0,0.0,0.63,0.0,0.0,0.0,0.0,0.0,0.0,0.0,0.0,0.0,0.0,0.0,0.0,0.308,0.0,0.0,0.0,3.029,11.0,103.0
2,0.39,0.0,0.0,0.0,0.0,0.39,0.0,0.0,0.0,0.0,0.0,1.19,0.0,0.0,0.0,0.39,0.39,0.0,2.39,0.0,2.78,0.0,0.73,0.39,0.0,0.0,0.0,0.0,0.0,0.0,0.0,0.0,0.0,0.0,0.0,0.0,0.0,0.0,0.0,0.0,0.0,0.0,0.0,0.0,0.0,0.0,0.0,0.0,0.0,0.64,0.256,0.0,3.5,30.0,112.0
1,0.0,0.0,0.0,0.0,0.0,0.0,0.0,0.0,0.0,0.0,0.0,1.81,0.0,0.0,0.0,0.0,0.0,0.0,1.81,0.0,0.0,0.0,0.0,0.0,0.0,0.0,0.0,0.0,0.0,0.0,0.0,0.0,0.0,0.0,0.0,0.0,0.0,0.0,0.0,0.0,0.0,0.61,0.0,0.0,0.0,0.0,0.0,0.0,0.286,0.0,0.0,0.0,2.277,9.0,41.0
2,0.0,0.0,0.0,0.0,0.0,0.0,0.7839999999999964,0.0,0.0,0.0,0.0,0.0,0.0,0.0,0.0,1.36,0.0,0.9,1.8,0.0,0.9,0.0,0.0,0.0,0.0,0.0,0.0,0.0,0.0,0.0,0.0,0.0,0.0,0.0,0.0,0.0,0.0,0.0,0.0,0.0,0.0,0.0,0.0,0.0,0.0,0.0,0.0,0.0,0.0,0.841,0.21,0.0,9.018899999999988,156.39999999999964,347.0
1,0.0,0.0,0.0,0.0,0.0,0.0,0.0,0.0,0.0,0.0,0.0,0.0,0.0,0.0,0.0,0.0,0.0,0.0,0.77,0.0,2.32,0.0,0.0,0.0,0.0,0.77,0.0,0.0,0.0,0.0,0.0,0.0,0.0,0.0,0.0,0.0,0.0,0.0,0.0,0.0,0.0,0.61,0.0,0.0,0.0,0.0,0.0,0.0,0.0,0.0,0.0,0.0,1.156,3.0,37.0
2,0.65,0.49,0.32,0.0,0.32,0.16,0.0,0.49,0.65,0.49,0.16,1.3,0.0,0.0,0.16,1.14,0.91,0.16,3.6,0.35,1.8,0.0,0.0,0.49,0.0,0.0,0.0,0.0,0.0,0.0,0.0,0.0,0.0,0.0,0.0,0.0,0.0,0.0,0.0,0.0,0.0,0.0,0.0,0.0,0.0,0.16,0.0,0.0,0.231,0.925,0.231,0.14209999999999945,5.833,47.0,595.0
1,0.0,0.0,0.0,0.0,0.0,0.0,0.0,0.0,0.0,0.0,0.0,0.0,0.0,0.0,0.0,0.0,0.0,0.0,0.0,0.0,0.0,0.0,0.0,0.0,0.0,0.0,0.0,0.0,0.0,0.0,0.0,0.0,0.0,0.0,0.0,0.0,0.0,0.0,0.0,0.0,0.0,0.0,0.0,0.0,0.0,0.0,0.0,0.0,0.537,1.1457999999999993,0.0,0.0,1.0,1.0,9.0
1,0.0,0.0,0.0,0.0,1.51,0.0,0.0,0.0,0.0,0.0,0.0,0.0,0.0,0.17,0.0,0.0,0.0,0.0,2.17,0.0,0.0,0.0,0.0,0.0,0.0,0.0,0.0,0.0,0.0,0.0,0.0,0.0,0.0,0.0,0.0,0.0,0.0,0.0,0.0,0.0,0.0,0.0,0.0,0.0,0.0,0.0,0.0,0.0,0.367,0.0,0.0,0.0,1.0,1.0,9.0
1,0.0,0.0,0.0,0.0,1.51,0.0,0.0,0.0,0.0,0.0,0.0,2.22,0.0,0.0,0.0,0.0,0.0,0.0,1.11,0.0,1.11,0.0,0.0,0.0,1.11,1.11,0.0,0.0,0.51,0.0,0.0,0.0,0.0,0.0,0.0,0.0,0.0,0.0,0.0,0.0,0.0,0.0,0.0,0.0,0.0,0.0,0.0,0.0,0.0,0.0,0.0,0.0,1.0,1.0,22.0
1,0.4,0.0,0.4,0.0,0.0,0.0,0.0,0.0,0.0,0.0,0.0,0.0,0.4,0.0,0.0,0.0,0.0,0.0,1.61,0.0,0.0,0.0,0.0,0.0,0.0,0.0,0.0,0.0,0.4,0.0,0.0,0.0,0.0,0.0,0.0,0.0,0.0,0.0,0.0,0.0,0.0,0.0,0.0,0.0,0.0,0.0,0.0,0.0,0.0,0.0,0.0,0.0,1.148,3.0,31.0
1,0.0,0.0,0.0,0.0,0.0,0.0,0.0,0.0,0.0,0.0,0.0,0.0,0.0,0.0,0.0,0.0,0.0,0.0,0.0,0.0,0.9,0.0,0.0,0.0,0.0,0.0,0.9,0.0,0.0,0.0,0.0,0.0,0.4669999999999982,0.0,0.0,0.0,0.0,0.0,0.0,0.0,0.0,0.0,0.0,0.0,0.0,0.0,0.0,0.0,0.0,0.0,0.0,0.0,3.472,28.0,125.0
2,0.42,0.0,0.0,0.0,0.85,0.64,0.0,0.0,0.0,0.42,0.0,2.13,0.0,0.0,0.0,0.0,0.91,0.0,0.85,0.0,0.85,0.0,0.0,0.42,0.0,0.0,0.0,0.0,0.0,0.0,0.0,0.0,0.0,0.0,0.0,0.42,0.0,0.0,0.0,0.0,0.0,0.0,0.0,0.0,0.0,0.0,0.0,0.0,0.0,1.088,0.0,0.0,5.714,107.0,200.0
2,0.0,0.0,0.51,0.0,0.51,0.51,0.51,0.0,0.0,0.0,0.0,0.0,0.0,0.0,0.0,0.0,0.91,1.03,3.1,0.0,1.03,0.0,0.0,0.0,0.0,0.0,0.0,0.0,0.0,0.0,0.0,0.0,0.0,0.0,0.0,0.0,0.0,0.0,0.0,0.0,0.0,0.0,0.0,0.0,0.0,0.0,0.0,0.0,0.09,0.18,0.0,0.0,1.773,17.0,94.0
1,0.0,0.0,0.0,0.0,0.0,0.0,0.0,0.0,0.0,0.0,0.0,0.0,0.0,0.0,0.0,0.0,0.0,0.0,4.44,0.0,3.14,0.0,0.0,0.0,0.0,0.0,0.0,0.0,0.0,0.0,0.0,0.0,0.0,0.0,0.0,0.0,0.0,0.0,0.0,0.0,0.0,0.0,0.0,0.0,1.44,0.0,0.0,0.0,0.0,0.383,0.0,0.0,1.333,3.0,9.0
2,0.0,0.0,0.48,0.0,1.45,0.0,0.0,0.0,0.48,0.0,0.0,0.0,0.0,0.16,0.0,0.64,0.32,0.0,0.8,0.0,0.48,0.0,0.0,0.0,0.0,0.0,0.0,0.0,0.0,0.0,0.0,0.0,0.0,0.0,0.0,0.16,0.0,0.0,0.0,0.0,0.0,0.0,0.0,0.0,0.16,0.0,0.0,0.0,0.198,0.594,0.0,0.0,5.683,128.0,557.0
1,0.0,0.0,0.0,0.0,0.0,0.57,0.0,0.0,0.0,0.0,0.0,0.0,0.0,0.0,0.0,0.0,0.0,0.0,2.31,0.0,2.89,0.0,0.0,0.0,0.0,0.0,0.0,0.0,0.0,0.0,0.0,0.0,0.0,0.0,0.0,0.0,0.57,0.0,0.0,0.0,0.0,0.0,0.0,0.0,1.44,0.57,0.0,0.0,0.0,0.0,0.0,0.0,1.645,5.0,51.0
1,0.13,0.0,0.2,0.0,0.54,0.13,0.0,0.13,0.4,0.0,0.0,0.06,0.06,0.0,0.0,0.0,0.91,0.0,0.0,0.0,0.0,0.0,0.0,0.0,1.08,0.0,0.0,0.06,0.0,0.0,0.0,0.0,0.0,0.0,0.0,0.0,0.4,0.0,0.0,0.0,0.0,0.0,0.0,0.0,0.06,0.0,0.0,0.009,0.068,0.0,0.166,0.0,2.804,45.0,617.0
2,0.27,0.27,0.55,0.0,0.27,0.27,0.0,0.6,0.27,0.82,0.27,0.55,0.0,0.0,0.0,0.0,0.91,0.55,1.65,0.35,3.03,0.0,0.0,0.0,0.0,0.0,0.0,0.0,0.0,0.0,0.0,0.0,0.0,0.0,0.0,0.0,0.0,0.0,0.0,0.27,0.0,0.0,0.0,0.0,0.0,0.0,0.0,0.0,0.279,1.023,0.093,0.0,3.621,63.0,344.0
1,0.0,0.22,0.0,0.0,0.66,0.22,0.0,0.44,0.44,0.89,0.0,0.0,0.22,0.17,0.0,1.33,0.0,0.0,0.89,0.0,0.44,0.0,0.0,0.22,3.183999999999996,1.7939999999999965,0.66,0.22,0.22,0.22,0.22,0.0,0.0,0.07,0.22,0.22,0.95,0.0,0.0,0.22,0.0,0.0,0.22,0.0,0.22,0.0,0.0,0.148,0.372,0.372,0.223,0.0,3.425,42.0,411.0
1,0.0,0.0,1.16,0.0,0.0,0.0,0.0,0.0,0.0,0.0,0.0,0.0,0.0,0.0,0.0,0.0,0.0,0.0,1.16,0.0,2.32,0.0,0.0,0.0,0.0,0.0,0.0,0.0,0.0,0.0,0.0,0.0,0.0,0.0,0.0,0.0,0.95,0.0,0.0,0.0,0.0,0.0,0.0,0.0,1.16,1.16,0.0,0.0,0.0,0.578,0.0,0.0,1.36,5.0,34.0
1,0.23,0.23,0.0,0.0,0.23,0.23,0.0,0.47,0.23,0.23,0.23,0.23,0.0,0.0,0.0,0.23,0.0,0.0,2.87,0.0,1.91,0.0,0.23,0.23,0.0,0.0,0.0,0.0,0.0,0.0,0.0,0.0,0.0,0.0,0.0,0.0,0.0,0.0,0.0,0.0,0.0,0.0,0.0,0.0,0.23,0.0,0.0,0.0,0.0,0.37,0.205,0.041,2.281,24.0,146.0
1,0.0,0.6169999999999982,0.0,0.0,0.0,0.0,0.0,0.0,0.67,0.0,0.0,0.51,0.0,0.0,0.0,0.0,0.0,0.0,1.03,0.0,0.0,0.0,0.0,0.0,0.51,0.0,1.916999999999998,0.0,0.0,0.0,0.0,0.0,0.0,0.0,0.0,0.0,0.0,0.0,0.0,0.0,0.0,0.0,0.0,0.0,0.0,0.0,0.0,0.0,0.07,0.0,0.141,0.14209999999999945,9.018899999999988,104.0,413.0
1,0.0,0.0,0.17,0.0,0.0,0.0,0.0,0.0,0.0,0.17,0.0,0.17,0.0,0.0,0.0,0.0,0.0,0.0,0.17,0.0,0.0,0.0,0.0,0.0,1.57,1.4,0.0,0.0,0.0,0.17,0.0,0.0,0.17,0.0,0.0,0.0,0.95,0.0,0.0,0.0,0.0,0.0,0.0,0.0,0.0,1.166999999999998,0.0,0.17069999999999982,0.537,0.0,0.0,0.0,4.808,20.0,601.0
2,0.0,0.0,1.29,0.0,0.65,0.0,0.0,0.0,0.0,0.0,0.0,0.65,0.0,0.0,0.0,0.0,0.0,0.0,4.76,0.35,3.14,0.0,0.0,0.5769999999999982,0.0,0.0,0.0,0.0,0.0,0.0,0.0,0.0,0.0,0.0,0.0,0.0,0.0,0.0,0.0,0.39,0.0,0.0,0.0,0.0,0.0,0.0,0.0,0.0,0.0,0.816,0.068,0.0,3.173,43.0,165.0
2,0.0,0.47,0.47,0.0,1.41,0.0,0.47,0.0,0.0,0.47,0.38,0.94,0.0,0.0,0.0,0.94,0.0,0.0,1.88,0.0,0.94,0.0,0.0,0.0,0.0,0.0,0.0,0.0,0.0,0.0,0.0,0.0,0.0,0.0,0.0,0.0,0.0,0.0,0.0,0.0,0.0,0.0,0.0,0.0,0.0,0.0,0.0,0.0,0.0,0.218,0.0,0.0,1.102,6.0,54.0
2,0.0,0.0,0.0,0.0,0.0,0.64,0.0,0.0,0.0,0.0,0.0,0.0,0.0,0.0,0.0,0.0,0.0,0.0,2.38,0.0,0.0,0.0,0.0,0.0,0.0,0.0,0.0,0.0,0.0,0.0,0.0,0.0,0.0,0.0,0.0,0.0,0.0,0.0,0.0,0.0,0.0,0.0,0.0,0.0,0.0,0.0,0.0,0.0,0.147,0.0,0.0,0.0,2.913,27.0,67.0
2,0.63,0.0,0.63,0.0,1.27,0.0,0.63,0.0,0.0,0.0,0.0,0.63,0.0,0.0,0.0,0.63,0.63,0.0,1.27,0.0,2.54,0.0,0.63,0.0,0.0,0.0,0.0,0.0,0.0,0.0,0.0,0.0,0.0,0.0,0.0,0.0,0.0,0.0,0.0,0.0,0.0,0.0,0.0,0.0,0.0,0.0,0.0,0.1,0.0,0.501,0.3,0.0,2.458,22.0,118.0
1,0.0,0.61,0.0,0.0,1.22,0.0,0.0,0.0,0.0,1.32,0.0,0.0,0.0,0.0,0.16,0.0,0.0,0.0,1.84,0.0,1.84,0.0,0.0,0.0,0.61,0.61,0.0,0.0,0.0,0.7139999999999963,0.0,0.0,0.0,0.0,0.0,0.0,0.61,0.0,0.0,0.0,0.0,0.0,0.0,0.0,0.0,0.0,0.0,0.0,0.0,0.0,0.0,0.0,1.476,8.0,62.0
1,0.0,0.0,0.0,0.0,0.0,0.0,0.0,0.0,0.0,0.0,0.0,0.58,0.0,0.0,0.0,0.0,0.0,0.0,0.0,0.0,0.58,0.0,0.0,0.0,0.0,0.0,0.58,0.0,0.0,0.0,0.0,0.0,0.4669999999999982,0.0,0.0,0.0,0.0,0.0,0.0,0.0,0.0,0.0,0.0,0.0,0.58,0.0,0.0,0.0,0.107,0.107,0.0,0.0,1.531,6.0,49.0
1,0.0,0.0,0.0,0.0,0.0,0.0,0.0,0.0,0.0,0.0,0.0,0.0,0.0,0.0,0.0,0.0,0.0,0.0,2.22,0.0,0.0,0.0,0.0,0.0,2.22,1.7939999999999965,0.0,0.0,0.0,0.0,0.0,0.0,0.0,0.0,0.66,0.0,0.0,0.0,0.0,0.0,0.0,0.0,0.0,0.0,0.0,0.0,0.0,0.0,0.0,0.0,0.0,0.0,1.769,8.0,23.0
1,0.0,0.0,0.0,0.0,0.0,0.0,0.0,0.0,0.0,0.0,0.0,1.28,0.0,0.0,0.0,0.0,0.0,0.0,3.84,0.0,0.0,0.0,0.0,0.0,0.0,0.0,0.0,0.0,0.0,0.0,0.0,0.0,0.0,0.0,0.0,0.0,0.0,0.0,0.0,0.0,0.0,0.0,0.0,0.0,0.0,1.166999999999998,0.0,0.17069999999999982,0.182,0.0,0.0,0.0,1.0,1.0,9.0
1,0.0,0.0,0.0,0.0,0.0,0.64,0.0,0.0,0.0,0.0,0.0,0.0,0.65,0.0,0.0,0.0,0.0,0.0,3.27,0.0,0.0,0.0,0.0,0.0,0.0,0.0,0.0,0.0,0.0,0.0,0.0,0.0,0.0,0.0,0.0,0.0,0.0,0.0,0.53,0.0,0.0,0.0,0.0,0.0,0.81,1.166999999999998,0.0,0.0,0.0,0.0,0.0,0.0,2.829,47.0,116.0
1,0.0,0.0,0.0,0.0,0.0,0.0,0.0,0.0,0.0,0.0,0.0,0.0,0.0,0.0,0.0,0.0,0.0,0.0,4.76,0.0,0.0,0.0,0.0,0.0,0.0,0.0,0.0,0.0,0.0,0.0,0.0,0.0,0.0,0.0,0.0,0.0,0.0,0.0,0.0,0.0,0.0,0.0,0.0,0.0,0.0,0.0,0.0,0.0,0.0,0.0,0.0,0.0,2.5,4.0,9.0
1,0.0,0.0,0.0,0.0,0.0,0.0,0.0,0.0,0.0,1.32,0.0,0.0,0.0,0.0,0.0,0.0,0.0,0.0,1.56,0.0,0.0,0.0,0.0,0.0,1.56,1.56,0.0,0.85,0.0,0.0,0.0,0.0,0.0,0.0,0.0,0.63,0.0,0.0,0.0,0.0,0.0,0.0,0.0,0.0,0.0,0.0,0.0,0.0,0.484,0.0,0.0,0.0,3.0,11.0,81.0
1,0.0,0.0,0.59,0.0,0.59,0.0,0.0,0.0,0.0,0.0,0.0,0.59,0.0,0.0,0.0,0.0,0.0,0.0,0.59,0.0,0.59,0.0,0.0,0.0,0.0,0.0,0.59,0.0,0.0,0.0,0.0,0.0,0.0,0.0,0.0,0.0,0.0,0.0,0.0,0.0,0.0,0.0,0.0,0.0,0.59,0.0,0.0,0.0,0.105,0.0,0.0,0.0,1.826,8.0,42.0
2,0.0,0.0,0.0,0.0,0.0,0.0,0.0,0.0,0.0,0.0,0.0,0.0,0.0,0.0,0.0,0.0,0.0,0.0,3.17,0.0,3.14,0.0,0.73,0.0,0.0,0.0,0.0,0.0,0.0,0.0,0.0,0.0,0.0,0.0,0.0,0.0,0.0,0.0,0.0,0.0,0.0,0.0,0.0,0.0,0.0,0.0,0.0,0.0,0.0,0.298,0.38239999999999963,0.0,3.333,12.0,30.0
2,0.42,0.46,0.38,0.0,0.19,0.11,0.0,0.07,0.58,0.62,0.34,0.77,0.5,0.17,0.03,0.23,0.54,0.0,3.06,0.0,1.51,0.0,0.38,0.46,0.0,0.0,0.0,0.0,0.0,0.0,0.0,0.0,0.0,0.0,0.0,0.0,0.0,0.0,0.0,0.0,0.0,0.0,0.0,0.0,0.03,0.0,0.0,0.0,0.076,0.438,0.38239999999999963,0.127,6.134,153.0,1179.3999999999996
1,0.0,0.0,0.0,0.0,0.0,0.0,0.0,0.0,0.0,0.0,0.0,0.0,0.0,0.0,0.0,0.0,0.6,0.0,0.0,0.0,0.0,0.0,0.0,0.0,0.0,0.0,0.0,0.0,0.0,0.0,0.0,0.0,0.0,0.0,0.0,0.63,0.0,0.0,0.0,0.0,0.0,0.0,0.0,0.0,0.0,0.6,0.0,0.0,0.088,0.0,0.0,0.0,1.607,4.0,45.0
2,0.6569999999999983,0.6169999999999982,0.74,0.0,0.0,0.0,0.37,0.0,0.37,1.12,0.38,1.12,0.0,0.0,0.0,0.0,0.0,0.74,2.99,0.0,2.24,0.0,0.0,0.37,0.0,0.0,0.0,0.0,0.0,0.0,0.0,0.0,0.0,0.0,0.0,0.0,0.0,0.0,0.0,0.0,0.0,0.0,0.0,0.0,0.0,0.0,0.0,0.0,0.0,0.061,0.122,0.0,4.727,57.0,208.0
1,0.0,0.0,0.0,0.0,0.0,0.0,0.0,0.0,0.0,0.0,0.0,0.0,0.0,0.0,0.0,0.0,0.0,0.0,0.0,0.0,0.0,0.0,0.0,0.0,0.0,0.0,0.0,0.0,0.0,0.0,0.0,0.0,0.0,0.0,0.0,0.0,0.0,0.0,0.0,0.0,0.0,0.0,0.0,0.0,0.0,1.166999999999998,0.0,0.0,0.0,0.0,0.0,0.0,1.571,5.0,11.0
1,0.0,0.0,0.0,0.0,0.0,0.0,0.0,0.0,0.0,0.0,0.0,0.0,0.0,0.0,0.0,0.0,0.0,0.0,0.0,0.0,2.38,0.0,0.0,0.0,2.38,0.0,0.0,0.85,0.0,0.0,0.0,0.0,0.4669999999999982,0.0,0.66,0.0,0.0,0.0,0.0,0.0,0.0,0.0,0.0,0.0,0.0,0.0,0.0,0.0,0.537,0.374,0.0,0.0,2.85,15.0,57.0
1,0.0,0.0,0.4,0.0,0.0,0.4,0.0,0.0,0.0,0.0,0.0,0.0,0.0,0.0,0.0,0.4,0.0,0.4,0.4,0.0,0.4,0.0,0.0,0.0,0.0,0.0,0.0,0.0,0.0,0.0,0.0,0.0,0.0,0.0,0.0,0.0,0.81,0.0,0.0,0.0,0.0,0.0,0.0,0.0,0.4,0.4,0.0,0.0,0.323,0.0,0.0,0.053,5.263,70.0,300.0
1,0.0,0.0,1.29,0.0,0.0,0.0,0.0,0.0,0.0,0.0,0.0,0.0,0.0,0.0,0.0,0.0,0.0,0.0,0.0,0.0,0.0,0.0,0.0,0.0,3.183999999999996,0.97,0.48,0.48,0.0,0.0,0.0,0.0,0.0,0.0,0.48,0.0,0.48,0.0,0.0,0.0,0.0,0.0,0.31,0.0,0.97,0.0,0.0,0.17069999999999982,0.537,0.078,0.0,0.0,2.552,16.0,171.0
2,0.1,0.2,1.01,0.0,0.8,0.64,0.5,0.0,0.67,0.1,0.3,0.7,0.3,0.0,0.16,0.1,0.0,1.11,1.31,0.2,0.7,0.0,0.6,0.1,0.0,0.0,0.0,0.0,0.0,0.0,0.0,0.0,0.0,0.0,0.0,0.0,0.0,0.0,0.0,0.0,0.0,0.0,0.2,0.0,0.1,0.1,0.0,0.0,0.11,0.49,0.158,0.015,8.55,156.39999999999964,1179.3999999999996
2,0.0,0.34,0.69,0.0,0.34,0.0,0.17,0.0,0.0,0.51,0.17,0.0,0.17,0.0,0.16,0.17,0.0,0.86,0.34,0.17,0.51,0.0,0.0,0.0,0.0,0.0,0.0,0.0,0.0,0.0,0.0,0.0,0.0,0.0,0.0,0.0,0.0,0.0,0.0,0.0,0.0,0.0,0.0,0.0,0.0,0.0,0.0,0.0,0.0,0.315,0.0,0.026,6.364,149.0,942.0
1,0.0,0.0,1.01,0.0,0.0,0.64,0.0,0.0,0.0,1.01,0.0,0.0,0.0,0.0,0.0,0.0,0.0,0.0,1.01,0.0,0.0,0.0,0.0,0.0,0.0,0.0,0.0,0.0,0.0,0.0,0.0,0.0,0.0,0.0,0.0,0.0,0.0,0.0,0.53,0.0,0.0,0.0,0.0,0.0,1.01,1.166999999999998,0.0,0.0,0.0,0.475,0.0,0.0,1.576,15.0,41.0
1,0.0,0.0,0.0,0.0,0.0,0.0,0.0,0.0,0.0,0.0,0.0,2.22,0.0,0.0,0.0,0.0,0.91,0.0,0.0,0.0,0.91,0.0,0.0,0.0,1.83,0.0,0.0,0.0,0.0,0.7139999999999963,0.0,0.0,0.0,0.0,0.0,0.63,0.0,0.0,0.53,0.0,0.0,0.0,0.0,0.0,0.0,0.0,0.0,0.0,0.124,0.249,0.0,0.0,2.576,14.0,67.0
1,0.0,0.0,0.0,0.0,0.0,0.0,0.0,0.0,0.0,0.0,0.0,2.22,0.0,0.0,0.0,0.0,0.0,0.0,0.0,0.0,0.0,0.0,0.0,0.0,0.0,0.0,0.0,0.0,0.0,0.0,0.0,0.0,0.4669999999999982,0.0,0.0,0.0,0.0,0.0,0.0,0.0,0.0,0.0,0.0,0.0,0.0,0.0,0.0,0.0,0.0,0.333,0.0,0.0,1.666,4.0,25.0
1,0.0,0.0,0.0,0.0,0.0,0.0,0.0,0.0,0.0,0.0,0.0,0.0,0.0,0.0,0.0,0.0,0.0,0.0,0.0,0.0,0.0,0.0,0.0,0.0,0.0,0.0,1.916999999999998,0.0,0.0,0.0,0.0,0.0,0.0,0.0,0.0,0.0,0.0,0.0,0.0,0.0,0.0,0.0,0.0,0.0,0.0,0.0,0.0,0.0,0.0,0.0,0.0,0.0,2.333,5.0,9.0
2,0.0,0.0,0.49,0.0,1.48,0.0,0.49,0.0,0.0,0.0,0.0,0.99,0.0,0.0,0.0,0.49,0.91,0.0,2.47,0.0,2.97,0.0,0.0,0.0,0.0,0.0,0.0,0.0,0.0,0.0,0.0,0.0,0.0,0.0,0.0,0.0,0.0,0.0,0.0,0.0,0.0,0.0,0.0,0.0,0.49,0.0,0.0,0.0,0.082,0.497,0.165,0.0,5.113,78.0,225.0
2,0.0,0.0,0.39,0.0,0.78,0.0,0.0,0.06,0.06,0.19,0.13,0.26,0.13,0.0,0.0,0.0,0.0,0.0,0.32,0.0,0.06,0.0,0.0,0.0,0.0,0.0,0.0,0.0,0.0,0.06,0.0,0.0,0.0,0.0,0.0,0.0,0.0,0.0,0.0,0.0,0.0,0.0,0.06,0.0,0.0,0.0,0.0,0.0,0.032,0.0,0.032,0.0,1.206,15.0,240.0
2,0.6569999999999983,0.38,0.0,0.0,0.38,0.38,0.0,0.0,0.0,0.38,0.0,1.53,0.0,0.0,0.0,0.0,0.0,0.0,1.92,0.0,3.07,0.0,0.0,0.0,0.0,0.0,0.0,0.0,0.0,0.0,0.0,0.0,0.0,0.0,0.0,0.0,0.0,0.0,0.0,0.0,0.0,0.0,0.0,0.0,0.0,0.0,0.0,0.0,0.124,0.124,0.0,0.062,9.018899999999988,156.39999999999964,899.0
2,0.0,0.0,0.0,0.0,0.4,0.4,0.4,0.4,0.0,0.0,0.38,0.0,0.0,0.0,0.0,0.4,0.0,0.0,4.0,0.0,2.0,0.0,0.0,0.4,0.0,0.0,0.0,0.0,0.0,0.0,0.0,0.0,0.0,0.0,0.0,0.0,0.0,0.0,0.0,0.0,0.0,0.0,0.0,0.0,0.0,0.0,0.0,0.0,0.0,0.121,0.0,0.0,1.979,12.0,95.0
2,0.0,0.6169999999999982,0.56,0.0,0.56,0.56,0.7839999999999964,0.6,0.0,0.0,0.38,2.22,0.0,0.0,0.0,1.36,0.0,1.12,2.25,0.0,2.82,0.0,0.56,0.0,0.0,0.0,0.0,0.0,0.0,0.0,0.0,0.0,0.0,0.0,0.0,0.0,0.0,0.0,0.0,0.0,0.0,0.0,0.0,0.0,0.0,0.0,0.0,0.0,0.0,0.0,0.0,0.0,1.416,5.0,51.0
1,0.0,0.0,0.0,0.0,0.0,0.0,0.0,0.0,0.0,0.0,0.0,0.0,0.48,0.0,0.0,0.0,0.0,0.0,0.0,0.0,0.0,0.0,0.0,0.0,0.48,1.7939999999999965,0.0,0.0,0.48,0.0,0.0,0.0,0.0,0.0,0.0,0.0,0.95,0.0,0.0,0.0,0.0,0.0,0.0,0.2869999999999982,0.0,0.0,0.0,0.0,0.304,0.0,0.365,0.0,3.016,10.0,187.0
1,0.0,0.0,0.0,0.0,0.0,0.0,0.0,0.0,0.0,0.0,0.0,0.0,0.0,0.0,0.0,0.0,0.0,0.0,0.0,0.0,0.0,0.0,0.0,0.0,0.0,0.0,0.0,0.0,0.0,0.0,0.0,0.0,0.0,0.0,0.0,0.0,0.81,0.0,0.0,0.0,0.0,0.0,0.0,0.0,0.0,0.0,0.0,0.17069999999999982,0.0,0.0,0.0,0.0,1.873,8.0,118.0
2,0.0,0.0,0.0,0.0,0.0,0.0,0.0,0.0,0.0,0.0,0.0,0.0,0.0,0.0,0.0,0.0,0.0,1.19,4.76,0.0,0.0,0.0,0.0,0.0,0.0,0.0,0.0,0.0,0.0,0.0,0.0,0.0,0.0,0.0,0.0,0.0,0.0,0.0,0.0,0.0,0.0,0.0,0.0,0.0,0.0,0.0,0.0,0.0,0.0,0.0,0.338,0.0,1.666,5.0,10.0
1,0.0,0.0,1.29,0.0,0.0,0.0,0.0,0.0,0.0,0.0,0.0,0.0,0.0,0.0,0.0,0.0,0.0,0.0,2.0,0.0,1.0,0.0,0.0,0.0,0.0,0.0,0.0,0.0,0.0,0.0,0.0,0.0,0.0,0.0,0.0,0.0,0.0,0.0,0.0,0.0,0.0,0.0,0.0,0.0,0.0,1.0,0.0,0.0,0.0,0.0,0.0,0.0,1.428,3.0,20.0
1,0.0,0.0,0.0,0.0,0.0,0.0,0.0,0.0,0.0,0.0,0.0,2.22,0.0,0.0,0.0,0.0,0.0,0.0,0.0,0.0,0.0,0.0,0.0,0.0,0.0,0.0,0.0,0.0,0.0,0.0,0.0,0.0,0.0,0.0,0.0,0.0,0.0,0.0,0.0,0.0,0.0,0.0,0.0,0.0,0.0,0.0,0.0,0.0,0.0,0.5,0.0,0.0,1.538,8.0,20.0
1,0.0,0.0,0.21,0.0,0.0,0.0,0.0,0.0,0.0,0.21,0.21,0.0,0.42,0.0,0.0,0.0,0.0,0.0,0.0,0.0,0.42,0.0,0.0,0.0,0.0,0.0,0.0,0.0,0.0,0.0,0.0,0.0,0.0,0.0,0.0,0.0,0.0,0.0,0.0,0.0,0.0,0.0,0.0,0.0,0.0,1.166999999999998,0.0,0.0,0.058,0.0,0.0,0.0,1.203,8.0,195.0
1,0.0,0.0,0.0,0.0,0.0,0.0,0.0,0.0,0.0,0.0,0.0,0.69,0.0,0.0,0.0,0.69,0.0,0.0,2.79,0.0,0.69,0.0,0.0,0.0,2.09,0.0,0.0,0.0,0.0,0.7139999999999963,0.0,0.0,0.0,0.0,0.0,0.0,0.0,0.0,0.0,0.0,0.0,0.0,0.0,0.0,0.69,1.166999999999998,0.0,0.0,0.221,0.0,0.0,0.0,2.184,12.0,83.0
2,0.0,0.6169999999999982,0.0,0.0,0.0,0.0,0.0,0.0,0.0,0.0,0.0,0.0,0.0,0.0,0.0,0.79,0.91,1.19,3.96,0.0,1.58,0.0,0.0,0.0,0.0,0.0,0.0,0.0,0.0,0.0,0.0,0.0,0.0,0.0,0.0,0.0,0.0,0.0,0.0,0.0,0.0,0.0,0.0,0.0,0.79,0.0,0.0,0.0,0.268,0.268,0.0,0.0,2.815,26.0,107.0
2,0.6569999999999983,0.0,0.0,0.0,0.0,0.0,0.0,0.0,0.0,1.32,0.0,0.0,0.65,0.0,0.0,1.36,0.0,0.0,2.94,0.0,1.47,0.0,0.0,0.5769999999999982,0.0,0.0,0.0,0.0,0.0,0.0,0.0,0.0,0.0,0.0,0.0,0.0,0.0,0.0,0.0,0.0,0.0,0.0,0.0,0.0,0.0,0.0,0.0,0.0,0.0,1.1457999999999993,0.254,0.0,6.294,63.0,107.0
1,0.0,0.6169999999999982,0.0,0.0,0.0,0.0,0.0,0.0,0.0,0.0,0.0,0.0,0.0,0.0,0.0,0.0,0.0,0.0,1.58,0.0,0.0,0.0,0.0,0.0,1.58,1.58,1.58,0.85,0.51,0.7139999999999963,0.32,0.0,0.0,0.07,0.66,0.63,0.0,0.0,0.0,0.39,0.0,0.0,0.0,0.0,0.0,0.0,0.0,0.0,0.431,0.0,0.0,0.14209999999999945,3.461,12.0,90.0
1,0.0,0.0,0.0,0.0,0.0,0.0,0.0,0.0,0.0,0.0,0.0,0.0,0.0,0.0,0.0,0.0,0.0,0.0,0.0,0.0,0.0,0.0,0.0,0.0,0.0,0.0,0.0,0.0,0.0,0.0,0.0,0.0,0.0,0.0,0.0,0.0,0.0,0.0,0.0,0.0,0.0,0.0,0.0,0.0,0.0,0.0,0.0,0.17069999999999982,0.0,0.289,0.0,0.0,1.076,2.0,14.0
1,0.0,0.0,0.42,0.0,0.0,0.0,0.21,0.0,0.0,0.21,0.0,0.42,0.0,0.0,0.0,0.0,0.0,0.21,1.49,0.0,0.42,0.0,0.0,0.0,0.21,0.21,0.0,0.0,0.0,0.0,0.0,0.0,0.21,0.0,0.0,0.0,0.0,0.0,0.0,0.0,0.0,0.0,0.0,0.0,0.0,0.0,0.0,0.034,0.139,0.0,0.069,0.0,3.151,37.0,312.0
2,0.0,0.0,0.0,0.0,0.0,0.64,0.0,0.0,0.67,0.0,0.0,0.0,0.0,0.0,0.0,1.36,0.0,0.0,1.36,0.0,0.0,0.0,0.0,0.0,0.0,0.0,0.0,0.0,0.0,0.0,0.0,0.0,0.4669999999999982,0.0,0.0,0.0,0.95,0.0,0.0,0.39,0.0,0.0,0.0,0.0,0.0,0.0,0.0,0.0,0.0,1.1457999999999993,0.222,0.0,9.018899999999988,63.0,107.0
1,0.0,0.0,0.36,0.0,0.73,0.0,0.0,0.0,0.0,0.0,0.0,0.36,0.18,0.0,0.0,0.36,0.0,0.0,1.28,0.0,0.36,0.0,0.0,0.0,0.36,1.28,0.0,0.0,0.0,0.0,0.0,0.0,0.0,0.0,0.0,0.0,0.36,0.0,0.0,0.0,0.0,0.0,0.18,0.0,0.18,0.0,0.0,0.027,0.0,0.055,0.0,0.0,3.176,51.0,270.0
1,0.0,0.0,0.0,0.0,0.0,0.0,0.0,0.0,0.0,0.0,0.0,0.0,0.0,0.0,0.0,0.0,0.0,0.0,0.0,0.0,0.0,0.0,0.0,0.0,0.0,0.0,0.0,0.0,0.0,0.0,0.0,0.0,0.4669999999999982,0.0,0.0,0.21,0.0,0.0,0.0,0.0,0.0,0.0,0.0,0.0,0.0,0.0,0.0,0.03,0.06,0.0,0.0,0.0,2.426,76.0,199.0
1,0.0,0.25,0.5,0.0,0.0,0.0,0.0,0.0,0.0,0.5,0.0,0.63,0.0,0.0,0.0,0.0,0.0,0.0,0.38,0.0,0.0,0.0,0.0,0.0,0.0,0.0,0.0,0.0,0.0,0.0,0.0,0.0,0.0,0.0,0.0,0.0,0.0,0.0,0.0,0.0,0.0,0.0,0.0,0.0,0.0,0.0,0.0,0.018,0.129,0.018,0.0,0.0,8.021,66.0,746.0
1,0.0,0.0,0.0,0.0,0.0,0.64,0.0,0.0,0.0,0.0,0.0,0.0,0.0,0.0,0.0,0.0,0.0,0.0,1.21,0.0,0.0,0.0,0.0,0.0,0.0,0.0,0.0,0.0,0.0,0.0,0.0,0.0,0.0,0.0,0.0,0.0,0.95,0.0,0.0,0.0,0.0,0.0,0.0,0.0,1.21,0.0,0.0,0.0,0.212,0.0,0.0,0.0,1.406,5.0,45.0
2,0.42,0.39,0.36,0.0,0.13,0.09,0.09,0.06,0.49,0.91,0.26,0.55,0.42,0.17,0.03,0.26,0.42,0.03,2.75,0.0,1.27,0.0,0.32,0.52,0.0,0.0,0.0,0.0,0.0,0.0,0.0,0.0,0.0,0.0,0.0,0.0,0.0,0.0,0.0,0.0,0.0,0.0,0.0,0.0,0.09,0.0,0.0,0.032,0.104,0.345,0.38239999999999963,0.109,5.632,134.0,1179.3999999999996
1,0.0,0.0,0.0,0.0,0.0,0.0,0.0,0.0,0.0,0.0,0.0,0.0,0.65,0.17,0.0,0.0,0.0,0.0,0.0,0.0,0.0,0.0,0.0,0.0,3.183999999999996,1.7939999999999965,1.72,0.85,0.51,0.7139999999999963,0.32,0.0,0.0,0.07,0.66,0.63,0.95,0.0,0.53,0.39,0.0,0.0,0.31,0.0,1.44,0.0,0.0,0.0,0.27,0.135,0.0,0.0,2.288,13.0,103.0
1,0.0,0.0,0.0,0.0,0.0,0.0,0.0,0.0,0.0,0.0,0.0,0.0,0.0,0.0,0.0,0.0,0.0,0.0,0.0,0.0,0.0,0.0,0.0,0.0,0.0,0.0,1.2,0.0,0.0,0.0,0.0,0.0,0.0,0.0,0.0,0.0,0.0,0.0,0.0,0.0,0.0,0.0,0.0,0.0,0.0,0.0,0.0,0.0,0.537,0.0,0.0,0.0,3.38,7.0,71.0
2,0.09,0.18,0.36,0.0,0.09,0.0,0.09,0.0,0.55,0.27,0.09,0.83,0.36,0.0,0.0,0.0,0.0,0.09,3.69,0.35,1.56,0.0,0.0,0.36,0.0,0.0,0.0,0.0,0.0,0.0,0.0,0.0,0.0,0.0,0.0,0.09,0.0,0.0,0.0,0.0,0.0,0.0,0.0,0.0,0.09,0.0,0.0,0.0,0.056,0.341,0.085,0.0,7.273,103.0,1171.0
1,0.0,0.0,0.62,0.0,0.0,0.0,0.0,0.0,0.0,0.0,0.0,0.62,0.0,0.0,0.0,0.0,0.0,0.62,1.25,0.0,0.0,0.0,0.0,0.0,1.25,0.62,0.0,0.62,0.0,0.62,0.32,0.0,0.4669999999999982,0.0,0.62,0.62,0.0,0.0,0.0,0.0,0.0,0.0,0.0,0.0,0.62,0.0,0.0,0.0,0.084,0.169,0.0,0.0,1.863,10.0,82.0
1,0.0,0.0,1.29,0.0,0.0,0.37,0.0,0.0,0.0,0.0,0.0,0.74,0.37,0.0,0.0,0.0,0.0,0.0,2.24,0.0,0.74,0.0,0.0,0.0,0.0,0.0,0.0,0.0,0.0,0.0,0.0,0.0,0.0,0.0,0.0,0.63,0.0,0.0,0.0,0.0,0.0,0.0,0.0,0.0,0.0,0.0,0.0,0.0,0.06,0.0,0.0,0.0,1.79,5.0,111.0
2,0.0,0.0,0.0,0.0,0.0,0.0,0.0,0.0,0.0,0.0,0.0,0.0,0.0,0.0,0.0,0.0,0.0,0.0,0.0,0.0,0.0,0.0,0.0,0.0,0.0,0.0,0.0,0.0,0.0,0.0,0.0,0.0,0.0,0.0,0.0,0.0,0.0,0.0,0.0,0.0,0.0,0.0,0.0,0.0,0.0,0.0,0.0,0.0,0.0,1.1457999999999993,0.0,0.0,4.047,22.0,85.0
2,0.0,0.0,0.0,0.0,1.4,0.46,0.7839999999999964,0.0,0.0,0.0,0.0,0.0,0.46,0.0,0.0,0.46,0.46,0.0,1.87,0.0,1.4,0.0,0.0,0.0,0.0,0.0,0.0,0.0,0.0,0.0,0.0,0.0,0.0,0.0,0.0,0.0,0.0,0.0,0.0,0.0,0.0,0.0,0.0,0.0,0.0,0.0,0.0,0.0,0.135,0.135,0.0,0.0,4.0,46.0,96.0
2,0.17,0.17,0.69,0.0,0.34,0.17,0.0,0.6,0.17,0.69,0.34,1.38,0.0,0.0,0.0,0.0,0.91,0.34,2.07,0.35,3.14,0.0,0.0,0.34,0.0,0.0,0.0,0.0,0.0,0.0,0.0,0.0,0.0,0.0,0.0,0.0,0.0,0.0,0.0,0.17,0.0,0.0,0.0,0.0,0.0,0.0,0.0,0.0,0.194,1.1457999999999993,0.055,0.0,5.175,63.0,621.0
1,0.0,0.0,0.0,0.0,0.0,0.0,0.0,0.0,0.0,0.0,0.0,0.0,0.0,0.0,0.0,0.0,0.0,0.0,1.72,0.0,0.0,0.0,0.0,0.0,0.0,0.0,0.0,0.0,0.0,0.0,0.0,0.0,0.0,0.0,0.66,0.0,0.0,0.0,0.0,0.0,0.0,0.61,0.0,0.0,0.0,0.0,0.0,0.0,0.0,0.25,0.0,0.0,2.619,9.0,55.0
1,0.0,0.0,0.0,0.0,0.0,0.0,0.0,0.0,0.0,0.0,0.0,2.22,0.65,0.0,0.0,0.0,0.0,0.0,0.0,0.0,0.0,0.0,0.0,0.0,0.0,0.0,0.0,0.0,0.0,0.0,0.0,0.0,0.0,0.0,0.65,0.0,0.0,0.0,0.0,0.39,0.0,0.0,0.0,0.0,0.0,0.0,0.0,0.0,0.0,0.0,0.0,0.0,2.211,9.0,115.0
2,0.6569999999999983,0.16,0.4,0.0,0.16,0.24,0.0,0.16,0.0,0.49,0.08,0.57,0.65,0.0,0.16,0.0,0.0,0.32,2.37,0.0,1.22,0.0,0.49,0.5769999999999982,0.0,0.0,0.0,0.0,0.0,0.0,0.0,0.0,0.0,0.0,0.0,0.0,0.0,0.0,0.0,0.0,0.0,0.0,0.0,0.0,0.0,0.0,0.0,0.0,0.095,0.845,0.255,0.095,4.194,84.0,713.0
1,0.07,0.0,0.15,0.0,1.51,0.15,0.0,0.46,0.0,0.0,0.07,0.46,0.46,0.0,0.0,0.0,0.07,0.0,0.76,0.0,0.38,0.0,0.0,0.0,0.69,0.0,0.0,0.0,0.0,0.0,0.0,0.0,0.0,0.0,0.0,0.0,0.15,0.0,0.0,0.0,0.0,0.07,0.0,0.0,0.61,0.0,0.0,0.0,0.022,0.0,0.033,0.0,1.705,36.0,220.0
1,0.0,0.0,0.0,0.0,0.0,0.0,0.0,0.0,0.0,0.0,0.0,0.0,0.0,0.0,0.0,0.0,0.0,0.0,0.0,0.0,0.0,0.0,0.0,0.0,0.0,0.0,0.0,0.0,0.0,0.0,0.0,0.0,0.0,0.0,0.0,0.0,0.0,0.0,0.0,0.0,0.0,0.0,0.0,0.0,0.0,0.0,0.0,0.0,0.537,0.862,0.0,0.0,1.0,1.0,9.0
1,0.12,0.12,0.12,0.0,0.12,0.12,0.0,0.37,0.12,0.0,0.12,0.74,0.0,0.0,0.0,0.0,0.24,0.12,0.0,0.24,0.0,0.0,0.0,0.0,0.49,0.0,0.0,0.12,0.12,0.0,0.0,0.0,0.0,0.0,0.0,0.63,0.24,0.0,0.12,0.0,0.0,0.49,0.0,0.0,0.0,0.74,0.0,0.017,0.089,0.0,0.017,0.0,1.403,18.0,456.0
1,0.0,0.0,0.0,0.0,0.0,0.0,0.0,0.0,0.0,0.0,0.0,2.22,0.0,0.0,0.0,0.0,0.0,1.19,0.0,0.0,0.0,0.0,0.0,0.0,3.183999999999996,0.0,0.0,0.0,0.0,0.7139999999999963,0.0,0.0,0.0,0.0,0.0,0.0,0.95,0.0,0.0,0.0,0.0,0.0,0.0,0.0,0.0,0.0,0.0,0.0,0.0,0.0,0.0,0.0,1.466,6.0,22.0
2,0.05,0.05,0.4,0.0,0.34,0.0,0.0,0.0,0.57,0.05,0.0,0.28,0.11,0.0,0.0,0.17,0.0,0.0,1.04,0.05,0.92,0.0,0.0,0.05,0.0,0.0,0.0,0.0,0.05,0.0,0.0,0.0,0.0,0.0,0.0,0.0,0.0,0.0,0.0,0.0,0.0,0.11,0.0,0.0,0.05,0.0,0.0,0.019,0.099,0.099,0.079,0.009,4.881,95.0,1179.3999999999996
1,0.0,0.0,0.0,0.0,0.0,0.0,0.0,0.0,0.0,0.0,0.0,0.0,0.0,0.0,0.0,0.0,0.0,0.0,0.0,0.0,0.0,0.0,0.0,0.0,3.183999999999996,0.0,0.0,0.0,0.0,0.0,0.0,0.0,0.0,0.0,0.0,0.0,0.0,0.0,0.0,0.0,0.0,0.0,0.0,0.0,0.0,0.0,0.0,0.0,0.0,0.0,0.0,0.0,3.125,17.0,25.0
2,0.0,0.0,0.64,0.0,0.0,0.64,0.0,0.0,0.0,0.0,0.0,0.0,0.0,0.0,0.0,0.64,0.0,0.0,2.59,0.0,0.0,0.0,0.64,0.0,0.0,0.0,0.0,0.0,0.0,0.0,0.0,0.0,0.0,0.0,0.0,0.0,0.64,0.0,0.0,0.0,0.0,0.0,0.0,0.0,0.0,0.0,0.0,0.094,0.189,0.662,0.0,0.0,9.018899999999988,131.0,292.0
1,0.1,0.05,0.1,0.0,0.31,0.1,0.0,0.0,0.0,0.05,0.0,0.31,0.05,0.0,0.0,0.1,0.1,0.0,0.84,0.05,0.63,0.0,0.0,0.05,1.47,0.36,0.0,0.05,0.0,0.21,0.1,0.0,0.0,0.0,0.1,0.15,0.21,0.0,0.36,0.0,0.0,0.0,0.0,0.0,0.1,0.0,0.0,0.007,0.168,0.038,0.061,0.007,1.704,25.0,939.0
2,0.0,0.0,0.97,0.0,0.38,0.19,0.0,0.0,0.0,0.19,0.0,1.16,0.0,0.0,0.0,0.0,0.0,0.0,0.58,0.0,0.38,0.0,0.73,0.0,0.0,0.0,0.0,0.0,0.0,0.0,0.0,0.0,0.0,0.07,0.0,0.0,0.19,0.0,0.0,0.0,0.0,0.0,0.0,0.0,0.0,0.0,0.0,0.0,0.208,0.364,0.312,0.0,7.541,156.39999999999964,543.0
2,0.0,0.0,0.0,0.0,0.0,0.0,0.7839999999999964,0.0,0.0,0.0,0.0,0.0,0.0,0.0,0.0,0.0,0.0,0.0,1.96,0.0,1.96,0.0,0.0,0.5769999999999982,0.0,0.0,0.0,0.0,0.0,0.0,0.0,0.0,0.0,0.0,0.0,0.0,0.0,0.0,0.0,0.0,0.0,0.0,0.0,0.0,0.0,0.0,0.0,0.0,0.0,0.334,0.0,0.0,3.214,22.0,45.0
2,0.09,0.0,0.27,0.0,0.36,0.09,0.0,0.18,0.09,0.0,0.0,0.72,0.0,0.17,0.0,0.0,0.0,0.0,2.0,0.0,3.14,0.0,0.36,0.09,0.0,0.0,0.0,0.0,0.0,0.0,0.0,0.0,0.0,0.0,0.0,0.0,0.0,0.0,0.0,0.0,0.0,0.0,0.0,0.0,0.27,0.0,0.0,0.015,0.047,0.252,0.031,0.031,3.816,69.0,542.0
2,0.0,0.0,0.0,0.0,0.0,0.0,0.0,0.0,0.0,0.0,0.0,0.0,0.0,0.0,0.0,0.0,0.0,0.0,0.0,0.0,0.0,0.0,0.0,0.0,0.0,0.0,0.0,0.0,0.0,0.0,0.0,0.0,0.0,0.0,0.0,0.0,0.0,0.0,0.0,0.0,0.0,0.0,0.0,0.0,0.0,0.0,0.0,0.0,0.0,1.1457999999999993,0.0,0.0,1.0,1.0,9.0
2,0.0,0.55,0.55,0.0,1.1,0.55,0.7839999999999964,0.0,0.0,0.55,0.0,0.55,0.0,0.0,0.0,0.0,0.0,0.55,3.31,0.0,1.1,0.0,0.0,0.0,0.0,0.0,0.0,0.0,0.0,0.0,0.0,0.0,0.0,0.0,0.0,0.0,0.0,0.0,0.0,0.0,0.0,0.0,0.0,0.0,0.55,0.0,0.0,0.0,0.165,0.495,0.0,0.082,9.018899999999988,148.0,387.0
1,0.01,0.01,0.13,0.0,0.13,0.01,0.0,0.0,0.01,0.13,0.03,0.45,0.03,0.07,0.0,0.11,0.53,0.07,0.07,0.0,0.03,0.0,0.01,0.0,0.0,0.0,0.0,0.0,0.01,0.0,0.0,0.0,0.4669999999999982,0.0,0.0,0.11,0.86,0.0,0.0,0.03,0.0,0.03,0.03,0.01,0.01,0.23,0.0,0.008,0.111,0.002,0.0,0.01,2.106,58.0,1179.3999999999996
2,0.6569999999999983,0.0,0.36,0.0,1.51,0.0,0.0,0.0,0.24,1.32,0.38,2.22,0.61,0.0,0.0,0.61,0.12,0.0,4.55,0.0,1.72,0.0,0.49,0.5769999999999982,0.0,0.0,0.0,0.0,0.0,0.0,0.0,0.0,0.0,0.0,0.0,0.0,0.0,0.0,0.0,0.0,0.0,0.0,0.0,0.0,0.12,0.0,0.0,0.0,0.041,0.104,0.229,0.02,3.705,54.0,478.0
2,0.0,0.0,0.0,0.0,0.0,0.0,0.0,0.6,0.0,0.0,0.38,1.05,0.52,0.0,0.0,1.05,0.0,0.0,3.7,0.35,1.05,0.0,0.73,0.52,0.0,0.0,0.0,0.0,0.0,0.0,0.0,0.0,0.0,0.0,0.0,0.0,0.0,0.0,0.0,0.0,0.0,0.0,0.0,0.0,0.0,0.0,0.0,0.0,0.0,0.702,0.263,0.0,6.487,47.0,266.0
1,0.0,0.0,0.0,0.0,0.0,0.0,0.0,0.0,0.0,0.0,0.0,0.84,0.0,0.0,0.0,0.0,0.0,0.0,4.76,0.0,0.84,0.0,0.0,0.0,0.0,0.0,0.0,0.0,0.0,0.0,0.0,0.0,0.0,0.0,0.0,0.0,0.0,0.0,0.0,0.0,0.0,0.0,0.0,0.0,0.84,0.0,0.0,0.0,0.143,0.143,0.0,0.0,1.37,4.0,37.0
2,0.48,0.2,0.55,0.0,0.27,0.2,0.0,0.27,0.27,0.97,0.38,1.04,0.13,0.0,0.0,1.11,0.69,0.06,2.37,0.0,1.04,0.0,0.06,0.5769999999999982,0.0,0.0,0.0,0.0,0.0,0.0,0.0,0.0,0.0,0.0,0.0,0.0,0.0,0.0,0.0,0.06,0.0,0.0,0.0,0.0,0.13,0.0,0.0,0.0,0.105,0.75,0.305,0.0,3.401,94.0,966.0
2,0.6569999999999983,0.19,0.38,0.0,0.19,0.12,0.0,0.25,0.67,0.31,0.25,1.52,0.31,0.17,0.0,0.38,0.44,0.06,2.98,0.35,1.26,0.0,0.44,0.5769999999999982,0.0,0.0,0.0,0.0,0.0,0.0,0.0,0.0,0.0,0.0,0.0,0.0,0.0,0.0,0.0,0.12,0.0,0.0,0.06,0.0,0.0,0.0,0.0,0.0,0.087,0.439,0.241,0.065,3.702,45.0,1070.0
2,0.0,0.0,0.0,0.0,0.0,0.0,0.7839999999999964,0.0,0.0,0.0,0.0,2.04,0.0,0.0,0.0,1.36,0.0,1.19,3.06,0.0,1.02,0.0,0.0,0.0,0.0,0.0,0.0,0.0,0.0,0.0,0.0,0.0,0.0,0.0,0.0,0.0,0.0,0.0,0.0,0.0,0.0,0.0,0.0,0.0,0.0,0.0,0.0,0.0,0.17,0.0,0.17,0.0,1.47,4.0,25.0
2,0.0,0.0,0.49,0.0,1.47,0.0,0.0,0.0,0.0,0.0,0.0,0.98,0.0,0.0,0.0,0.0,0.91,0.0,2.45,0.0,2.45,0.0,0.49,0.0,0.0,0.0,0.0,0.0,0.0,0.0,0.0,0.0,0.0,0.0,0.0,0.0,0.0,0.0,0.0,0.0,0.0,0.0,0.0,0.0,0.49,0.0,0.0,0.0,0.084,0.677,0.254,0.0,5.2,80.0,234.0
1,0.0,0.0,0.0,0.0,0.0,0.0,0.0,0.0,0.0,0.0,0.0,0.0,0.0,0.0,0.0,0.0,0.0,0.0,0.0,0.0,0.0,0.0,0.0,0.0,0.0,0.0,1.916999999999998,0.0,0.0,0.0,0.0,0.0,0.0,0.0,0.0,0.0,0.0,0.0,0.0,0.0,0.0,0.0,0.0,0.0,0.0,0.0,0.0,0.0,0.0,0.0,0.0,0.0,1.25,2.0,9.0
2,0.62,0.0,0.62,0.0,0.0,0.0,0.62,0.0,0.0,0.0,0.0,2.22,0.0,0.0,0.0,0.0,0.91,1.19,4.76,0.0,1.86,0.0,0.0,0.5769999999999982,0.0,0.0,0.0,0.0,0.0,0.0,0.0,0.0,0.0,0.0,0.0,0.0,0.0,0.0,0.0,0.0,0.0,0.0,0.0,0.0,0.0,0.0,0.0,0.0,0.31,0.517,0.0,0.0,3.363,22.0,111.0
1,0.0,0.0,0.0,0.0,0.0,0.0,0.0,0.0,0.48,0.0,0.38,0.0,0.0,0.0,0.0,0.48,0.48,0.0,1.44,0.0,2.88,0.0,0.73,0.0,0.0,0.0,0.0,0.0,0.0,0.0,0.0,0.0,0.0,0.0,0.0,0.0,0.0,0.0,0.0,0.0,0.0,0.0,0.0,0.0,0.48,0.0,0.0,0.0,0.076,0.305,0.381,0.0,1.884,9.0,98.0
2,0.07,0.37,0.81,0.0,0.51,0.29,0.07,0.0,0.07,0.37,0.07,1.48,0.14,0.0,0.07,0.0,0.14,0.44,3.55,0.0,1.85,0.0,0.0,0.14,0.0,0.0,0.0,0.0,0.0,0.0,0.0,0.0,0.0,0.0,0.0,0.0,0.14,0.0,0.0,0.0,0.0,0.0,0.0,0.0,0.0,0.0,0.0,0.049,0.069,0.159,0.159,0.009,3.456,44.0,802.0
1,0.0,0.0,0.0,0.0,0.0,0.0,0.0,0.0,0.0,0.0,0.0,0.0,0.0,0.0,0.0,0.0,0.0,0.0,0.0,0.0,0.0,0.0,0.0,0.0,0.0,0.0,1.916999999999998,0.0,0.0,0.0,0.0,0.0,0.0,0.0,0.0,0.0,0.0,0.0,0.0,0.0,0.0,0.0,0.0,0.0,0.0,0.0,0.0,0.0,0.0,0.0,0.0,0.0,1.0,1.0,9.0
2,0.0,0.0,0.0,0.0,0.0,0.64,0.0,0.6,0.0,0.78,0.38,1.56,0.0,0.0,0.0,0.0,0.78,0.0,3.12,0.0,0.78,0.0,0.73,0.0,0.0,0.0,0.0,0.0,0.0,0.0,0.0,0.0,0.0,0.0,0.0,0.0,0.0,0.0,0.0,0.0,0.0,0.0,0.0,0.0,0.0,0.0,0.0,0.0,0.0,0.889,0.0,0.0,2.13,15.0,49.0
2,0.6569999999999983,0.17,0.51,0.0,0.34,0.0,0.51,0.0,0.0,0.51,0.0,0.51,0.51,0.17,0.16,0.34,0.17,1.02,4.76,0.0,1.36,0.0,0.0,0.0,0.0,0.0,0.0,0.0,0.0,0.0,0.0,0.0,0.0,0.0,0.0,0.0,0.0,0.0,0.0,0.0,0.0,0.0,0.0,0.0,0.34,0.0,0.0,0.063,0.095,0.126,0.0,0.0,2.285,40.0,224.0
1,0.0,0.0,0.0,0.0,0.0,0.0,0.0,0.0,0.0,0.0,0.0,0.0,0.0,0.0,0.0,0.0,0.0,0.0,0.0,0.0,0.0,0.0,0.0,0.0,0.0,0.0,1.66,0.0,0.51,0.0,0.0,0.0,0.4669999999999982,0.0,0.0,0.0,0.0,0.0,0.0,0.0,0.0,0.0,0.0,0.0,0.0,0.0,0.0,0.0,0.537,0.0,0.0,0.14209999999999945,3.368,7.0,64.0
2,0.0,0.0,0.0,0.0,0.0,0.0,0.0,0.0,0.0,1.08,0.0,0.0,0.0,0.0,0.0,1.36,0.0,0.0,4.76,0.0,0.0,0.0,0.0,0.0,0.0,0.0,0.0,0.0,0.0,0.0,0.0,0.0,0.0,0.0,0.0,0.0,0.0,0.0,0.0,0.0,0.0,0.0,0.0,0.0,0.0,0.0,0.0,0.0,0.0,1.1457999999999993,0.0,0.0,5.21,36.0,99.0
2,0.0,0.0,0.0,0.0,0.0,0.0,0.0,0.0,0.0,0.0,0.0,0.0,0.0,0.0,0.0,0.0,0.0,0.0,4.0,0.0,0.0,0.0,0.0,0.0,0.0,0.0,0.0,0.0,0.0,0.0,0.0,0.0,0.0,0.0,0.0,0.0,0.0,0.0,0.0,0.0,0.0,0.0,0.0,0.0,0.0,0.0,0.0,0.0,0.0,0.0,0.0,0.0,2.363,11.0,26.0
1,0.0,0.36,0.0,0.0,0.36,0.0,0.0,0.0,0.0,0.36,0.0,0.36,0.0,0.0,0.0,0.0,0.0,0.0,1.08,0.0,0.0,0.0,0.0,0.0,0.0,0.0,0.0,0.0,0.0,0.0,0.0,0.0,0.0,0.0,0.0,0.0,0.0,0.0,0.0,0.0,0.0,0.0,0.0,0.0,0.0,0.0,0.0,0.17069999999999982,0.0,0.063,0.0,0.14209999999999945,6.423,43.0,334.0
1,0.0,0.0,0.0,0.0,0.0,0.0,0.0,0.0,0.0,0.0,0.0,0.0,0.0,0.0,0.0,0.0,0.0,0.0,3.12,0.0,0.0,0.0,0.0,0.0,0.0,0.0,0.0,0.0,0.0,0.0,0.0,0.0,0.0,0.0,0.0,0.0,0.0,0.0,0.0,0.0,0.0,0.0,0.0,0.2869999999999982,1.44,0.0,0.0,0.0,0.0,0.467,0.0,0.0,1.0,1.0,9.0
1,0.0,0.0,0.0,0.0,0.0,0.0,0.0,0.0,0.0,0.0,0.0,0.0,0.0,0.0,0.0,1.36,0.0,0.0,0.0,0.0,0.0,0.0,0.0,0.0,0.0,0.0,1.916999999999998,0.0,0.0,0.0,0.0,0.0,0.0,0.0,0.0,0.0,0.0,0.0,0.0,0.0,0.0,0.0,0.0,0.0,0.0,0.0,0.0,0.0,0.0,0.0,0.0,0.0,1.0,1.0,9.0
1,0.25,0.0,0.51,0.0,0.0,0.25,0.0,0.0,0.0,0.12,0.0,0.0,0.25,0.0,0.0,0.25,0.25,0.38,1.78,0.0,0.51,0.0,0.0,0.0,0.0,0.0,0.0,0.0,0.0,0.0,0.0,0.0,0.0,0.0,0.0,0.0,0.0,0.0,0.0,0.0,0.0,0.0,0.0,0.0,0.38,1.166999999999998,0.0,0.019,0.019,0.0,0.038,0.0,1.642,17.0,207.0
2,0.0,0.0,0.0,0.0,0.53,0.0,0.53,0.0,0.53,0.0,0.0,1.07,0.0,0.0,0.0,0.0,0.0,0.0,2.15,0.0,3.14,0.0,0.0,0.0,0.0,0.0,0.0,0.0,0.0,0.0,0.0,0.0,0.0,0.0,0.0,0.0,0.0,0.0,0.0,0.0,0.0,0.0,0.0,0.0,0.0,0.0,0.0,0.0,0.0,0.082,0.0,0.0,4.391,66.0,101.0
1,0.0,0.0,0.0,0.0,0.0,0.0,0.0,0.0,0.0,0.0,0.0,1.67,0.0,0.0,0.0,0.0,0.41,0.0,0.83,0.0,0.0,0.0,0.0,0.0,1.25,0.0,0.0,0.0,0.51,0.0,0.0,0.0,0.0,0.0,0.0,0.0,0.0,0.0,0.0,0.0,0.0,0.41,0.0,0.0,0.0,0.0,0.0,0.0,0.139,0.0,0.069,0.0,1.804,6.0,74.0
2,0.0,0.0,0.0,0.0,0.0,0.0,0.0,0.0,0.0,0.0,0.0,0.53,0.0,0.0,0.0,0.0,0.0,0.0,0.0,0.0,0.0,0.0,0.0,0.0,0.0,0.0,0.0,0.0,0.0,0.0,0.0,0.0,0.0,0.0,0.0,0.53,0.0,0.0,0.53,0.0,0.0,0.0,0.0,0.0,0.0,0.0,0.0,0.0,0.087,0.0,0.0,0.0,4.786,152.0,292.0
1,0.08,0.0,0.16,0.0,0.0,0.08,0.0,0.08,0.67,0.0,0.0,0.24,0.0,0.0,0.0,0.0,0.0,0.0,0.32,0.0,0.16,0.0,0.0,0.0,0.49,0.57,0.08,0.0,0.0,0.0,0.0,0.0,0.4669999999999982,0.0,0.0,0.0,0.16,0.0,0.0,0.0,0.0,0.0,0.0,0.0,0.0,0.0,0.0,0.126,0.172,0.0,0.022,0.0,3.212,44.0,665.0
2,0.31,0.31,0.31,0.0,0.0,0.0,0.31,0.0,0.31,0.31,0.31,0.31,0.0,0.0,0.0,0.94,0.0,0.0,0.31,0.0,2.51,0.0,0.0,0.31,0.0,0.0,0.0,0.0,0.0,0.0,0.0,0.0,0.0,0.0,0.0,0.31,0.0,0.0,0.53,0.0,0.0,0.0,0.0,0.0,0.0,0.0,0.0,0.0,0.537,0.89,0.046,0.046,9.018899999999988,138.0,421.0
2,0.0,0.0,0.72,0.0,0.72,0.0,0.72,0.0,0.0,0.0,0.0,0.0,0.65,0.0,0.0,0.0,0.0,0.0,1.45,0.0,1.45,0.0,0.0,0.5769999999999982,0.0,0.0,0.0,0.0,0.0,0.0,0.0,0.0,0.0,0.0,0.0,0.0,0.0,0.0,0.0,0.0,0.0,0.0,0.0,0.0,0.0,0.0,0.0,0.0,0.364,0.729,0.121,0.0,7.781,32.0,249.0
1,0.0,0.0,0.0,0.0,0.0,0.0,0.0,0.0,0.0,1.19,0.0,2.22,0.0,0.0,0.0,0.0,0.0,0.0,1.19,0.0,0.0,0.0,0.0,0.0,1.19,1.19,0.0,0.85,0.0,0.0,0.0,0.0,0.0,0.0,0.0,0.63,0.0,0.0,0.0,0.0,0.0,0.0,0.0,0.0,0.0,0.0,0.0,0.0,0.537,0.0,0.0,0.0,2.617,11.0,89.0
1,0.6569999999999983,0.0,0.0,0.0,0.0,0.0,0.0,0.0,0.0,0.0,0.0,0.0,0.0,0.0,0.0,0.0,0.0,0.0,0.0,0.0,0.0,0.0,0.0,0.0,0.0,0.0,0.0,0.0,0.0,0.0,0.0,0.0,0.0,0.0,0.0,0.0,0.0,0.0,0.0,0.0,0.0,0.0,0.0,0.0,0.0,0.0,0.0,0.0,0.0,0.0,0.0,0.0,1.1,2.0,11.0
2,0.0,0.0,0.0,0.0,0.0,0.64,0.0,0.0,0.0,0.0,0.0,0.0,0.0,0.0,0.0,0.0,0.0,0.0,1.88,0.0,0.0,0.0,0.0,0.0,0.0,0.0,0.0,0.0,0.0,0.0,0.0,0.0,0.4669999999999982,0.0,0.0,0.0,0.95,0.0,0.0,0.0,0.0,0.0,0.0,0.0,0.0,0.0,0.0,0.0,0.0,0.0,0.0,0.0,3.5,15.0,49.0
1,0.0,0.0,0.0,0.0,0.0,0.0,0.0,0.0,0.0,0.0,0.0,2.22,0.0,0.0,0.0,0.0,0.0,0.0,0.0,0.0,2.35,0.0,0.0,0.0,0.0,1.17,0.0,0.0,0.0,0.7139999999999963,0.0,0.0,0.0,0.0,0.0,0.0,0.0,0.0,0.53,0.0,0.0,0.61,0.0,0.0,0.0,0.0,0.0,0.0,0.0,0.0,0.0,0.0,2.0,12.0,54.0
1,0.0,0.0,0.0,0.0,0.0,0.0,0.0,0.0,0.0,0.0,0.0,1.36,0.0,0.0,0.0,0.0,0.0,0.0,4.1,0.0,0.0,0.0,0.0,0.0,0.0,0.0,0.0,0.0,0.0,0.0,0.0,0.0,0.0,0.0,0.0,0.0,0.0,0.0,0.53,0.0,0.0,0.0,0.0,0.0,1.36,1.166999999999998,0.0,0.0,0.0,0.234,0.0,0.0,2.076,15.0,27.0
1,0.0,0.0,0.0,0.0,0.0,0.0,0.0,0.0,0.0,0.0,0.0,2.22,0.0,0.0,0.0,0.0,0.0,0.0,0.0,0.0,0.0,0.0,0.0,0.0,0.0,0.0,0.0,0.0,0.0,0.0,0.0,0.0,0.0,0.0,0.0,0.0,0.0,0.0,0.0,0.0,0.0,0.0,0.0,0.0,0.0,0.0,0.0,0.0,0.0,0.48,0.0,0.0,2.0,7.0,26.0
2,0.07,0.22,0.82,0.0,0.52,0.0,0.07,0.0,0.67,0.6,0.22,0.82,0.07,0.0,0.15,0.0,0.07,0.0,3.3,0.22,1.87,0.0,0.0,0.22,0.0,0.0,0.0,0.0,0.0,0.0,0.0,0.0,0.0,0.0,0.07,0.0,0.0,0.0,0.0,0.0,0.0,0.0,0.0,0.0,0.0,0.0,0.0,0.0,0.095,0.131,0.071,0.14209999999999945,3.446,74.0,972.0
2,0.0,0.0,0.58,0.0,1.17,0.0,0.58,0.0,0.0,0.0,0.0,0.58,0.0,0.0,0.0,0.58,0.0,0.0,1.76,0.0,0.0,0.0,0.0,0.0,0.0,0.0,0.0,0.0,0.0,0.0,0.0,0.0,0.0,0.0,0.0,0.0,0.0,0.0,0.0,0.0,0.0,0.0,0.0,0.0,0.0,0.0,0.0,0.0,0.0,0.829,0.0,0.0,2.529,8.0,86.0
2,0.0,0.6169999999999982,0.0,0.0,0.0,0.64,0.0,0.0,0.0,0.0,0.0,1.26,0.0,0.0,0.0,0.0,0.0,0.0,0.0,0.0,1.26,0.0,0.0,0.5769999999999982,0.0,0.0,0.0,0.0,0.0,0.0,0.0,0.0,0.0,0.0,0.0,0.0,0.0,0.0,0.0,0.0,0.0,0.0,0.0,0.0,1.26,0.0,0.0,0.0,0.198,0.198,0.38239999999999963,0.0,3.833,17.0,69.0
1,0.0,0.0,0.08,0.0,0.0,0.25,0.0,0.25,0.08,0.0,0.0,1.17,0.08,0.17,0.0,0.0,0.42,0.0,0.0,0.0,0.0,0.0,0.0,0.0,3.11,0.0,0.0,0.0,0.0,0.0,0.0,0.0,0.16,0.0,0.0,0.25,0.25,0.0,0.0,0.0,0.0,0.0,0.0,0.0,0.0,0.0,0.0,0.034,0.08,0.0,0.0,0.0,2.023,27.0,694.0
1,0.0,0.0,0.0,0.0,0.0,0.0,0.0,0.0,0.0,0.0,0.0,2.22,0.0,0.0,0.0,0.0,0.0,0.0,3.17,0.0,0.0,0.0,0.0,0.0,1.58,0.0,0.0,0.0,0.51,0.0,0.0,0.0,0.0,0.0,0.0,0.0,0.0,0.0,0.0,0.0,0.0,0.61,0.0,0.0,0.0,0.0,0.0,0.0,0.0,0.0,0.0,0.0,1.384,4.0,18.0
1,0.0,0.0,0.0,0.0,0.0,0.0,0.0,0.0,0.0,0.0,0.0,0.0,0.0,0.0,0.0,0.0,0.0,0.0,0.0,0.0,0.0,0.0,0.0,0.0,0.0,0.0,0.0,0.0,0.0,0.0,0.0,0.0,0.4669999999999982,0.0,0.0,0.21,0.0,0.0,0.0,0.0,0.0,0.0,0.0,0.0,0.0,0.0,0.0,0.03,0.06,0.0,0.0,0.0,2.444,76.0,198.0
1,0.0,0.0,0.32,0.0,0.0,0.16,0.0,0.0,0.0,0.0,0.0,0.64,0.0,0.0,0.0,0.0,0.48,0.0,0.96,0.0,0.96,0.0,0.0,0.0,0.48,0.0,0.0,0.0,0.0,0.0,0.0,0.0,0.0,0.0,0.0,0.16,0.0,0.0,0.0,0.0,0.0,0.0,0.0,0.0,0.0,0.0,0.0,0.021,0.105,0.021,0.063,0.063,3.789,39.0,432.0
1,0.0,0.0,0.0,0.0,0.0,0.0,0.0,0.0,0.0,0.0,0.0,0.0,0.0,0.0,0.0,0.0,0.0,0.0,0.0,0.0,0.0,0.0,0.0,0.0,0.0,0.0,0.72,0.0,0.51,0.0,0.0,0.0,0.4669999999999982,0.0,0.0,0.0,0.0,0.0,0.0,0.0,0.0,0.0,0.0,0.0,0.0,0.0,0.0,0.0,0.537,0.0,0.0,0.13,3.475,7.0,139.0
1,0.29,0.0,0.0,0.0,0.0,0.0,0.0,0.0,0.0,0.29,0.0,0.0,0.0,0.0,0.0,0.29,0.29,0.0,2.38,0.0,0.29,0.0,0.0,0.0,1.19,0.59,1.916999999999998,0.29,0.29,0.29,0.29,0.0,0.0,0.07,0.29,0.29,0.89,0.0,0.53,0.29,0.0,0.0,0.31,0.0,0.59,0.29,0.0,0.0,0.196,0.344,0.0,0.049,1.843,17.0,212.0
1,0.6569999999999983,0.0,0.0,0.0,0.0,0.0,0.0,0.0,0.0,0.0,0.0,0.68,0.0,0.0,0.0,0.68,0.0,0.0,4.76,0.0,0.0,0.0,0.0,0.0,0.68,0.0,0.68,0.0,0.0,0.0,0.0,0.0,0.0,0.0,0.0,0.63,0.0,0.0,0.0,0.0,0.0,0.0,0.0,0.0,0.68,0.0,0.0,0.0,0.138,0.0,0.0,0.0,1.1,3.0,22.0
1,0.0,0.0,0.0,0.0,0.0,0.0,0.0,0.0,0.0,0.0,0.0,0.0,0.0,0.0,0.0,0.0,0.0,0.0,2.17,0.0,0.0,0.0,0.0,0.0,3.183999999999996,1.7939999999999965,1.916999999999998,0.85,0.51,0.7139999999999963,0.32,0.0,0.0,0.07,0.66,0.63,0.0,0.0,0.53,0.39,0.0,0.0,0.0,0.0,1.08,0.0,0.0,0.0,0.472,0.0,0.0,0.0,5.291,34.0,127.0
2,0.0,0.0,0.0,0.0,0.0,0.0,0.0,0.0,0.0,0.0,0.0,0.0,0.0,0.0,0.0,0.0,0.0,0.0,0.0,0.0,0.0,0.0,0.0,0.0,0.0,0.0,0.0,0.85,0.0,0.0,0.0,0.0,0.0,0.0,0.0,0.0,0.0,0.0,0.0,0.0,0.0,0.0,0.0,0.0,0.0,0.0,0.0,0.0,0.537,0.0,0.0,0.0,3.8,23.0,38.0
1,0.0,0.0,0.0,0.0,0.0,0.0,0.0,0.0,0.67,0.0,0.0,0.76,0.0,0.0,0.0,0.0,0.0,0.0,0.0,0.0,0.0,0.0,0.0,0.0,3.183999999999996,1.52,1.52,0.76,0.51,0.7139999999999963,0.32,0.0,0.0,0.07,0.66,0.63,0.0,0.0,0.53,0.39,0.0,0.0,0.0,0.0,0.76,0.0,0.0,0.0,0.157,0.0,0.0,0.0,4.242,52.0,140.0
1,0.0,0.0,0.0,0.0,0.0,0.0,0.0,0.0,0.0,0.0,0.0,0.0,0.0,0.0,0.0,0.0,0.0,0.0,4.76,0.0,3.14,0.0,0.0,0.0,0.0,0.0,0.0,0.0,0.0,0.0,0.0,0.0,0.0,0.0,0.0,0.0,0.0,0.0,0.0,0.0,0.0,0.0,0.0,0.0,0.0,0.0,0.0,0.17069999999999982,0.359,0.0,0.0,0.0,1.0,1.0,9.0
2,0.6569999999999983,0.59,0.0,0.0,0.59,0.0,0.0,0.59,0.0,0.0,0.0,0.0,0.59,0.0,0.0,0.0,0.0,0.59,3.57,0.0,3.14,0.0,0.0,0.5769999999999982,0.0,0.0,0.0,0.0,0.0,0.0,0.0,0.0,0.0,0.0,0.0,0.0,0.0,0.0,0.0,0.0,0.0,0.0,0.0,0.0,0.0,0.0,0.0,0.0,0.0,0.103,0.0,0.0,1.437,11.0,161.0
2,0.0,0.0,1.25,0.0,1.25,0.62,0.0,0.0,0.0,0.0,0.0,0.0,0.0,0.0,0.0,1.25,0.62,0.0,0.62,0.0,1.88,0.0,0.62,0.0,0.0,0.0,0.0,0.0,0.0,0.0,0.0,0.0,0.0,0.0,0.0,0.0,0.0,0.0,0.0,0.0,0.0,0.0,0.0,0.0,0.62,0.0,0.0,0.0,0.11,0.331,0.11,0.11,3.897,30.0,152.0
2,0.32,0.16,0.56,0.0,0.32,0.23,0.04,0.6,0.4,0.4,0.11,0.68,0.52,0.17,0.16,0.72,0.4,0.4,3.08,0.16,1.32,0.0,0.44,0.5769999999999982,0.0,0.0,0.0,0.0,0.0,0.0,0.0,0.0,0.0,0.0,0.0,0.0,0.0,0.0,0.0,0.04,0.0,0.0,0.0,0.0,0.11,0.0,0.0,0.019,0.052,0.413,0.164,0.0,3.533,156.39999999999964,1179.3999999999996
2,0.0,0.6169999999999982,0.62,0.0,0.0,0.62,0.0,0.6,0.0,0.31,0.31,2.22,0.0,0.0,0.0,1.36,0.0,0.0,4.76,0.31,1.56,0.0,0.0,0.5769999999999982,0.0,0.0,0.0,0.0,0.0,0.0,0.0,0.0,0.0,0.0,0.0,0.0,0.0,0.0,0.0,0.0,0.0,0.0,0.0,0.0,0.0,0.0,0.0,0.0,0.055,0.111,0.111,0.055,1.672,6.0,92.0
2,0.0,0.0,0.0,0.0,0.0,0.23,0.0,0.0,0.0,0.0,0.0,0.46,0.0,0.0,0.0,0.46,0.46,0.23,3.0,0.0,0.69,0.0,0.0,0.0,0.0,0.0,0.0,0.0,0.0,0.0,0.0,0.0,0.23,0.0,0.0,0.0,0.0,0.0,0.0,0.0,0.0,0.0,0.0,0.0,0.0,0.0,0.0,0.077,0.038,0.0,0.0,0.038,2.6,42.0,182.0
1,0.3,0.0,0.3,0.0,0.0,0.0,0.0,0.0,0.0,0.0,0.0,0.15,0.0,0.0,0.0,0.0,0.0,0.15,1.38,0.0,0.61,0.0,0.0,0.0,1.38,0.3,0.61,0.15,0.15,0.15,0.15,0.0,0.3,0.07,0.15,0.15,0.3,0.0,0.15,0.15,0.0,0.0,0.3,0.0,0.61,0.0,0.0,0.131,0.183,0.0,0.0,0.0,1.837,13.0,305.0
1,0.0,0.0,0.91,0.0,0.0,0.0,0.0,0.0,0.0,0.0,0.0,0.91,0.65,0.0,0.0,0.0,0.0,0.0,4.76,0.0,0.91,0.0,0.0,0.5769999999999982,0.0,0.0,0.0,0.0,0.0,0.0,0.0,0.0,0.0,0.0,0.0,0.0,0.0,0.0,0.0,0.0,0.0,0.0,0.0,0.0,0.91,0.91,0.0,0.0,0.0,0.13,0.0,0.0,2.457,47.0,86.0
2,0.0,0.0,0.0,0.0,0.0,0.0,0.7839999999999964,0.0,0.0,0.0,0.0,0.0,0.0,0.0,0.0,0.86,0.0,1.19,3.47,0.0,1.73,0.0,0.0,0.0,0.0,0.0,0.0,0.0,0.0,0.0,0.0,0.0,0.0,0.0,0.0,0.0,0.0,0.0,0.0,0.0,0.0,0.0,0.0,0.0,0.0,0.0,0.0,0.0,0.152,0.457,0.0,0.0,2.75,10.0,55.0
2,0.0,0.0,0.0,0.0,0.0,0.4,0.0,0.0,0.0,0.81,0.0,0.0,0.0,0.0,0.0,0.4,0.0,0.0,1.22,0.0,0.0,0.0,0.4,0.0,0.0,0.0,0.0,0.0,0.0,0.0,0.0,0.0,0.0,0.0,0.0,0.0,0.0,0.0,0.0,0.0,0.0,0.0,0.0,0.0,0.0,0.0,0.0,0.17069999999999982,0.529,0.198,0.0,0.0,5.019,18.0,261.0
1,0.0,0.0,0.0,0.0,0.0,0.0,0.0,0.0,0.0,0.0,0.0,0.0,0.0,0.0,0.0,0.0,0.0,0.0,0.0,0.0,0.0,0.0,0.0,0.0,0.0,0.0,0.0,0.0,0.0,0.0,0.0,0.0,0.0,0.0,0.0,0.0,0.95,0.0,0.0,0.0,0.0,0.0,0.0,0.0,0.0,1.166999999999998,0.0,0.0,0.0,0.0,0.0,0.0,3.125,15.0,50.0
1,0.0,0.0,0.78,0.0,0.0,0.0,0.0,0.0,0.0,0.0,0.0,0.78,0.0,0.0,0.0,0.0,0.0,0.0,1.56,0.0,0.0,0.0,0.0,0.0,0.0,0.0,0.0,0.0,0.0,0.0,0.0,0.0,0.0,0.0,0.0,0.0,0.0,0.0,0.0,0.0,0.0,0.0,0.0,0.0,0.0,0.0,0.0,0.145,0.0,0.725,0.0,0.0,1.187,4.0,19.0
2,0.6569999999999983,0.0,1.05,0.0,0.0,0.0,0.0,0.6,0.35,0.35,0.0,0.35,0.0,0.0,0.0,1.36,0.7,0.35,2.1,0.35,2.1,0.0,0.35,0.5769999999999982,0.0,0.0,0.0,0.0,0.0,0.0,0.0,0.0,0.0,0.0,0.0,0.0,0.0,0.0,0.0,0.0,0.0,0.0,0.0,0.0,0.0,0.0,0.0,0.0,0.116,0.348,0.0,0.0,1.166,13.0,189.0
1,0.0,0.0,0.0,0.0,0.94,0.0,0.0,0.31,0.0,0.63,0.0,1.26,0.0,0.0,0.0,0.0,0.0,0.0,0.94,0.0,1.26,0.0,0.0,0.0,0.0,0.0,0.0,0.63,0.0,0.0,0.0,0.0,0.0,0.0,0.0,0.31,0.0,0.0,0.0,0.0,0.0,0.0,0.0,0.0,0.0,0.0,0.0,0.0,0.037,0.074,0.0,0.0,3.904,39.0,246.0
2,0.09,0.49,0.59,0.0,0.39,0.19,0.0,0.0,0.09,0.39,0.0,1.59,0.19,0.0,0.0,0.0,0.09,0.0,3.79,0.0,1.09,0.0,0.0,0.09,0.0,0.0,0.0,0.0,0.0,0.0,0.0,0.0,0.0,0.0,0.0,0.0,0.0,0.0,0.0,0.0,0.0,0.0,0.0,0.0,0.0,0.0,0.0,0.17069999999999982,0.037,1.1457999999999993,0.38239999999999963,0.0,5.8,54.0,725.0
1,0.0,0.0,1.2,0.0,0.0,0.0,0.0,0.0,0.0,0.0,0.0,1.2,0.0,0.0,0.0,0.0,0.0,0.0,4.76,0.0,0.0,0.0,0.0,0.0,0.0,0.0,0.0,0.0,0.0,0.0,0.0,0.0,0.0,0.0,0.0,0.0,0.0,0.0,0.53,0.0,0.0,0.0,0.0,0.0,1.2,1.166999999999998,0.0,0.17069999999999982,0.0,1.1457999999999993,0.0,0.0,3.4,15.0,51.0
1,0.0,0.0,0.0,0.0,0.0,0.0,0.0,0.0,0.0,0.67,0.0,0.67,0.65,0.0,0.0,0.0,0.0,0.0,2.68,0.0,0.0,0.0,0.0,0.0,2.68,1.34,1.916999999999998,0.67,0.51,0.67,0.32,0.0,0.0,0.07,0.66,0.63,0.67,0.0,0.53,0.39,0.0,0.0,0.31,0.0,1.34,0.0,0.0,0.107,0.537,0.0,0.0,0.0,2.604,17.0,112.0
1,0.0,0.0,0.0,0.0,0.24,0.49,0.0,0.0,0.0,0.49,0.0,0.24,0.0,0.0,0.0,0.0,0.0,0.0,0.99,0.0,0.49,0.0,0.0,0.0,0.74,0.0,0.0,0.74,0.0,0.0,0.32,0.0,0.0,0.0,0.66,0.0,0.0,0.0,0.0,0.0,0.0,0.0,0.0,0.0,0.0,0.0,0.0,0.0,0.054,0.0,0.027,0.0,4.634,156.39999999999964,380.0
1,0.6569999999999983,0.0,1.08,0.0,0.0,0.0,0.0,0.0,0.0,0.0,0.0,0.0,0.0,0.0,0.0,0.0,0.0,0.0,0.0,0.0,0.0,0.0,0.0,0.0,0.0,0.0,0.0,0.0,0.0,0.0,0.0,0.0,0.0,0.0,0.0,0.0,0.0,0.0,0.0,0.0,0.0,0.0,0.0,0.0,1.08,0.0,0.0,0.0,0.0,0.0,0.0,0.0,1.523,5.0,32.0
1,0.0,0.0,0.0,0.0,0.0,0.0,0.0,0.0,0.0,0.0,0.0,0.0,0.0,0.0,0.0,0.0,0.0,0.0,3.24,0.0,0.0,0.0,0.0,0.0,0.0,0.0,0.0,0.0,0.0,0.0,0.0,0.0,0.0,0.0,0.0,0.0,0.0,0.0,0.0,0.0,0.0,0.0,0.0,0.0,1.29,0.0,0.0,0.0,0.229,0.114,0.0,0.0,1.8,17.0,36.0
2,0.0,0.0,0.0,0.0,0.0,0.64,0.0,0.6,0.67,0.68,0.0,0.0,0.0,0.0,0.0,0.68,0.91,0.68,1.36,0.35,1.36,0.0,0.0,0.0,0.0,0.0,0.0,0.0,0.0,0.0,0.0,0.0,0.0,0.0,0.0,0.0,0.0,0.0,0.0,0.39,0.0,0.0,0.0,0.0,0.0,0.0,0.0,0.0,0.0,1.143,0.38239999999999963,0.0,3.737,75.0,228.0
1,0.0,0.0,0.0,0.0,0.0,0.0,0.0,0.0,0.0,0.0,0.0,2.22,0.0,0.0,0.0,0.0,0.62,0.0,0.0,0.0,0.62,0.0,0.0,0.0,3.1,0.0,0.0,0.0,0.0,0.62,0.0,0.0,0.0,0.0,0.0,0.62,0.0,0.0,0.53,0.0,0.0,0.0,0.0,0.0,0.62,0.0,0.0,0.0,0.166,0.333,0.0,0.0,4.255,34.0,200.0
1,0.0,0.0,0.0,0.0,0.0,0.0,0.0,0.0,0.0,0.81,0.0,0.0,0.0,0.0,0.0,0.0,0.0,0.0,0.81,0.0,0.81,0.0,0.0,0.0,0.0,0.0,0.0,0.0,0.0,0.0,0.0,0.0,0.0,0.0,0.0,0.0,0.95,0.0,0.0,0.0,0.0,0.0,0.0,0.0,0.0,1.166999999999998,0.0,0.0,0.142,0.285,0.0,0.0,2.136,7.0,47.0
1,0.0,0.0,0.0,0.0,0.0,0.0,0.0,0.0,0.0,0.0,0.0,0.0,0.0,0.0,0.0,0.0,0.0,0.0,0.0,0.0,0.0,0.0,0.0,0.0,0.0,0.0,0.0,0.0,0.0,0.0,0.0,0.0,0.0,0.0,0.0,0.0,0.0,0.0,0.0,0.0,0.0,0.0,0.0,0.0,0.0,1.166999999999998,0.0,0.0,0.0,0.0,0.0,0.0,3.0,5.0,15.0
1,0.0,0.0,0.0,0.0,0.0,0.0,0.0,0.0,0.0,0.0,0.0,0.0,0.0,0.0,0.0,0.0,0.0,0.0,0.68,0.0,0.34,0.0,0.0,0.0,3.183999999999996,1.7939999999999965,1.37,0.68,0.51,0.68,0.32,0.0,0.0,0.07,0.66,0.63,0.68,0.0,0.34,0.39,0.0,0.0,0.31,0.0,0.68,0.0,0.0,0.11,0.276,0.055,0.055,0.0,2.87,15.0,244.0
2,0.39,0.0,0.39,0.0,0.0,0.39,0.0,0.0,0.0,0.0,0.0,0.39,0.65,0.0,0.0,0.0,0.91,0.78,3.13,0.0,1.17,0.0,0.0,0.5769999999999982,0.0,0.0,0.0,0.0,0.0,0.0,0.0,0.0,0.0,0.0,0.0,0.0,0.0,0.0,0.0,0.0,0.0,0.0,0.0,0.0,0.0,0.0,0.0,0.0,0.0,0.261,0.0,0.0,1.461,19.0,114.0
2,0.0,0.0,0.0,0.0,0.0,0.0,0.0,0.0,0.0,0.0,0.0,1.14,0.0,0.0,0.0,0.0,0.0,0.0,1.14,0.0,0.0,0.0,0.0,0.0,0.0,0.0,0.0,0.0,0.0,0.0,0.0,0.0,0.0,0.0,0.0,0.0,0.0,0.0,0.0,0.0,0.0,0.0,0.0,0.0,0.0,0.0,0.0,0.0,0.0,0.0,0.0,0.0,1.545,4.0,17.0
2,0.29,0.04,0.04,0.0,0.14,0.04,0.0,0.29,0.29,0.94,0.14,0.04,0.14,0.0,0.16,0.04,0.39,0.19,1.6,0.04,0.79,0.0,0.69,0.47,0.0,0.0,0.0,0.0,0.0,0.0,0.0,0.0,0.0,0.0,0.0,0.04,0.0,0.0,0.04,0.0,0.0,0.0,0.0,0.0,0.19,0.0,0.0,0.17069999999999982,0.053,0.356,0.09,0.011,9.018899999999988,156.39999999999964,1179.3999999999996
2,0.17,0.0,0.17,0.0,1.45,0.34,0.05,0.05,0.05,0.05,0.05,0.52,0.29,0.05,0.0,0.0,0.69,0.05,4.25,0.23,1.04,0.0,0.73,0.05,0.0,0.0,0.0,0.0,0.0,0.0,0.0,0.0,0.0,0.0,0.0,0.0,0.0,0.0,0.0,0.0,0.0,0.0,0.0,0.0,0.0,0.0,0.0,0.01,0.05,0.01,0.162,0.0,1.794,12.0,454.0
2,0.0,0.0,0.32,0.0,0.64,0.64,0.32,0.32,0.0,0.0,0.0,0.32,0.32,0.0,0.0,0.32,0.32,0.0,2.27,0.0,3.14,0.0,0.0,0.32,0.0,0.0,0.0,0.0,0.0,0.0,0.0,0.0,0.0,0.0,0.0,0.0,0.0,0.0,0.0,0.0,0.0,0.0,0.0,0.0,0.64,0.0,0.0,0.0,0.111,0.0,0.166,0.0,1.494,10.0,139.0
1,0.0,0.0,0.0,0.0,0.0,0.57,0.0,0.0,0.0,0.0,0.0,1.73,0.0,0.0,0.0,0.0,0.91,0.0,0.57,0.0,0.0,0.0,0.0,0.0,2.31,0.0,0.0,0.0,0.51,0.7139999999999963,0.0,0.0,0.0,0.0,0.0,0.57,0.0,0.0,0.0,0.0,0.0,0.0,0.0,0.0,0.57,0.0,0.0,0.0,0.086,0.0,0.0,0.0,1.5,5.0,72.0
1,0.0,0.0,0.0,0.0,0.0,0.0,0.0,0.0,0.0,0.0,0.0,0.0,0.0,0.0,0.0,0.0,0.0,0.0,0.0,0.0,0.0,0.0,0.0,0.0,3.183999999999996,1.7939999999999965,1.916999999999998,0.85,0.0,0.7139999999999963,0.0,0.0,0.0,0.0,0.0,0.0,0.0,0.0,0.0,0.0,0.0,0.0,0.0,0.0,0.0,0.0,0.0,0.0,0.0,0.0,0.0,0.0,1.857,11.0,26.0
1,0.0,0.0,0.0,0.0,0.54,0.0,0.0,0.0,0.0,0.0,0.38,1.09,0.0,0.0,0.0,0.0,0.0,0.0,3.82,0.0,0.0,0.0,0.0,0.0,2.18,1.7939999999999965,0.0,0.54,0.0,0.7139999999999963,0.0,0.0,0.0,0.0,0.54,0.0,0.0,0.0,0.0,0.0,0.0,0.0,0.31,0.0,0.54,0.0,0.0,0.0,0.087,0.0,0.0,0.0,3.533,34.0,159.0
1,0.0,0.0,0.9,0.0,0.0,0.0,0.0,0.0,0.0,0.45,0.0,0.0,0.0,0.0,0.0,0.45,0.0,0.45,0.0,0.0,0.9,0.0,0.0,0.0,0.0,0.0,0.0,0.0,0.0,0.0,0.0,0.0,0.0,0.0,0.0,0.0,0.45,0.0,0.0,0.0,0.0,0.0,0.0,0.0,0.45,0.45,0.0,0.056,0.227,0.056,0.0,0.056,5.8,70.0,290.0
1,0.18,0.06,0.24,0.0,0.18,0.0,0.0,0.18,0.0,0.12,0.0,0.6,0.0,0.0,0.0,0.24,0.12,0.0,0.78,0.0,0.72,0.0,0.06,0.42,1.93,0.66,0.0,0.18,0.0,0.12,0.3,0.0,0.0,0.0,0.42,0.0,0.18,0.0,0.24,0.0,0.0,0.12,0.0,0.0,0.18,0.0,0.0,0.0,0.196,0.044,0.026,0.0,1.873,29.0,843.0
2,0.0,0.0,0.0,0.0,1.51,0.0,0.0,0.0,0.0,0.0,0.0,2.17,0.0,0.0,0.0,1.36,0.0,1.19,4.76,0.0,2.17,0.0,0.0,0.0,0.0,0.0,0.0,0.0,0.0,0.0,0.0,0.0,0.0,0.0,0.0,0.0,0.0,0.0,0.0,0.0,0.0,0.0,0.0,0.0,0.0,0.0,0.0,0.0,0.0,0.0,0.0,0.0,1.333,5.0,16.0
1,0.0,0.0,0.0,0.0,0.0,0.0,0.0,0.0,0.0,0.0,0.0,0.0,0.0,0.0,0.0,0.0,0.0,0.0,0.0,0.0,0.0,0.0,0.0,0.0,0.0,0.0,0.0,0.0,0.0,0.0,0.0,0.0,0.0,0.0,0.0,0.0,0.0,0.0,0.0,0.0,0.0,0.0,0.0,0.0,0.0,0.46,0.0,0.0,0.202,0.0,0.0,0.0,2.0,11.0,82.0
2,0.58,0.0,0.0,0.0,0.58,0.0,0.58,0.58,0.0,0.0,0.0,0.0,0.0,0.17,0.0,0.58,0.58,0.58,0.58,0.0,1.74,0.0,0.0,0.5769999999999982,0.0,0.0,0.0,0.0,0.0,0.0,0.0,0.0,0.0,0.0,0.0,0.0,0.0,0.0,0.0,0.0,0.0,0.0,0.0,0.0,0.0,0.0,0.0,0.0,0.0,0.239,0.239,0.0,3.338,123.0,207.0
1,0.0,0.0,0.0,0.0,0.0,0.64,0.0,0.0,0.67,0.0,0.0,0.0,0.0,0.0,0.0,0.0,0.0,0.8,1.6,0.0,0.0,0.0,0.0,0.0,0.0,0.0,0.0,0.0,0.51,0.0,0.0,0.0,0.0,0.0,0.0,0.0,0.0,0.0,0.0,0.0,0.0,0.0,0.0,0.2869999999999982,0.0,0.0,0.0,0.0,0.294,0.0,0.0,0.0,1.166,2.0,14.0
2,0.0,0.6169999999999982,0.94,0.0,0.0,0.0,0.0,0.0,0.0,0.94,0.0,0.0,0.0,0.0,0.0,1.36,0.0,0.0,0.94,0.0,0.94,0.0,0.73,0.0,0.0,0.0,0.0,0.0,0.0,0.0,0.0,0.0,0.0,0.0,0.0,0.0,0.0,0.0,0.0,0.0,0.0,0.0,0.0,0.0,0.0,0.0,0.0,0.0,0.0,1.1457999999999993,0.0,0.0,9.018899999999988,156.39999999999964,318.0
1,0.0,0.0,0.0,0.0,0.9,0.0,0.0,0.0,0.0,0.0,0.0,0.0,0.65,0.0,0.0,0.9,0.0,0.0,0.9,0.0,0.0,0.0,0.0,0.0,2.7,0.9,0.9,0.85,0.51,0.7139999999999963,0.32,0.0,0.0,0.07,0.66,0.63,0.0,0.0,0.0,0.39,0.0,0.0,0.0,0.0,0.0,0.0,0.0,0.0,0.449,0.0,0.0,0.0,2.15,11.0,43.0
2,0.0,0.0,0.32,0.0,0.65,0.64,0.32,0.32,0.0,0.0,0.0,0.32,0.32,0.0,0.0,0.32,0.32,0.0,2.28,0.0,3.14,0.0,0.0,0.32,0.0,0.0,0.0,0.0,0.0,0.0,0.0,0.0,0.0,0.0,0.0,0.0,0.0,0.0,0.0,0.0,0.0,0.0,0.0,0.0,0.32,0.0,0.0,0.0,0.112,0.0,0.169,0.0,1.494,10.0,139.0
2,0.0,0.0,1.02,0.0,0.51,0.0,0.0,0.0,0.0,0.0,0.0,0.0,0.0,0.0,0.0,0.51,0.0,0.0,1.53,0.0,1.53,0.0,0.0,0.0,0.0,0.0,0.0,0.0,0.0,0.0,0.0,0.0,0.0,0.0,0.0,0.0,0.0,0.0,0.0,0.0,0.0,0.0,0.0,0.0,0.51,0.0,0.0,0.0,0.09,0.542,0.0,0.0,1.972,19.0,146.0
1,0.0,0.0,0.0,0.0,0.0,0.0,0.0,0.0,0.0,0.0,0.0,0.0,0.0,0.0,0.0,0.0,0.0,0.0,0.0,0.0,3.14,0.0,0.0,0.0,0.0,0.0,0.0,0.0,0.0,0.0,0.0,0.0,0.0,0.0,0.0,0.0,0.0,0.0,0.0,0.0,0.0,0.0,0.0,0.0,1.44,0.0,0.0,0.0,0.0,0.68,0.0,0.0,2.9,18.0,29.0
2,0.0,0.0,1.29,0.0,0.0,0.0,0.0,0.0,0.0,0.0,0.0,1.31,0.0,0.0,0.0,0.0,0.0,0.0,1.31,0.0,3.14,0.0,0.0,0.5769999999999982,0.0,0.0,0.0,0.0,0.0,0.0,0.0,0.0,0.0,0.0,0.0,0.0,0.0,0.0,0.0,0.0,0.0,0.0,0.0,0.0,0.0,0.0,0.0,0.0,0.0,0.0,0.201,0.0,4.5,25.0,54.0
1,0.0,0.0,0.34,0.0,0.34,0.0,0.0,0.0,0.0,0.0,0.0,1.37,0.65,0.0,0.0,0.0,0.0,0.34,2.74,0.0,1.03,0.0,0.0,0.0,0.0,0.0,0.0,0.0,0.0,0.0,0.0,0.0,0.0,0.0,0.0,0.0,0.0,0.0,0.0,0.0,0.0,0.0,0.0,0.0,0.0,0.34,0.0,0.0,0.232,0.406,0.0,0.0,1.425,6.0,77.0
1,0.0,0.0,0.67,0.0,0.0,0.0,0.0,0.0,0.0,0.0,0.0,1.34,0.0,0.0,0.0,0.0,0.0,0.0,4.69,0.0,1.34,0.0,0.0,0.0,0.0,0.0,0.0,0.0,0.0,0.67,0.0,0.0,0.0,0.0,0.0,0.0,0.0,0.0,0.0,0.0,0.0,0.0,0.0,0.0,0.0,0.67,0.0,0.0,0.493,0.0,0.0,0.0,1.24,3.0,31.0
1,0.0,0.0,0.0,0.0,0.0,0.0,0.0,0.0,0.0,0.0,0.0,0.0,0.0,0.0,0.0,0.0,0.0,0.0,0.0,0.0,0.0,0.0,0.0,0.0,0.0,0.0,0.0,0.0,0.0,0.0,0.0,0.0,0.0,0.0,0.0,0.0,0.0,0.0,0.0,0.0,0.0,0.0,0.0,0.0,0.0,1.166999999999998,0.0,0.0,0.334,0.0,0.0,0.0,3.333,18.0,60.0
1,0.0,0.0,0.0,0.0,0.0,0.0,0.0,0.0,0.0,0.0,0.0,0.0,0.0,0.0,0.0,0.0,0.0,0.0,4.76,0.0,0.0,0.0,0.0,0.0,0.0,0.0,0.0,0.0,0.0,0.0,0.0,0.0,0.0,0.0,0.0,0.0,0.0,0.0,0.0,0.0,0.0,0.0,0.0,0.0,1.44,1.166999999999998,0.0,0.0,0.0,1.1457999999999993,0.0,0.0,1.0,1.0,9.0
1,0.0,0.0,0.0,0.0,0.0,0.0,0.0,0.0,0.0,0.0,0.0,0.0,0.0,0.0,0.0,0.0,0.0,0.0,0.0,0.0,0.0,0.0,0.0,0.0,3.183999999999996,1.7939999999999965,0.0,0.0,0.0,0.0,0.0,0.0,0.0,0.0,0.0,0.0,0.0,0.0,0.0,0.0,0.0,0.0,0.0,0.0,0.0,0.0,0.0,0.0,0.0,0.0,0.0,0.0,1.714,6.0,24.0
1,0.05,0.0,0.05,0.0,0.0,0.0,0.0,0.0,0.53,0.0,0.0,0.23,0.0,0.0,0.0,0.0,0.0,0.05,0.23,0.0,0.17,0.0,0.0,0.0,0.65,0.71,0.05,0.0,0.0,0.0,0.0,0.0,0.4669999999999982,0.0,0.0,0.0,0.71,0.0,0.0,0.0,0.0,0.0,0.0,0.0,0.0,0.0,0.0,0.115,0.173,0.0,0.016,0.0,2.853,47.0,896.0
2,0.0,0.55,0.55,0.0,0.55,0.55,0.0,0.27,0.67,1.32,0.0,1.39,0.65,0.0,0.16,0.27,0.0,1.19,2.5,0.0,2.22,0.0,0.55,0.55,0.0,0.0,0.0,0.0,0.0,0.0,0.0,0.0,0.0,0.0,0.0,0.0,0.0,0.0,0.0,0.0,0.0,0.0,0.0,0.0,0.0,0.0,0.0,0.0,0.0,0.273,0.364,0.045,6.641,48.0,352.0
1,0.0,0.0,0.0,0.0,0.0,0.5,0.0,0.0,0.0,0.0,0.0,0.0,0.0,0.0,0.0,0.0,0.0,0.5,2.0,0.0,0.5,0.0,0.0,0.0,0.0,0.0,0.0,0.0,0.0,0.0,0.0,0.0,0.0,0.0,0.0,0.0,0.0,0.0,0.0,0.0,0.0,0.0,0.0,0.0,0.0,0.0,0.0,0.0,0.0,0.271,0.0,0.0,1.057,2.0,37.0
1,0.0,0.0,0.0,0.0,0.0,0.0,0.0,0.0,0.0,0.0,0.0,0.0,0.0,0.0,0.0,0.0,0.0,0.0,1.02,0.0,1.02,0.0,0.0,0.0,0.0,0.0,0.0,0.0,0.0,0.0,0.0,0.0,0.0,0.0,0.0,0.0,0.0,0.0,0.0,0.0,0.0,0.61,0.0,0.0,0.0,0.0,0.0,0.0,0.0,0.0,0.142,0.0,1.857,10.0,65.0
1,0.6569999999999983,0.0,0.9,0.0,0.0,0.0,0.0,0.0,0.0,0.0,0.0,0.0,0.0,0.0,0.0,0.0,0.0,0.9,3.6,0.0,0.0,0.0,0.0,0.0,0.0,0.0,0.0,0.0,0.0,0.0,0.0,0.0,0.0,0.0,0.0,0.0,0.0,0.0,0.0,0.0,0.0,0.0,0.0,0.2869999999999982,0.9,0.0,0.0,0.0,0.0,0.0,0.0,0.0,1.727,5.0,19.0
1,0.05,0.0,0.1,0.0,0.16,0.05,0.0,0.0,0.48,0.0,0.0,0.16,0.0,0.0,0.0,0.0,0.0,0.05,0.21,0.0,0.16,0.0,0.0,0.0,0.64,0.69,0.05,0.0,0.0,0.0,0.0,0.0,0.26,0.0,0.0,0.16,0.75,0.0,0.0,0.0,0.0,0.0,0.0,0.0,0.05,0.0,0.0,0.17069999999999982,0.195,0.0,0.015,0.0,2.758,47.0,1073.0
1,0.04,0.02,0.14,0.0,0.25,0.08,0.0,0.08,0.02,0.12,0.0,0.27,0.0,0.0,0.02,0.0,0.08,0.23,0.17,0.0,0.06,0.0,0.0,0.0,0.0,0.0,0.0,0.04,0.0,0.0,0.0,0.0,0.4669999999999982,0.0,0.0,0.12,0.95,0.0,0.0,0.0,0.0,0.04,0.0,0.06,0.06,0.27,0.0,0.046,0.149,0.014,0.0,0.002,2.35,46.0,1179.3999999999996
2,0.1,0.2,1.01,0.0,0.8,0.64,0.5,0.0,0.67,0.1,0.3,0.7,0.3,0.0,0.16,0.1,0.0,1.11,1.31,0.2,0.7,0.0,0.6,0.1,0.0,0.0,0.0,0.0,0.0,0.0,0.0,0.0,0.0,0.0,0.0,0.0,0.0,0.0,0.0,0.0,0.0,0.0,0.2,0.0,0.1,0.1,0.0,0.0,0.107,0.474,0.152,0.015,8.55,156.39999999999964,1179.3999999999996
2,0.0,0.0,0.76,0.0,0.76,0.0,0.5,0.5,0.0,1.01,0.0,0.25,0.65,0.0,0.16,0.0,0.0,1.19,2.03,0.0,1.52,0.0,0.73,0.0,0.0,0.0,0.0,0.0,0.0,0.0,0.0,0.0,0.0,0.0,0.0,0.0,0.0,0.0,0.0,0.39,0.0,0.0,0.0,0.0,0.0,0.0,0.0,0.0,0.078,0.433,0.38239999999999963,0.0,2.441,19.0,249.0
1,0.0,0.0,1.25,0.0,0.62,0.0,0.0,0.0,0.0,0.0,0.0,1.25,0.0,0.0,0.0,1.36,0.0,0.0,4.4,0.0,0.0,0.0,0.0,0.5769999999999982,0.0,0.0,0.0,0.0,0.0,0.0,0.0,0.0,0.0,0.0,0.0,0.0,0.0,0.0,0.0,0.0,0.0,0.0,0.0,0.0,0.0,0.0,0.0,0.0,0.327,0.0,0.109,0.109,1.705,9.0,58.0
1,0.0,0.0,0.0,0.0,0.0,0.0,0.0,0.0,0.0,0.0,0.0,0.51,0.0,0.0,0.0,0.0,0.0,0.0,1.03,0.0,0.51,0.0,0.0,0.0,1.54,1.03,1.54,0.85,0.51,0.51,0.32,0.0,0.0,0.07,0.66,0.51,0.0,0.0,0.0,0.39,0.0,0.0,0.0,0.0,0.51,0.0,0.0,0.0,0.24,0.0,0.0,0.14209999999999945,2.6,40.0,130.0
1,0.0,0.0,0.0,0.0,0.0,0.49,0.0,0.49,0.0,0.0,0.0,0.0,0.0,0.0,0.0,0.0,0.0,0.0,0.49,0.0,0.0,0.0,0.0,0.0,0.0,0.0,0.49,0.0,0.0,0.0,0.0,0.0,0.0,0.0,0.0,0.0,0.49,0.0,0.0,0.0,0.0,0.0,0.0,0.0,0.0,0.0,0.0,0.0,0.228,0.0,0.0,0.0,1.962,5.0,106.0
1,0.0,0.0,0.0,0.0,0.0,0.0,0.0,0.0,0.0,0.0,0.0,1.69,0.0,0.0,0.0,0.0,0.42,0.0,0.0,0.35,0.0,0.0,0.0,0.0,0.0,0.0,0.0,0.0,0.0,0.0,0.0,0.0,0.0,0.0,0.0,0.42,0.0,0.0,0.0,0.0,0.0,0.0,0.0,0.2869999999999982,0.0,0.0,0.0,0.0,0.061,0.0,0.0,0.0,2.288,11.0,103.0
1,0.0,0.42,0.21,0.0,0.0,0.0,0.0,0.0,0.0,0.42,0.0,0.0,0.0,0.0,0.0,0.0,0.0,0.0,1.26,0.0,0.21,0.0,0.0,0.0,0.0,0.0,0.0,0.0,0.0,0.0,0.0,0.0,0.0,0.0,0.0,0.0,0.0,0.0,0.0,0.0,0.0,0.0,0.21,0.0,0.0,0.42,0.0,0.17069999999999982,0.0,0.071,0.0,0.14209999999999945,6.822,43.0,614.0
1,0.3,0.0,0.15,0.0,0.0,0.15,0.3,0.0,0.0,0.0,0.0,0.3,0.0,0.0,0.0,0.0,0.0,0.0,0.75,0.0,0.3,0.0,0.0,0.0,0.75,0.3,0.3,0.15,0.15,0.15,0.15,0.0,0.45,0.07,0.15,0.15,0.15,0.0,0.15,0.15,0.0,0.0,0.15,0.2869999999999982,0.15,0.0,0.0,0.0,0.328,0.0,0.0,0.0,1.703,12.0,155.0
2,0.6569999999999983,0.0,0.0,0.0,0.0,0.0,0.74,0.0,0.0,1.32,0.38,0.74,0.0,0.0,0.0,0.74,0.91,0.0,4.47,0.0,0.74,0.0,0.73,0.0,0.0,0.0,0.0,0.0,0.0,0.0,0.0,0.0,0.0,0.0,0.0,0.0,0.0,0.0,0.0,0.0,0.0,0.0,0.0,0.0,0.0,0.0,0.0,0.0,0.0,0.355,0.118,0.14209999999999945,2.15,7.0,43.0
1,0.0,0.0,0.0,0.0,0.0,0.0,0.0,0.0,0.0,0.0,0.0,0.0,0.0,0.0,0.0,0.0,0.0,0.0,0.0,0.0,0.0,0.0,0.0,0.0,0.0,0.0,1.916999999999998,0.0,0.0,0.0,0.0,0.0,0.0,0.0,0.0,0.0,0.0,0.0,0.0,0.0,0.0,0.0,0.0,0.0,0.0,0.0,0.0,0.0,0.0,0.0,0.0,0.0,1.0,1.0,9.0
1,0.0,0.0,0.0,0.0,1.51,0.0,0.0,0.0,0.0,0.0,0.0,1.81,0.0,0.0,0.0,0.0,0.0,0.0,0.0,0.0,0.0,0.0,0.0,0.0,0.0,0.0,0.0,0.0,0.0,0.0,0.0,0.0,0.0,0.0,0.0,0.0,0.0,0.0,0.0,0.0,0.0,0.0,0.0,0.0,0.0,0.0,0.0,0.0,0.537,0.0,0.0,0.0,1.388,5.0,25.0
1,0.0,0.23,0.0,0.0,0.47,0.0,0.23,0.0,0.0,0.0,0.23,0.0,0.0,0.0,0.0,0.0,0.0,0.23,0.23,0.0,0.23,0.0,0.0,0.0,0.0,0.0,0.0,0.0,0.0,0.0,0.0,0.0,0.0,0.0,0.0,0.0,0.0,0.0,0.23,0.0,0.0,0.0,0.0,0.0,0.0,0.23,0.0,0.0,0.298,0.149,0.0,0.0,1.533,18.0,184.0
1,0.0,0.0,0.0,0.0,0.0,0.64,0.0,0.0,0.0,0.0,0.0,0.78,0.0,0.0,0.0,0.0,0.0,0.0,0.78,0.0,0.0,0.0,0.0,0.0,0.78,0.78,0.0,0.78,0.0,0.0,0.0,0.0,0.0,0.0,0.66,0.63,0.0,0.0,0.0,0.0,0.0,0.0,0.0,0.2869999999999982,0.0,0.0,0.0,0.0,0.451,0.0,0.0,0.112,2.714,22.0,133.0
1,0.0,0.0,0.0,0.0,0.0,0.0,0.0,0.0,0.0,1.32,0.0,2.17,0.0,0.0,0.0,0.0,0.0,0.0,0.0,0.0,0.0,0.0,0.0,0.0,0.0,0.0,0.0,0.0,0.0,0.0,0.0,0.0,0.0,0.0,0.0,0.0,0.0,0.0,0.0,0.0,0.0,0.0,0.0,0.0,0.0,0.0,0.0,0.0,0.0,0.0,0.0,0.0,1.0,1.0,9.0
2,0.09,0.49,0.59,0.0,0.29,0.19,0.0,0.0,0.09,0.39,0.0,1.59,0.19,0.0,0.0,0.0,0.09,0.0,3.67,0.09,1.09,0.0,0.0,0.09,0.0,0.0,0.0,0.0,0.0,0.0,0.0,0.0,0.0,0.0,0.0,0.0,0.0,0.0,0.0,0.0,0.0,0.0,0.0,0.0,0.09,0.0,0.0,0.17069999999999982,0.037,1.1457999999999993,0.38239999999999963,0.0,5.792,54.0,753.0
1,0.0,0.0,0.0,0.0,0.0,0.0,0.0,0.0,0.0,0.0,0.0,0.0,0.0,0.0,0.0,0.0,0.0,0.0,0.0,0.0,0.0,0.0,0.0,0.0,1.28,1.44,0.0,0.0,0.0,0.0,0.0,0.0,0.4669999999999982,0.0,0.0,0.0,0.95,0.0,0.0,0.0,0.0,0.0,0.0,0.0,0.0,1.166999999999998,0.0,0.17069999999999982,0.537,0.0,0.0,0.0,4.122,20.0,540.0
2,0.0,0.0,1.22,0.0,1.22,0.0,0.0,0.0,0.0,0.0,0.0,0.0,0.0,0.0,0.0,0.61,0.0,0.61,1.22,0.0,0.0,0.0,0.0,0.0,0.0,0.0,0.0,0.0,0.0,0.0,0.0,0.0,0.0,0.0,0.0,0.0,0.0,0.0,0.0,0.0,0.0,0.0,0.0,0.0,0.61,0.0,0.0,0.0,0.0,0.517,0.103,0.0,2.966,28.0,178.0
1,0.0,0.0,0.0,0.0,0.42,0.0,0.0,0.14,0.0,0.0,0.0,0.98,0.0,0.14,0.0,0.0,0.7,0.0,0.0,0.0,0.0,0.0,0.0,0.0,1.82,0.28,0.0,0.0,0.28,0.7,0.0,0.0,0.0,0.0,0.0,0.28,0.14,0.0,0.0,0.0,0.0,0.0,0.0,0.0,0.14,0.0,0.0,0.0,0.077,0.0,0.0,0.0,1.502,6.0,257.0
1,0.0,0.0,0.0,0.0,0.0,0.0,0.0,0.0,0.0,0.0,0.0,1.38,0.0,0.0,0.0,0.0,0.0,0.0,1.38,0.0,1.38,0.0,0.0,0.0,1.38,1.38,1.916999999999998,0.0,0.0,0.0,0.0,0.0,0.0,0.0,0.0,0.0,0.95,0.0,0.53,0.0,0.0,0.0,0.31,0.0,0.0,0.0,0.0,0.0,0.0,0.448,0.0,0.0,1.451,12.0,45.0
2,0.08,0.0,0.93,0.0,1.51,0.33,0.0,0.08,0.67,0.0,0.25,0.67,0.16,0.0,0.16,0.08,0.0,1.1,1.86,0.16,0.42,0.0,0.73,0.08,0.0,0.0,0.0,0.0,0.0,0.0,0.0,0.0,0.0,0.0,0.0,0.0,0.0,0.0,0.0,0.16,0.0,0.0,0.16,0.0,0.08,0.08,0.0,0.012,0.101,0.356,0.101,0.012,9.018899999999988,156.39999999999964,1179.3999999999996
2,0.0,0.0,0.32,0.0,0.64,0.64,0.64,0.32,0.0,0.0,0.0,0.32,0.32,0.0,0.0,0.32,0.32,0.32,2.27,0.0,3.14,0.0,0.0,0.32,0.0,0.0,0.0,0.0,0.0,0.0,0.0,0.0,0.0,0.0,0.0,0.0,0.0,0.0,0.0,0.0,0.0,0.0,0.0,0.0,0.64,0.0,0.0,0.0,0.156,0.0,0.156,0.0,1.688,19.0,157.0
2,0.58,0.0,0.58,0.0,0.58,0.0,0.0,0.0,0.0,0.0,0.0,1.17,0.0,0.0,0.0,0.0,0.0,0.0,4.11,0.0,0.58,0.0,0.0,0.0,0.0,0.0,0.0,0.0,0.0,0.0,0.0,0.0,0.0,0.0,0.0,0.0,0.0,0.0,0.0,0.0,0.0,0.0,0.0,0.0,0.0,0.0,0.0,0.0,0.098,0.197,0.0,0.0,3.807,61.0,297.0
2,0.0,0.6169999999999982,0.4,0.0,0.4,0.0,0.7839999999999964,0.4,0.0,0.0,0.0,0.8,0.4,0.0,0.0,0.8,0.4,1.19,3.62,0.0,1.61,0.0,0.0,0.5769999999999982,0.0,0.0,0.0,0.0,0.0,0.0,0.0,0.0,0.0,0.0,0.0,0.0,0.0,0.0,0.0,0.0,0.0,0.0,0.0,0.0,0.4,0.0,0.0,0.0,0.069,0.552,0.207,0.138,6.652,69.0,153.0
2,0.0,0.0,0.0,0.0,0.0,0.0,0.0,0.0,0.0,0.0,0.0,0.0,0.0,0.0,0.0,0.0,0.0,0.0,4.76,0.0,0.0,0.0,0.0,0.5769999999999982,0.0,0.0,0.0,0.0,0.0,0.0,0.0,0.0,0.0,0.0,0.0,0.0,0.0,0.0,0.0,0.0,0.0,0.0,0.0,0.0,0.0,0.0,0.0,0.0,0.0,0.0,0.0,0.0,1.0,1.0,9.0
2,0.0,0.39,1.17,0.0,0.39,0.0,0.0,0.0,0.0,0.78,0.38,0.78,0.0,0.0,0.16,1.36,0.0,0.0,1.17,0.0,1.17,0.0,0.0,0.0,0.0,0.0,0.0,0.0,0.0,0.0,0.0,0.0,0.0,0.0,0.0,0.0,0.0,0.0,0.0,0.0,0.0,0.0,0.0,0.0,0.39,0.0,0.0,0.0,0.066,0.864,0.132,0.066,5.87,44.0,364.0
1,0.0,0.0,0.28,0.0,0.0,0.0,0.0,0.28,0.28,0.57,0.0,0.57,0.0,0.0,0.0,0.0,0.0,0.0,0.0,0.0,0.57,0.0,0.0,0.0,3.183999999999996,1.7939999999999965,0.0,0.0,0.0,0.0,0.0,0.0,0.0,0.0,0.0,0.0,0.0,0.0,0.0,0.0,0.0,0.0,0.0,0.0,0.28,0.0,0.0,0.0,0.04,0.0,0.0,0.0,1.883,9.0,211.0
1,0.0,0.0,0.0,0.0,0.0,0.0,0.0,0.0,0.0,0.0,0.0,0.0,0.0,0.0,0.0,0.0,0.0,0.0,0.0,0.0,0.0,0.0,0.0,0.0,0.0,0.0,0.0,0.0,0.0,0.0,0.0,0.0,0.0,0.0,0.0,0.0,0.0,0.0,0.0,0.0,0.0,0.0,0.0,0.0,0.0,1.166999999999998,0.0,0.0,0.0,0.0,0.0,0.0,2.428,5.0,17.0
1,0.0,0.0,1.29,0.0,0.0,0.0,0.0,0.0,0.0,0.0,0.0,0.0,0.0,0.0,0.0,0.0,0.0,0.0,0.0,0.0,0.0,0.0,0.0,0.0,0.0,0.0,0.0,0.0,0.0,0.0,0.0,0.0,0.0,0.0,0.0,0.0,0.0,0.0,0.0,0.0,0.0,0.61,0.0,0.0,0.0,0.0,0.0,0.0,0.0,0.0,0.0,0.0,1.0,1.0,15.0
1,0.0,0.0,0.25,0.0,0.12,0.12,0.0,0.12,0.25,0.0,0.12,1.14,0.25,0.0,0.0,0.0,0.25,0.0,0.0,0.0,0.0,0.0,0.25,0.0,3.04,0.0,0.0,0.0,0.0,0.0,0.0,0.0,0.0,0.0,0.0,0.0,0.12,0.0,0.0,0.0,0.0,0.0,0.0,0.0,0.0,0.0,0.0,0.0,0.12,0.0,0.017,0.0,2.444,24.0,418.0
2,0.17,0.0,0.17,0.0,1.51,0.35,0.05,0.05,0.05,0.05,0.05,0.52,0.29,0.05,0.0,0.0,0.64,0.05,4.21,0.23,1.11,0.0,0.73,0.05,0.0,0.0,0.0,0.0,0.0,0.0,0.0,0.0,0.0,0.0,0.0,0.0,0.0,0.0,0.0,0.0,0.0,0.0,0.05,0.0,0.05,0.0,0.0,0.01,0.052,0.01,0.167,0.0,1.818,13.0,462.0
2,0.0,0.0,0.0,0.0,0.0,0.0,0.0,0.0,0.0,0.0,0.0,0.0,0.0,0.0,0.0,0.0,0.0,0.0,0.0,0.0,0.0,0.0,0.0,0.0,0.0,0.0,0.0,0.0,0.0,0.0,0.0,0.0,0.0,0.0,0.0,0.0,0.0,0.0,0.0,0.0,0.0,0.0,0.0,0.0,0.0,0.0,0.0,0.0,0.537,0.729,0.0,0.0,3.833,9.0,23.0
2,0.0,0.0,0.0,0.0,0.0,0.0,0.7839999999999964,0.0,0.0,0.0,0.38,0.76,0.65,0.0,0.0,0.38,0.0,0.38,4.61,0.35,0.76,0.0,0.73,0.0,0.0,0.0,0.0,0.0,0.0,0.0,0.0,0.0,0.0,0.0,0.0,0.0,0.0,0.0,0.0,0.0,0.0,0.0,0.0,0.0,0.0,0.0,0.0,0.0,0.0,0.486,0.347,0.0,1.608,6.0,74.0
1,0.0,0.0,0.0,0.0,0.0,0.0,0.0,0.0,0.0,0.0,0.0,0.0,0.0,0.0,0.0,0.0,0.0,0.0,0.0,0.0,0.0,0.0,0.0,0.0,0.0,0.0,0.0,0.0,0.0,0.0,0.0,0.0,0.0,0.0,0.0,0.0,0.0,0.0,0.0,0.0,0.0,0.0,0.0,0.0,0.0,1.166999999999998,0.0,0.0,0.0,0.0,0.0,0.0,1.0,1.0,9.0
1,0.0,0.0,0.0,0.0,0.0,0.0,0.0,0.0,0.0,0.0,0.0,0.0,0.0,0.0,0.0,0.0,0.0,0.0,0.0,0.0,0.0,0.0,0.0,0.0,0.0,0.0,1.916999999999998,0.85,0.0,0.7139999999999963,0.0,0.0,0.0,0.0,0.66,0.0,0.0,0.0,0.0,0.0,0.0,0.0,0.0,0.0,0.0,1.166999999999998,0.0,0.0,0.537,0.0,0.0,0.0,2.285,10.0,16.0
1,0.0,0.0,0.0,0.0,0.67,0.0,0.0,0.0,0.0,0.0,0.0,2.01,0.0,0.0,0.0,0.0,0.0,0.0,1.34,0.35,1.34,0.0,0.0,0.0,0.0,0.0,0.67,0.0,0.0,0.0,0.0,0.0,0.0,0.0,0.0,0.0,0.0,0.0,0.0,0.0,0.0,0.0,0.0,0.2869999999999982,0.67,0.0,0.0,0.117,0.117,0.0,0.0,0.0,1.222,5.0,33.0
2,0.0,0.0,0.28,0.0,0.84,0.64,0.28,0.0,0.28,0.28,0.0,0.28,0.0,0.0,0.0,0.56,0.0,0.56,2.52,0.0,0.28,0.0,0.0,0.0,0.0,0.0,0.0,0.0,0.0,0.0,0.0,0.0,0.0,0.0,0.0,0.0,0.0,0.0,0.0,0.28,0.0,0.0,0.0,0.0,0.28,0.0,0.0,0.0,0.05,0.05,0.0,0.0,2.083,34.0,150.0
2,0.44,0.0,0.88,0.0,0.44,0.64,0.44,0.0,0.0,0.0,0.0,0.0,0.0,0.0,0.0,0.0,0.0,0.44,1.76,0.0,2.2,0.0,0.73,0.0,0.0,0.0,0.0,0.0,0.0,0.0,0.0,0.0,0.0,0.0,0.0,0.0,0.0,0.0,0.0,0.0,0.0,0.0,0.0,0.0,0.0,0.0,0.0,0.17069999999999982,0.0,0.433,0.361,0.0,2.375,16.0,133.0
2,0.0,0.0,0.0,0.0,0.0,0.0,0.7839999999999964,0.0,0.0,0.0,0.0,0.98,0.0,0.0,0.0,0.0,0.91,1.19,2.94,0.0,0.98,0.0,0.0,0.0,0.0,0.0,0.0,0.0,0.0,0.0,0.0,0.0,0.0,0.0,0.0,0.0,0.0,0.0,0.0,0.0,0.0,0.0,0.0,0.0,0.0,0.0,0.0,0.163,0.489,0.326,0.0,0.0,2.3,12.0,46.0
2,0.0,0.0,0.0,0.0,0.43,0.64,0.0,0.0,0.0,0.0,0.0,0.0,0.0,0.0,0.0,0.0,0.0,0.0,2.17,0.0,0.0,0.0,0.0,0.0,0.0,0.0,0.0,0.0,0.0,0.7139999999999963,0.0,0.0,0.0,0.0,0.0,0.0,0.0,0.0,0.0,0.0,0.0,0.0,0.0,0.0,0.0,0.0,0.0,0.0,0.068,0.0,0.0,0.0,2.923,55.0,114.0
2,0.25,0.17,0.34,0.0,0.0,0.08,0.0,0.0,0.08,0.08,0.08,0.86,0.0,0.0,0.0,0.08,0.0,0.25,4.66,0.0,1.2,0.0,0.0,0.08,0.0,0.0,0.0,0.0,0.0,0.0,0.0,0.0,0.0,0.0,0.0,0.0,0.0,0.0,0.0,0.0,0.0,0.0,0.08,0.0,0.0,0.0,0.0,0.0,0.015,0.094,0.015,0.0,2.531,89.0,319.0
1,0.0,0.0,0.51,0.0,0.51,0.0,0.0,0.0,0.0,0.0,0.0,0.51,0.0,0.0,0.0,0.0,0.0,0.0,0.0,0.0,0.0,0.0,0.0,0.0,2.07,1.7939999999999965,0.0,0.0,0.0,0.0,0.0,0.0,0.0,0.0,0.0,0.0,0.95,0.0,0.0,0.0,0.0,0.51,0.0,0.0,0.0,0.0,0.0,0.165,0.497,0.082,0.0,0.0,3.525,20.0,208.0
1,0.0,0.0,0.0,0.0,0.0,0.0,0.0,0.0,0.0,0.0,0.0,0.0,0.0,0.0,0.0,0.0,0.0,0.0,0.0,0.0,0.0,0.0,0.0,0.0,0.0,0.0,1.916999999999998,0.0,0.0,0.0,0.0,0.0,0.0,0.0,0.0,0.0,0.0,0.0,0.0,0.0,0.0,0.61,0.0,0.0,0.0,0.0,0.0,0.0,0.0,0.0,0.0,0.0,1.0,1.0,9.0
1,0.0,0.0,0.0,0.0,0.0,0.0,0.0,0.0,0.0,1.27,0.0,1.27,0.0,0.0,0.0,0.0,0.0,0.0,0.63,0.0,0.0,0.0,0.0,0.0,0.0,0.0,0.0,0.0,0.0,0.0,0.0,0.0,0.0,0.0,0.0,0.0,0.0,0.0,0.0,0.0,0.0,0.0,0.0,0.0,0.0,0.0,0.0,0.0,0.111,0.111,0.0,0.0,1.73,7.0,45.0
1,0.0,0.0,0.0,0.0,0.75,0.0,0.0,0.0,0.0,0.0,0.0,0.0,0.0,0.0,0.0,0.0,0.0,0.0,1.5,0.0,0.0,0.0,0.0,0.0,3.183999999999996,1.7939999999999965,1.916999999999998,0.75,0.51,0.7139999999999963,0.32,0.0,0.0,0.07,0.66,0.63,0.75,0.0,0.53,0.39,0.0,0.61,0.31,0.0,0.75,0.0,0.0,0.0,0.222,0.0,0.0,0.0,1.833,12.0,77.0
2,0.0,0.29,0.29,0.0,0.0,0.59,0.29,0.6,0.67,1.32,0.14,1.04,0.0,0.0,0.16,0.29,0.74,0.0,1.63,0.35,0.59,0.0,0.73,0.0,0.0,0.0,0.0,0.0,0.0,0.0,0.0,0.0,0.0,0.0,0.0,0.0,0.29,0.0,0.0,0.29,0.0,0.0,0.0,0.0,0.0,0.0,0.0,0.0,0.084,0.105,0.21,0.021,9.018899999999988,156.39999999999964,1179.3999999999996
1,0.0,0.0,0.0,0.0,0.0,0.0,0.0,0.0,0.0,0.0,0.0,0.0,0.0,0.0,0.0,0.0,0.0,0.68,4.08,0.0,0.68,0.0,0.0,0.0,0.0,0.0,0.0,0.0,0.0,0.0,0.0,0.0,0.0,0.0,0.0,0.0,0.68,0.0,0.0,0.0,0.0,0.61,0.0,0.0,1.36,0.68,0.0,0.0,0.38,0.0,0.0,0.0,1.607,6.0,45.0
2,0.09,0.0,0.27,0.0,0.36,0.09,0.0,0.18,0.09,0.0,0.0,0.73,0.0,0.17,0.0,0.0,0.0,0.0,2.01,0.0,3.14,0.0,0.36,0.09,0.0,0.0,0.0,0.0,0.0,0.0,0.0,0.0,0.0,0.0,0.0,0.0,0.0,0.0,0.0,0.0,0.0,0.0,0.0,0.0,0.27,0.0,0.0,0.016,0.048,0.257,0.032,0.032,3.689,69.0,535.0
1,0.0,0.0,0.82,0.0,0.0,0.0,0.0,0.0,0.0,0.0,0.0,0.0,0.0,0.0,0.0,0.0,0.0,0.0,0.41,0.0,0.0,0.0,0.0,0.0,0.0,0.0,0.0,0.0,0.0,0.0,0.0,0.0,0.0,0.0,0.0,0.0,0.0,0.0,0.0,0.0,0.0,0.0,0.0,0.0,0.41,1.166999999999998,0.0,0.109,0.0,0.054,0.0,0.0,1.786,14.0,134.0
2,0.0,0.6169999999999982,0.37,0.0,1.51,0.0,0.0,0.37,0.0,0.37,0.38,1.89,0.0,0.0,0.0,0.75,0.37,1.13,4.76,0.0,3.14,0.0,0.0,0.0,0.0,0.0,0.0,0.0,0.0,0.0,0.0,0.0,0.0,0.0,0.0,0.0,0.0,0.0,0.0,0.37,0.0,0.0,0.0,0.0,0.0,0.0,0.0,0.0,0.0,0.415,0.138,0.0,1.937,11.0,93.0
1,0.0,0.0,0.0,0.0,0.0,0.0,0.0,0.0,0.0,0.0,0.0,0.0,0.62,0.0,0.0,0.0,0.0,0.0,3.75,0.0,0.62,0.0,0.0,0.0,0.0,0.0,0.0,0.0,0.0,0.0,0.0,0.0,0.0,0.0,0.0,0.0,0.0,0.0,0.0,0.0,0.0,0.0,0.0,0.0,1.25,1.166999999999998,0.0,0.0,0.0,0.0,0.0,0.0,2.704,47.0,119.0
1,0.0,0.0,0.0,0.0,0.0,0.0,0.0,0.0,0.0,0.0,0.0,0.0,0.0,0.0,0.0,0.0,0.0,0.0,2.24,0.0,0.0,0.0,0.0,0.0,0.0,0.0,0.0,0.0,0.0,0.0,0.0,0.0,0.0,0.0,0.0,0.0,0.89,0.0,0.44,0.0,0.0,0.0,0.0,0.0,1.34,1.166999999999998,0.0,0.0,0.0,0.0,0.0,0.0,2.362,15.0,137.0
2,0.0,0.41,0.41,0.0,1.51,0.0,0.7839999999999964,0.6,0.0,0.0,0.0,0.0,0.0,0.0,0.0,1.36,0.0,0.82,2.47,0.0,0.82,0.0,0.0,0.0,0.0,0.0,0.0,0.0,0.0,0.0,0.0,0.0,0.0,0.0,0.0,0.0,0.0,0.0,0.0,0.0,0.0,0.0,0.0,0.0,0.41,0.0,0.0,0.0,0.265,0.199,0.0,0.0,9.018899999999988,156.39999999999964,445.0
1,0.0,0.0,1.09,0.0,0.0,0.0,0.0,0.0,0.0,0.0,0.0,0.0,0.0,0.0,0.0,0.0,0.0,0.0,2.19,0.0,0.0,0.0,0.0,0.0,0.0,0.0,0.0,0.0,0.0,0.0,0.0,0.0,0.0,0.0,0.0,0.0,0.0,0.0,0.0,0.0,0.0,0.0,0.0,0.0,0.0,1.166999999999998,0.0,0.0,0.191,0.0,0.0,0.0,3.0,15.0,51.0
1,0.0,0.0,0.49,0.0,0.49,0.49,0.0,0.0,0.0,0.49,0.0,2.22,0.0,0.0,0.0,0.0,0.0,0.0,0.98,0.0,0.0,0.0,0.0,0.0,1.47,0.98,0.0,0.85,0.49,0.0,0.0,0.0,0.4669999999999982,0.0,0.0,0.49,0.0,0.0,0.0,0.0,0.0,0.0,0.0,0.0,0.0,0.0,0.0,0.0,0.166,0.0,0.0,0.0,2.234,11.0,105.0
2,0.0,0.0,0.0,0.0,0.0,0.0,0.0,0.0,0.67,0.0,0.0,0.0,0.0,0.0,0.0,0.0,0.0,0.0,0.93,0.0,3.14,0.0,0.0,0.0,0.0,0.0,0.0,0.0,0.0,0.0,0.0,0.0,0.0,0.0,0.0,0.0,0.0,0.0,0.0,0.0,0.0,0.0,0.0,0.0,0.0,0.0,0.0,0.0,0.14,0.561,0.0,0.0,2.166,23.0,65.0
2,0.0,0.0,0.0,0.0,0.53,0.0,0.7839999999999964,0.0,0.0,0.53,0.0,0.0,0.0,0.0,0.0,0.0,0.0,1.19,1.07,0.0,0.0,0.0,0.0,0.0,0.0,0.0,0.0,0.0,0.0,0.0,0.0,0.0,0.0,0.0,0.0,0.0,0.0,0.0,0.0,0.0,0.0,0.0,0.0,0.0,0.0,0.0,0.0,0.0,0.336,0.0,0.0,0.0,2.333,14.0,119.0
1,0.0,0.6169999999999982,0.0,0.0,0.0,0.0,0.0,0.0,0.0,1.23,0.0,0.61,0.65,0.0,0.0,0.0,0.0,0.0,3.08,0.0,1.23,0.0,0.0,0.0,0.0,0.0,0.61,0.0,0.0,0.0,0.0,0.0,0.0,0.0,0.0,0.0,0.0,0.0,0.0,0.0,0.0,0.0,0.0,0.0,0.0,0.0,0.0,0.0,0.224,0.0,0.0,0.0,1.0,1.0,20.0
2,0.15,0.21,0.58,0.0,0.15,0.15,0.05,0.1,0.0,0.42,0.1,0.95,0.42,0.05,0.05,0.0,0.0,0.36,3.16,0.0,1.58,0.0,0.52,0.31,0.0,0.0,0.0,0.0,0.0,0.0,0.0,0.0,0.0,0.0,0.0,0.0,0.0,0.0,0.0,0.0,0.0,0.0,0.0,0.0,0.0,0.0,0.0,0.027,0.184,0.406,0.38239999999999963,0.036,4.829,116.0,1179.3999999999996
2,0.51,0.0,0.77,0.0,0.25,0.25,0.0,0.0,0.0,0.51,0.0,1.55,0.0,0.0,0.0,0.77,0.91,0.0,4.76,0.0,2.58,0.0,0.73,0.25,0.0,0.0,0.0,0.0,0.0,0.0,0.0,0.0,0.0,0.0,0.0,0.0,0.0,0.0,0.25,0.0,0.0,0.0,0.0,0.0,0.0,0.0,0.0,0.0,0.179,0.359,0.38239999999999963,0.134,5.774,56.0,358.0
2,0.0,0.0,1.29,0.0,0.0,0.0,0.7839999999999964,0.0,0.0,0.0,0.0,0.0,0.0,0.0,0.0,1.36,0.0,0.0,0.0,0.0,0.0,0.0,0.0,0.0,0.0,0.0,0.0,0.0,0.0,0.0,0.0,0.0,0.0,0.0,0.0,0.0,0.0,0.0,0.0,0.0,0.0,0.0,0.0,0.0,1.44,0.0,0.0,0.0,0.233,0.7,0.0,0.0,2.125,12.0,34.0
2,0.0,0.0,0.0,0.0,0.0,0.0,0.0,0.0,0.0,0.0,0.0,1.33,0.0,0.0,0.0,1.33,0.0,0.0,2.66,0.0,3.14,0.0,0.0,0.0,0.0,0.0,0.0,0.0,0.0,0.0,0.0,0.0,0.0,0.0,0.0,0.0,0.0,0.0,0.0,0.0,0.0,0.0,0.0,0.0,0.0,0.0,0.0,0.0,0.0,1.1457999999999993,0.0,0.0,2.2,11.0,44.0
1,0.0,0.0,0.0,0.0,0.0,0.0,0.0,0.0,0.0,0.0,0.0,0.0,0.0,0.0,0.0,0.0,0.0,0.0,4.76,0.0,0.0,0.0,0.0,0.0,0.0,0.0,0.0,0.0,0.0,0.0,0.0,0.0,0.0,0.0,0.0,0.0,0.0,0.0,0.0,0.0,0.0,0.0,0.0,0.0,0.0,1.166999999999998,0.0,0.0,0.0,1.1457999999999993,0.0,0.0,1.0,1.0,9.0
2,0.0,0.0,0.0,0.0,0.0,0.0,0.0,0.0,0.0,1.32,0.0,0.0,0.0,0.0,0.0,0.0,0.0,0.0,1.88,0.0,0.0,0.0,0.0,0.5769999999999982,0.0,0.0,0.0,0.0,0.0,0.0,0.0,0.0,0.0,0.0,0.0,0.0,0.0,0.0,0.0,0.0,0.0,0.0,0.0,0.0,0.0,0.0,0.0,0.17069999999999982,0.0,0.0,0.0,0.0,4.333,13.0,78.0
2,0.47,0.6169999999999982,0.95,0.0,0.47,0.0,0.0,0.47,0.0,1.32,0.0,2.22,0.0,0.17,0.0,0.47,0.0,0.0,1.91,0.0,3.14,0.0,0.0,0.0,0.0,0.0,0.0,0.0,0.0,0.0,0.0,0.0,0.0,0.0,0.0,0.0,0.0,0.0,0.0,0.0,0.0,0.0,0.0,0.0,0.0,0.0,0.0,0.0,0.252,1.1457999999999993,0.168,0.084,9.018899999999988,156.39999999999964,744.0
2,0.06,0.06,0.47,0.0,0.4,0.0,0.0,0.0,0.67,0.06,0.0,0.33,0.13,0.0,0.0,0.2,0.0,0.0,1.14,0.13,1.21,0.0,0.0,0.06,0.0,0.0,0.0,0.0,0.06,0.0,0.0,0.0,0.0,0.0,0.0,0.0,0.0,0.0,0.0,0.0,0.0,0.13,0.0,0.0,0.06,0.0,0.0,0.021,0.107,0.096,0.085,0.01,3.353,144.0,845.0
2,0.0,0.0,0.0,0.0,1.51,0.0,0.0,0.0,0.0,0.0,0.0,0.0,0.0,0.0,0.0,0.0,0.0,0.0,3.7,0.0,0.0,0.0,0.0,0.0,0.0,0.0,0.0,0.0,0.0,0.0,0.0,0.0,0.0,0.0,0.0,0.0,0.0,0.0,0.0,0.0,0.0,0.0,0.0,0.0,0.0,0.0,0.0,0.0,0.0,0.0,0.0,0.0,9.018899999999988,28.0,79.0
1,0.18,0.14,0.25,0.0,0.0,0.0,0.0,0.07,0.0,0.14,0.03,0.77,0.07,0.03,0.0,0.0,0.03,0.18,0.11,0.0,0.25,0.0,0.0,0.0,0.0,0.0,0.0,0.0,0.03,0.11,0.0,0.0,0.03,0.0,0.0,0.37,0.62,0.0,0.0,0.0,0.0,0.0,0.03,0.0,0.0,0.22,0.0,0.019,0.414,0.004,0.0,0.0,2.393,40.0,1179.3999999999996
1,0.0,0.0,0.0,0.0,0.0,0.0,0.0,0.0,0.0,0.0,0.0,0.0,0.0,0.0,0.0,0.0,0.0,0.0,2.32,0.0,0.0,0.0,0.0,0.0,0.0,0.0,0.0,0.0,0.0,0.0,0.0,0.0,0.0,0.0,0.66,0.0,0.0,0.0,0.0,0.0,0.0,0.61,0.0,0.0,0.0,0.0,0.0,0.0,0.0,0.314,0.0,0.0,2.473,10.0,47.0
1,0.0,0.0,0.0,0.0,0.0,0.0,0.0,0.0,0.0,0.0,0.0,2.22,0.0,0.0,0.0,0.0,0.0,0.0,0.0,0.0,0.0,0.0,0.0,0.0,0.0,0.0,0.0,0.0,0.0,0.0,0.0,0.0,0.0,0.0,0.0,0.0,0.0,0.0,0.0,0.0,0.0,0.0,0.0,0.0,0.0,0.0,0.0,0.0,0.438,0.0,0.0,0.0,1.0,1.0,9.0
1,0.58,0.0,0.0,0.0,0.0,0.0,0.0,0.0,0.0,0.0,0.0,0.58,0.0,0.0,0.0,0.0,0.0,0.0,0.58,0.0,0.0,0.0,0.0,0.0,1.76,1.17,1.76,0.58,0.51,0.58,0.32,0.0,0.4669999999999982,0.07,0.58,0.58,0.58,0.0,0.53,0.39,0.0,0.0,0.31,0.0,0.58,0.0,0.0,0.0,0.414,0.103,0.0,0.0,2.0,12.0,94.0
1,0.0,0.0,0.0,0.0,1.51,0.0,0.0,0.0,0.0,1.23,0.0,0.0,0.0,0.0,0.0,0.0,0.0,0.0,2.46,0.0,1.23,0.0,0.0,0.0,0.0,0.0,0.0,0.0,0.0,0.0,0.0,0.0,0.0,0.0,0.0,0.0,0.0,0.0,0.0,0.0,0.0,0.0,0.0,0.2869999999999982,0.0,0.0,0.0,0.17069999999999982,0.0,0.0,0.0,0.0,1.166,3.0,14.0
1,0.0,0.0,0.0,0.0,0.0,0.0,0.0,0.0,0.0,0.0,0.0,0.0,0.0,0.0,0.0,0.0,0.0,0.0,0.0,0.0,0.0,0.0,0.0,0.0,0.0,0.0,0.0,0.0,0.0,0.0,0.0,0.0,0.0,0.0,0.0,0.0,0.0,0.0,0.0,0.0,0.0,0.0,0.0,0.0,0.0,0.0,0.0,0.0,0.0,0.0,0.0,0.0,1.4,3.0,9.0
1,0.0,0.0,0.0,0.0,0.0,0.0,0.0,0.0,0.0,0.42,0.0,0.42,0.0,0.0,0.0,0.0,0.0,0.0,3.4,0.0,0.42,0.0,0.0,0.42,1.27,0.85,0.0,0.85,0.0,0.42,0.0,0.0,0.0,0.0,0.0,0.0,0.0,0.0,0.0,0.0,0.0,0.0,0.0,0.2869999999999982,0.0,0.0,0.0,0.0,0.155,0.0,0.0,0.0,2.555,11.0,92.0
1,0.0,0.0,0.0,0.0,0.0,0.0,0.0,0.0,0.0,0.0,0.0,0.0,0.0,0.0,0.0,0.0,0.0,0.0,0.0,0.0,0.0,0.0,0.0,0.0,0.0,0.0,0.0,0.0,0.0,0.0,0.0,0.0,0.0,0.0,0.0,0.0,0.0,0.0,0.0,0.0,0.0,0.0,0.0,0.0,0.0,0.0,0.0,0.0,0.0,0.0,0.0,0.0,2.0,5.0,9.0
1,0.0,0.0,1.28,0.0,0.0,0.0,0.0,0.0,0.0,0.0,0.0,1.28,0.0,0.0,0.0,0.0,0.0,0.0,2.56,0.0,0.0,0.0,0.0,0.0,2.56,1.28,0.0,0.0,0.0,0.0,0.0,0.0,0.4669999999999982,0.0,0.0,0.0,0.95,0.0,0.0,0.0,0.0,0.61,0.0,0.0,0.0,0.0,0.0,0.0,0.148,0.0,0.0,0.0,2.034,13.0,59.0
2,0.0,0.47,0.0,0.0,0.94,0.0,0.7839999999999964,0.0,0.0,0.0,0.0,0.47,0.47,0.0,0.16,0.0,0.0,0.0,1.89,0.0,0.47,0.0,0.0,0.0,0.0,0.0,0.0,0.0,0.0,0.0,0.0,0.0,0.0,0.0,0.0,0.63,0.0,0.0,0.0,0.0,0.0,0.0,0.0,0.0,0.0,0.0,0.0,0.0,0.074,0.0,0.0,0.0,2.125,11.0,102.0
2,0.0,0.0,0.0,0.0,0.0,0.0,0.0,0.0,0.0,0.0,0.0,0.0,0.0,0.0,0.0,0.0,0.0,0.0,2.17,0.0,2.17,0.0,0.0,0.0,0.0,0.0,0.0,0.0,0.0,0.0,0.0,0.0,0.0,0.0,0.0,0.0,0.0,0.0,0.0,0.0,0.0,0.0,0.0,0.0,0.0,0.0,0.0,0.0,0.0,0.411,0.0,0.0,4.307,15.0,56.0
2,0.0,0.0,0.0,0.0,0.0,0.0,0.0,0.0,0.0,0.0,0.0,0.0,0.0,0.0,0.0,0.0,0.0,0.0,0.0,0.35,0.0,0.0,0.0,0.0,0.0,0.0,0.0,0.0,0.0,0.0,0.0,0.0,0.0,0.0,0.0,0.0,0.0,0.0,0.0,0.0,0.0,0.0,0.0,0.0,0.0,0.0,0.0,0.0,0.0,0.0,0.0,0.0,1.1,2.0,11.0
2,0.0,0.0,0.0,0.0,0.82,0.0,0.0,0.6,0.0,0.82,0.0,0.0,0.0,0.0,0.0,0.0,0.82,0.0,1.65,0.0,2.47,0.0,0.0,0.0,0.0,0.0,0.0,0.0,0.0,0.0,0.0,0.0,0.0,0.0,0.0,0.0,0.0,0.0,0.0,0.0,0.0,0.0,0.0,0.0,0.0,0.0,0.0,0.0,0.113,0.113,0.0,0.0,1.25,4.0,50.0
2,0.0,0.54,0.54,0.0,1.09,0.54,0.7839999999999964,0.0,0.0,0.54,0.0,0.54,0.0,0.0,0.0,0.0,0.0,0.54,3.27,0.0,1.09,0.0,0.0,0.0,0.0,0.0,0.0,0.0,0.0,0.0,0.0,0.0,0.0,0.0,0.0,0.0,0.0,0.0,0.0,0.0,0.0,0.0,0.0,0.0,0.54,0.0,0.0,0.0,0.157,0.471,0.0,0.078,9.018899999999988,147.0,377.0
1,0.0,0.0,0.85,0.0,0.0,0.0,0.0,0.0,0.0,0.0,0.0,0.85,0.0,0.0,0.0,0.0,0.0,0.0,2.56,0.0,0.0,0.0,0.0,0.0,0.0,0.0,0.0,0.0,0.0,0.0,0.0,0.0,0.0,0.0,0.0,0.0,0.0,0.0,0.53,0.0,0.0,0.0,0.0,0.2869999999999982,0.0,0.0,0.0,0.0,0.0,0.331,0.0,0.0,1.842,6.0,35.0
2,0.0,0.0,0.7,0.0,0.0,0.0,0.0,0.0,0.0,0.0,0.0,0.0,0.0,0.0,0.0,0.7,0.0,0.0,0.0,0.0,0.0,0.0,0.0,0.0,0.7,0.7,0.0,0.0,0.0,0.0,0.0,0.0,0.0,0.0,0.0,0.0,0.0,0.0,0.0,0.0,0.0,0.0,0.0,0.0,0.0,0.0,0.0,0.0,0.0,0.328,0.0,0.0,1.333,4.0,16.0
1,0.0,0.0,1.02,0.0,0.0,0.0,0.0,0.0,0.0,0.0,0.0,0.0,0.0,0.0,0.0,0.0,0.0,0.0,1.02,0.0,0.0,0.0,0.0,0.0,0.0,0.0,0.0,0.0,0.0,0.0,0.0,0.0,0.0,0.0,0.0,0.0,0.0,0.0,0.0,0.0,0.0,0.0,0.0,0.0,1.02,0.0,0.0,0.0,0.0,0.0,0.0,0.0,1.523,6.0,32.0
1,0.6569999999999983,0.0,0.76,0.0,0.0,0.38,0.0,0.0,0.0,0.0,0.0,1.15,0.38,0.0,0.0,0.0,0.0,0.0,2.3,0.0,0.0,0.0,0.0,0.0,0.0,0.0,0.0,0.0,0.0,0.0,0.0,0.0,0.0,0.0,0.0,0.0,0.0,0.0,0.38,0.0,0.0,0.0,0.0,0.0,0.38,0.38,0.0,0.0,0.18,0.54,0.0,0.0,2.285,15.0,144.0
2,0.0,0.0,0.0,0.0,0.0,0.0,0.0,0.0,0.0,0.0,0.0,0.0,0.0,0.0,0.0,1.09,0.91,0.0,3.29,0.0,2.19,0.0,0.0,0.0,0.0,0.0,0.0,0.0,0.0,0.0,0.0,0.0,0.0,0.0,0.0,0.0,0.0,0.0,0.0,0.0,0.0,0.0,0.0,0.0,1.09,0.0,0.0,0.0,0.371,0.371,0.0,0.0,3.096,28.0,96.0
1,0.0,0.0,0.41,0.0,0.0,0.0,0.0,0.0,0.0,0.41,0.0,1.25,0.0,0.0,0.0,0.0,0.0,0.0,2.91,0.0,0.41,0.0,0.0,0.0,0.0,0.0,0.0,0.0,0.0,0.0,0.0,0.0,0.0,0.0,0.0,0.0,0.0,0.0,0.0,0.0,0.0,0.0,0.0,0.0,0.0,0.0,0.0,0.0,0.184,0.0,0.0,0.0,1.538,10.0,40.0
2,0.1,0.1,0.03,0.0,0.07,0.03,0.0,0.03,0.0,0.1,0.0,0.53,0.0,0.0,0.0,0.17,0.03,0.0,0.81,0.03,1.35,0.0,0.1,0.17,0.0,0.0,0.0,0.0,0.0,0.0,0.0,0.0,0.0,0.0,0.0,0.0,0.0,0.0,0.0,0.0,0.0,0.03,0.0,0.0,0.0,0.0,0.0,0.0,0.071,0.013,0.065,0.0,2.11,46.0,1179.3999999999996
1,0.0,0.0,0.86,0.0,0.0,0.0,0.0,0.0,0.0,0.0,0.0,0.86,0.0,0.0,0.0,0.0,0.0,0.86,0.86,0.0,2.58,0.0,0.0,0.0,1.72,0.86,0.0,0.85,0.0,0.7139999999999963,0.32,0.0,0.0,0.0,0.66,0.63,0.0,0.0,0.0,0.0,0.0,0.0,0.0,0.0,0.0,0.0,0.0,0.0,0.11,0.11,0.0,0.0,1.812,10.0,58.0
2,0.0,0.0,0.0,0.0,0.0,0.0,0.7839999999999964,0.0,0.0,0.0,0.0,1.05,0.0,0.0,0.0,0.0,0.0,0.0,4.21,0.0,0.0,0.0,0.0,0.0,0.0,0.0,0.0,0.0,0.0,0.0,0.0,0.0,0.0,0.0,0.0,0.0,0.0,0.0,0.0,0.0,0.0,0.0,0.0,0.0,0.0,0.0,0.0,0.0,0.0,0.0,0.0,0.0,2.695,15.0,62.0
1,0.0,0.0,0.0,0.0,0.0,0.0,0.0,0.0,0.0,1.32,0.0,0.0,0.0,0.0,0.0,1.36,0.0,0.0,2.32,0.0,0.0,0.0,0.0,0.0,0.0,0.0,0.0,0.0,0.0,0.0,0.0,0.0,0.0,0.0,0.0,0.0,0.0,0.0,0.0,0.0,0.0,0.0,0.0,0.0,0.0,1.166999999999998,0.0,0.0,0.0,0.375,0.0,0.0,1.444,5.0,13.0
2,0.0,0.0,0.0,0.0,0.0,0.0,0.7839999999999964,0.6,0.67,1.32,0.38,0.0,0.0,0.0,0.0,0.0,0.91,0.0,0.0,0.35,2.94,0.0,0.0,0.0,0.0,0.0,0.0,0.0,0.0,0.0,0.0,0.0,0.0,0.0,0.0,0.0,0.95,0.0,0.0,0.0,0.0,0.0,0.0,0.0,0.0,0.0,0.0,0.0,0.147,0.294,0.147,0.0,9.018899999999988,156.39999999999964,288.0
1,0.18,0.0,0.18,0.0,0.0,0.0,0.0,0.0,0.67,0.0,0.0,0.37,0.0,0.0,0.0,0.09,0.0,0.0,0.37,0.0,0.18,0.0,0.0,0.0,0.56,0.66,0.09,0.0,0.0,0.0,0.0,0.0,0.37,0.0,0.0,0.0,0.28,0.0,0.0,0.0,0.0,0.0,0.0,0.0,0.0,0.0,0.0,0.17069999999999982,0.167,0.0,0.025,0.0,4.434,87.0,909.0
1,0.0,0.0,0.0,0.0,0.9,0.0,0.0,0.0,0.0,0.0,0.0,2.22,0.0,0.0,0.0,0.0,0.0,0.0,4.5,0.0,0.0,0.0,0.0,0.0,0.9,0.0,0.9,0.0,0.51,0.0,0.0,0.0,0.0,0.0,0.0,0.0,0.0,0.0,0.0,0.0,0.0,0.61,0.0,0.0,0.0,0.0,0.0,0.0,0.0,0.0,0.0,0.0,1.45,4.0,29.0
1,0.0,0.0,0.0,0.0,0.0,0.0,0.0,0.0,0.0,0.0,0.0,0.0,0.0,0.0,0.0,0.0,0.0,1.19,1.72,0.0,0.0,0.0,0.0,0.0,0.0,0.0,1.72,0.0,0.0,0.0,0.0,0.0,0.0,0.0,0.0,0.0,0.0,0.0,0.0,0.0,0.0,0.61,0.0,0.0,1.44,0.0,0.0,0.0,0.0,0.0,0.0,0.0,1.2,4.0,18.0
1,0.0,0.0,0.0,0.0,0.0,0.0,0.0,0.0,0.0,0.0,0.0,0.0,0.65,0.0,0.0,0.0,0.0,0.0,0.0,0.0,0.0,0.0,0.0,0.0,0.0,0.0,0.0,0.0,0.0,0.7139999999999963,0.0,0.0,0.0,0.0,0.0,0.0,0.95,0.0,0.0,0.0,0.0,0.0,0.0,0.0,0.0,0.89,0.0,0.0,0.269,0.0,0.0,0.0,2.27,16.0,84.0
2,0.0,0.0,0.0,0.0,0.0,0.0,0.0,0.6,0.0,0.67,0.0,0.0,0.0,0.0,0.0,0.0,0.0,0.0,0.0,0.0,0.0,0.0,0.0,0.0,0.0,0.0,0.0,0.0,0.0,0.0,0.0,0.0,0.0,0.0,0.0,0.0,0.95,0.0,0.0,0.0,0.0,0.0,0.0,0.0,0.0,0.0,0.0,0.17,0.511,0.511,0.0,0.0,4.617,27.0,217.0
2,0.0,0.0,0.0,0.0,0.0,0.54,0.7839999999999964,0.0,0.0,0.0,0.38,0.54,0.0,0.0,0.0,0.54,0.91,0.54,4.76,0.0,2.18,0.0,0.0,0.0,0.0,0.0,0.0,0.0,0.0,0.0,0.0,0.0,0.0,0.0,0.0,0.0,0.0,0.0,0.0,0.0,0.0,0.0,0.0,0.0,0.0,0.0,0.0,0.0,0.0,0.0,0.171,0.0,2.592,32.0,70.0
1,0.0,0.0,0.0,0.0,0.0,0.0,0.0,0.0,0.0,0.0,0.0,0.0,0.0,0.0,0.0,0.0,0.0,0.0,0.0,0.0,0.0,0.0,0.0,0.0,3.183999999999996,0.0,0.0,0.0,0.0,0.0,0.0,0.0,0.0,0.0,0.0,0.63,0.95,0.0,0.53,0.0,0.0,0.0,0.0,0.0,0.0,0.0,0.0,0.0,0.0,0.176,0.0,0.0,1.758,7.0,51.0
1,0.0,0.0,1.29,0.0,0.0,0.0,0.0,0.0,0.0,0.0,0.0,0.0,0.0,0.0,0.0,0.0,0.0,0.0,4.08,0.0,2.04,0.0,0.0,0.0,0.0,0.0,0.0,0.0,0.0,0.0,0.0,0.0,0.0,0.0,0.0,0.0,0.0,0.0,0.0,0.0,0.0,0.0,0.0,0.0,1.44,1.166999999999998,0.0,0.17069999999999982,0.0,0.0,0.0,0.0,1.0,1.0,9.0
1,0.0,0.0,0.44,0.0,0.0,0.44,0.0,0.0,0.0,0.0,0.0,0.0,0.44,0.0,0.0,0.0,0.0,0.0,2.67,0.0,0.89,0.0,0.0,0.0,0.89,0.0,0.0,0.0,0.0,0.0,0.0,0.0,0.0,0.0,0.0,0.44,0.0,0.0,0.0,0.0,0.0,0.0,0.0,0.0,0.44,0.0,0.0,0.0,0.074,0.149,0.0,0.0,1.115,2.0,29.0
1,0.0,0.0,0.0,0.0,0.0,0.0,0.0,0.0,0.0,0.0,0.0,2.22,0.0,0.0,0.0,0.0,0.0,0.0,3.33,0.0,0.0,0.0,0.0,0.0,0.0,0.0,0.0,0.0,0.0,0.0,0.0,0.0,0.0,0.0,0.0,0.0,0.0,0.0,0.0,0.0,0.0,0.0,0.31,0.0,1.44,0.0,0.0,0.0,0.0,0.0,0.0,0.0,1.142,3.0,16.0
1,0.0,0.0,0.5,0.0,0.5,0.0,0.0,0.0,0.0,0.5,0.0,1.01,0.0,0.0,0.0,0.0,0.5,1.01,2.03,0.0,3.04,0.0,0.0,0.0,1.52,0.5,1.01,0.85,0.0,0.7139999999999963,0.0,0.0,0.0,0.0,0.66,0.0,0.0,0.0,0.0,0.0,0.0,0.0,0.0,0.0,0.0,0.0,0.0,0.0,0.537,0.055,0.0,0.0,4.275,45.0,248.0
2,0.0,0.0,0.0,0.0,0.0,0.0,0.0,0.0,0.0,0.0,0.0,0.0,0.0,0.0,0.0,0.0,0.0,0.0,0.0,0.0,0.0,0.0,0.0,0.0,0.0,0.0,0.0,0.0,0.0,0.0,0.0,0.0,0.0,0.0,0.0,0.0,0.0,0.0,0.0,0.0,0.0,0.0,0.0,0.0,0.0,0.0,0.0,0.0,0.0,0.0,0.0,0.0,1.055,3.0,38.0
2,0.05,0.3,0.4,0.0,0.1,0.05,0.0,0.05,0.1,0.0,0.0,0.3,0.2,0.0,0.05,0.0,0.0,0.5,1.55,0.3,0.75,0.0,0.15,0.2,0.05,0.05,0.0,0.0,0.0,0.0,0.0,0.0,0.0,0.0,0.0,0.0,0.0,0.0,0.0,0.0,0.0,0.0,0.0,0.05,0.05,0.0,0.0,0.0,0.036,0.054,0.118,0.0,2.379,96.0,583.0
1,0.0,0.0,0.0,0.0,0.0,0.0,0.0,0.0,0.0,0.0,0.0,0.0,0.0,0.0,0.0,0.0,0.0,0.0,1.78,0.0,0.0,0.0,0.0,0.0,0.0,0.0,0.0,0.0,0.0,0.0,0.0,0.0,0.0,0.0,0.66,0.0,0.0,0.0,0.0,0.0,0.0,0.61,0.0,0.0,0.0,0.0,0.0,0.0,0.0,0.24,0.0,0.0,2.833,12.0,68.0
1,0.0,0.0,0.0,0.0,0.0,0.0,0.0,0.0,0.0,0.0,0.0,0.0,0.0,0.0,0.0,0.0,0.0,0.0,0.0,0.0,0.0,0.0,0.0,0.0,0.0,0.0,1.916999999999998,0.0,0.0,0.0,0.0,0.0,0.0,0.0,0.0,0.0,0.0,0.0,0.0,0.0,0.0,0.0,0.0,0.0,0.0,0.0,0.0,0.0,0.0,0.0,0.0,0.0,1.0,1.0,9.0
1,0.0,0.0,0.0,0.0,0.0,0.0,0.0,0.0,0.0,0.0,0.0,0.0,0.0,0.0,0.0,0.0,0.0,0.0,0.0,0.0,0.0,0.0,0.0,0.0,0.0,1.7939999999999965,0.0,0.0,0.0,0.0,0.0,0.0,0.0,0.0,0.0,0.0,0.0,0.0,0.0,0.0,0.0,0.0,0.0,0.0,0.0,0.0,0.0,0.0,0.0,0.0,0.0,0.0,2.0,4.0,9.0
1,0.0,0.0,0.0,0.0,0.0,0.0,0.0,0.0,0.0,0.0,0.0,0.5,0.65,0.0,0.0,0.5,0.0,0.5,2.53,0.0,0.5,0.0,0.0,0.0,0.0,0.0,0.0,0.0,0.0,0.0,0.0,0.0,0.0,0.0,0.0,0.0,0.0,0.0,0.0,0.0,0.0,0.5,0.0,0.0,0.5,0.5,0.0,0.0,0.087,0.0,0.087,0.0,1.225,3.0,38.0
2,0.52,0.34,0.4,0.0,0.14,0.17,0.05,0.14,0.46,0.52,0.31,0.89,0.4,0.17,0.05,0.11,0.23,0.11,2.9,0.0,1.1,0.0,0.63,0.52,0.0,0.0,0.0,0.0,0.0,0.0,0.0,0.0,0.0,0.0,0.0,0.0,0.0,0.0,0.0,0.0,0.0,0.0,0.0,0.0,0.08,0.0,0.0,0.0,0.073,0.363,0.38239999999999963,0.132,6.171,156.39999999999964,1179.3999999999996
2,0.13,0.1,0.55,0.0,0.02,0.13,0.02,0.6,0.23,0.29,0.05,0.34,0.42,0.07,0.16,0.87,0.45,0.66,3.95,0.05,1.59,0.0,0.39,0.34,0.0,0.0,0.0,0.0,0.0,0.0,0.0,0.0,0.02,0.0,0.0,0.0,0.0,0.0,0.0,0.31,0.0,0.0,0.0,0.05,0.23,0.02,0.0,0.03,0.083,0.538,0.145,0.07,5.108,116.0,1179.3999999999996
2,0.14,0.29,0.44,0.0,0.88,0.29,0.0,0.0,0.67,1.32,0.14,1.91,0.29,0.0,0.16,0.29,0.0,1.19,2.35,0.14,2.35,0.0,0.73,0.29,0.0,0.0,0.0,0.0,0.0,0.0,0.0,0.0,0.0,0.0,0.0,0.0,0.0,0.0,0.0,0.0,0.0,0.0,0.0,0.0,0.0,0.0,0.0,0.0,0.023,1.004,0.215,0.047,6.602,156.39999999999964,898.0
2,0.0,0.0,0.0,0.0,0.0,0.0,0.0,0.0,0.0,0.0,0.0,0.0,0.0,0.0,0.0,0.0,0.0,0.0,0.0,0.0,0.0,0.0,0.0,0.0,0.0,0.0,0.0,0.0,0.0,0.0,0.0,0.0,0.0,0.0,0.0,0.0,0.0,0.0,0.0,0.0,0.0,0.0,0.0,0.0,1.36,0.0,0.0,0.0,0.215,0.0,0.215,0.0,3.937,18.0,63.0
1,0.0,0.0,0.0,0.0,0.0,0.0,0.0,0.0,0.0,0.0,0.0,0.0,0.0,0.0,0.0,0.0,0.0,0.0,0.0,0.0,0.0,0.0,0.0,0.0,3.183999999999996,1.7939999999999965,0.0,0.0,0.0,0.0,0.0,0.0,0.0,0.0,0.0,0.0,0.0,0.0,0.0,0.0,0.0,0.61,0.0,0.0,0.0,0.0,0.0,0.0,0.0,0.0,0.0,0.0,1.25,2.0,9.0
2,0.6569999999999983,0.41,1.24,0.0,0.0,0.0,0.0,0.0,0.0,0.0,0.0,0.41,0.0,0.0,0.0,0.41,0.0,0.82,3.73,0.0,1.24,0.0,0.0,0.41,0.0,0.0,0.0,0.0,0.0,0.0,0.0,0.0,0.0,0.0,0.0,0.0,0.0,0.0,0.0,0.0,0.0,0.0,0.0,0.0,0.41,0.0,0.0,0.0,0.068,0.48,0.38239999999999963,0.0,3.166,19.0,114.0
2,0.6569999999999983,0.0,1.29,0.0,0.0,0.0,0.0,0.0,0.67,0.0,0.0,0.0,0.0,0.0,0.0,1.36,0.0,0.0,3.27,0.0,3.14,0.0,0.0,0.0,0.0,0.0,0.0,0.0,0.0,0.0,0.0,0.0,0.0,0.0,0.0,0.0,0.0,0.0,0.0,0.0,0.0,0.0,0.0,0.0,0.0,0.0,0.0,0.0,0.0,0.759,0.253,0.0,2.0,16.0,36.0
2,0.6569999999999983,0.0,0.0,0.0,0.0,0.0,0.0,0.0,0.0,1.32,0.0,0.0,0.65,0.0,0.0,1.36,0.0,0.0,2.94,0.0,1.47,0.0,0.0,0.5769999999999982,0.0,0.0,0.0,0.0,0.0,0.0,0.0,0.0,0.0,0.0,0.0,0.0,0.0,0.0,0.0,0.0,0.0,0.0,0.0,0.0,0.0,0.0,0.0,0.0,0.0,1.1457999999999993,0.254,0.0,6.055,63.0,109.0
2,0.0,0.0,0.53,0.0,0.53,0.0,0.0,0.53,0.0,0.0,0.0,1.06,0.0,0.0,0.16,0.0,0.53,0.53,2.65,0.0,2.65,0.0,0.73,0.0,0.0,0.0,0.0,0.0,0.0,0.0,0.0,0.0,0.0,0.0,0.0,0.0,0.0,0.0,0.53,0.39,0.0,0.0,0.0,0.0,0.0,0.0,0.0,0.0,0.191,0.095,0.38239999999999963,0.0,5.038,60.0,131.0
2,0.34,0.25,0.25,0.0,0.08,0.43,0.08,0.25,0.08,1.32,0.34,0.51,0.65,0.0,0.16,0.08,0.0,0.0,3.01,0.0,0.77,0.0,0.34,0.34,0.0,0.0,0.0,0.0,0.0,0.0,0.0,0.0,0.0,0.0,0.0,0.0,0.0,0.0,0.0,0.0,0.0,0.0,0.0,0.0,0.17,0.0,0.0,0.0,0.048,0.258,0.258,0.113,5.297,156.39999999999964,694.0
1,0.0,0.0,0.0,0.0,0.0,0.0,0.0,0.0,0.0,0.0,0.0,0.0,0.0,0.0,0.0,0.0,0.0,0.0,0.66,0.0,0.33,0.0,0.0,0.0,3.183999999999996,1.7939999999999965,1.916999999999998,0.66,0.51,0.66,0.32,0.0,0.0,0.07,0.66,0.63,0.66,0.0,0.33,0.39,0.0,0.0,0.31,0.0,0.66,0.0,0.0,0.101,0.254,0.05,0.05,0.0,2.725,15.0,248.0
2,0.0,0.0,0.34,0.0,0.0,0.0,0.34,0.0,0.0,0.34,0.0,0.34,0.0,0.0,0.0,0.68,0.34,0.34,0.68,0.34,0.34,0.0,0.0,0.0,0.0,0.0,0.0,0.0,0.0,0.0,0.0,0.0,0.0,0.0,0.0,0.0,0.0,0.0,0.0,0.34,0.0,0.0,0.0,0.0,0.0,0.0,0.0,0.0,0.393,0.224,0.056,0.0,2.257,17.0,158.0
1,0.0,0.6169999999999982,1.29,0.0,0.0,0.0,0.0,0.0,0.0,1.32,0.0,0.0,0.0,0.0,0.0,0.0,0.0,0.0,2.7,0.0,0.0,0.0,0.0,0.0,0.0,0.0,0.0,0.0,0.0,0.0,0.0,0.0,0.0,0.0,0.0,0.0,0.0,0.0,0.0,0.0,0.0,0.0,0.0,0.0,1.35,0.0,0.0,0.0,0.221,0.0,0.0,0.0,2.222,21.0,40.0
2,0.0,0.6169999999999982,0.35,0.0,0.35,0.0,0.0,0.0,0.0,0.0,0.0,0.71,0.0,0.0,0.0,0.35,0.0,1.19,1.77,0.0,1.06,0.0,0.0,0.0,0.0,0.0,0.0,0.0,0.0,0.0,0.0,0.0,0.0,0.0,0.0,0.0,0.0,0.0,0.0,0.0,0.0,0.0,0.0,0.0,0.0,0.0,0.0,0.0,0.058,0.7,0.0,0.0,3.768,61.0,260.0
1,0.0,0.0,0.0,0.0,0.0,0.0,0.0,0.0,0.0,0.0,0.0,0.0,0.0,0.0,0.0,0.0,0.0,0.0,1.88,0.0,0.0,0.0,0.0,0.0,0.0,0.0,0.0,0.0,0.0,0.0,0.0,0.0,0.0,0.0,0.0,0.0,0.0,0.0,0.0,0.0,0.0,0.0,0.0,0.0,1.44,0.0,0.0,0.0,0.35,0.0,0.0,0.0,1.461,6.0,19.0
1,0.0,0.0,0.8,0.0,0.0,0.0,0.0,0.0,0.0,0.0,0.0,0.0,0.0,0.0,0.0,0.0,0.0,0.0,1.6,0.0,0.0,0.0,0.0,0.0,2.4,1.6,0.0,0.8,0.0,0.0,0.0,0.0,0.4669999999999982,0.0,0.66,0.0,0.0,0.0,0.0,0.0,0.0,0.0,0.0,0.0,0.8,0.0,0.0,0.0,0.371,0.0,0.0,0.0,2.44,10.0,61.0
1,0.0,0.0,0.69,0.0,0.0,0.0,0.0,0.0,0.0,0.0,0.0,1.39,0.0,0.0,0.0,0.0,0.0,0.0,0.0,0.0,0.0,0.0,0.0,0.0,2.79,0.0,0.0,0.0,0.0,0.0,0.0,0.0,0.4669999999999982,0.0,0.0,0.0,0.0,0.0,0.0,0.0,0.0,0.0,0.0,0.2869999999999982,0.0,0.0,0.0,0.0,0.0,0.0,0.0,0.0,1.268,4.0,52.0
2,0.1,0.3,0.4,0.0,0.2,0.64,0.2,0.5,0.67,0.8,0.2,0.8,0.0,0.0,0.16,0.0,0.2,1.19,2.2,0.2,1.0,0.0,0.1,0.2,0.0,0.0,0.0,0.0,0.0,0.0,0.0,0.0,0.0,0.0,0.0,0.0,0.0,0.0,0.0,0.0,0.0,0.0,0.2,0.0,0.0,0.0,0.0,0.0,0.174,0.334,0.174,0.014,6.896,156.39999999999964,1179.3999999999996
1,0.0,0.0,0.1,0.0,0.0,0.0,0.0,0.0,0.0,0.1,0.1,0.96,0.1,0.0,0.0,0.0,0.0,0.0,0.0,0.0,0.0,0.0,0.0,0.0,3.183999999999996,0.1,0.0,0.0,0.0,0.0,0.0,0.0,0.4669999999999982,0.0,0.0,0.1,0.21,0.0,0.0,0.0,0.0,0.0,0.0,0.0,0.0,0.0,0.0,0.014,0.117,0.0,0.0,0.0,2.204,24.0,496.0
1,0.13,0.0,0.13,0.0,0.27,0.27,0.0,0.0,0.0,0.0,0.0,0.41,0.27,0.0,0.0,0.0,0.0,0.0,1.25,0.0,0.27,0.0,0.0,0.0,0.0,0.0,0.0,0.0,0.0,0.0,0.0,0.0,0.0,0.0,0.0,0.0,0.0,0.0,0.13,0.0,0.0,0.0,0.0,0.0,0.27,0.13,0.0,0.0,0.294,0.514,0.0,0.0,1.409,17.0,172.0
2,0.0,0.0,0.0,0.0,0.45,0.45,0.45,0.0,0.0,0.0,0.0,0.45,0.0,0.0,0.0,0.0,0.0,0.0,0.9,0.0,0.0,0.0,0.0,0.0,0.0,0.0,0.0,0.0,0.0,0.0,0.0,0.0,0.0,0.0,0.0,0.0,0.0,0.0,0.0,0.0,0.0,0.0,0.0,0.0,0.0,0.0,0.0,0.0,0.0,0.072,0.0,0.14209999999999945,7.857,45.0,440.0
2,0.0,0.0,0.0,0.0,1.51,0.0,0.0,0.6,0.0,0.0,0.0,1.24,0.0,0.0,0.0,0.0,0.0,0.0,2.48,0.0,3.14,0.0,0.0,0.0,0.0,0.0,0.0,0.0,0.0,0.0,0.0,0.0,0.0,0.0,0.0,0.0,0.0,0.0,0.0,0.0,0.0,0.0,0.0,0.0,0.0,0.0,0.0,0.0,0.0,0.179,0.0,0.089,3.702,53.0,174.0
2,0.34,0.0,1.29,0.0,1.02,0.0,0.0,0.0,0.67,1.02,0.0,0.0,0.0,0.0,0.0,0.0,0.0,0.0,0.34,0.35,0.68,0.0,0.0,0.0,0.34,0.0,0.0,0.0,0.0,0.0,0.0,0.0,0.0,0.0,0.0,0.0,0.0,0.0,0.0,0.0,0.0,0.0,0.0,0.0,0.0,0.0,0.0,0.0,0.0,0.898,0.105,0.0,9.018899999999988,156.39999999999964,1179.3999999999996
1,0.0,0.0,0.0,0.0,0.0,0.0,0.0,0.0,0.0,0.0,0.0,0.0,0.0,0.17,0.0,0.0,0.0,0.0,1.75,0.0,0.0,0.0,0.0,0.0,0.0,0.0,0.0,0.0,0.0,0.0,0.0,0.0,0.0,0.0,0.0,0.0,0.0,0.0,0.0,0.0,0.0,0.0,0.0,0.0,0.0,0.0,0.0,0.0,0.0,0.25,0.0,0.0,1.285,3.0,18.0
1,0.0,0.0,0.0,0.0,0.0,0.0,0.0,0.0,0.0,0.0,0.0,2.22,0.0,0.0,0.0,0.0,0.0,0.0,0.0,0.0,0.0,0.0,0.0,0.0,0.0,0.0,0.0,0.0,0.0,0.0,0.0,0.0,0.0,0.0,0.0,0.0,0.0,0.0,0.0,0.0,0.0,0.0,0.0,0.0,0.0,0.0,0.0,0.0,0.0,1.098,0.0,0.0,2.142,9.0,15.0
1,0.0,0.0,0.0,0.0,0.0,0.0,0.0,0.0,0.0,0.0,0.0,0.0,0.0,0.0,0.0,0.0,0.0,0.0,0.0,0.0,0.0,0.0,0.0,0.0,0.0,0.0,0.0,0.0,0.0,0.0,0.0,0.0,0.0,0.0,0.0,0.0,0.0,0.0,0.0,0.0,0.0,0.0,0.0,0.0,0.0,0.0,0.0,0.0,0.0,0.0,0.0,0.0,2.5,4.0,9.0
1,0.0,0.0,0.0,0.0,0.0,0.0,0.0,0.0,0.0,0.0,0.0,0.0,0.0,0.0,0.0,0.0,0.0,0.0,0.0,0.0,0.0,0.0,0.0,0.0,0.0,0.0,1.916999999999998,0.0,0.0,0.0,0.0,0.0,0.0,0.0,0.0,0.0,0.0,0.0,0.0,0.0,0.0,0.0,0.0,0.0,0.0,0.0,0.0,0.0,0.0,0.0,0.0,0.0,1.0,1.0,9.0
1,0.0,0.0,0.0,0.0,0.0,0.0,0.0,0.0,0.0,0.0,0.0,0.0,0.0,0.0,0.0,0.0,0.0,0.0,0.0,0.0,0.0,0.0,0.0,0.0,3.183999999999996,1.7939999999999965,1.916999999999998,0.85,0.51,0.7139999999999963,0.32,0.0,0.0,0.07,0.66,0.63,0.0,0.0,0.0,0.39,0.0,0.0,0.0,0.0,0.0,0.0,0.0,0.0,0.537,0.0,0.0,0.0,2.5,11.0,40.0
1,0.6569999999999983,0.0,0.0,0.0,0.32,0.0,0.0,0.0,0.0,0.0,0.0,0.32,0.0,0.0,0.0,0.0,0.0,0.0,1.93,0.0,0.32,0.0,0.0,0.0,0.0,0.0,0.0,0.0,0.0,0.0,0.0,0.0,0.0,0.0,0.0,0.0,0.0,0.0,0.0,0.0,0.0,0.0,0.0,0.2869999999999982,0.0,0.32,0.0,0.0,0.057,0.0,0.0,0.0,1.147,5.0,78.0
2,0.6569999999999983,0.0,0.0,0.0,0.74,0.0,0.74,0.0,0.67,0.0,0.0,0.0,0.0,0.0,0.0,0.0,0.0,0.0,0.0,0.0,1.49,0.0,0.0,0.0,0.0,0.0,0.0,0.0,0.0,0.0,0.0,0.0,0.0,0.0,0.0,0.0,0.0,0.0,0.0,0.39,0.0,0.0,0.0,0.0,0.0,0.0,0.0,0.0,0.0,0.467,0.233,0.0,1.846,12.0,72.0
1,0.0,0.0,0.0,0.0,0.0,0.0,0.0,0.0,0.0,0.47,0.0,0.0,0.0,0.0,0.0,0.0,0.0,0.0,0.0,0.0,0.0,0.0,0.0,0.0,0.0,0.0,0.47,0.0,0.47,0.0,0.0,0.0,0.4669999999999982,0.0,0.0,0.0,0.0,0.0,0.0,0.0,0.0,0.0,0.0,0.0,0.0,0.0,0.0,0.0,0.074,0.0,0.0,0.074,4.308,28.0,293.0
2,0.08,0.08,0.76,0.0,0.85,0.64,0.25,0.17,0.59,0.08,0.17,0.59,0.17,0.0,0.16,0.25,0.08,0.93,1.61,0.17,0.42,0.0,0.73,0.08,0.0,0.0,0.0,0.0,0.0,0.0,0.0,0.0,0.0,0.0,0.0,0.0,0.0,0.0,0.0,0.08,0.0,0.0,0.17,0.08,0.08,0.08,0.0,0.0,0.065,0.403,0.117,0.013,7.484,156.39999999999964,1179.3999999999996
1,0.37,0.0,0.63,0.0,0.25,0.12,0.0,0.0,0.0,0.0,0.0,0.12,0.12,0.0,0.0,0.0,0.0,0.12,1.51,0.0,0.25,0.0,0.0,0.0,0.0,0.0,0.0,0.0,0.12,0.0,0.0,0.0,0.0,0.0,0.0,0.0,0.0,0.0,0.0,0.0,0.0,0.0,0.0,0.0,0.37,0.0,0.0,0.0,0.107,0.193,0.0,0.0,1.181,4.0,104.0
2,0.6569999999999983,0.0,0.0,0.0,0.0,0.0,0.7839999999999964,0.0,0.67,0.0,0.0,1.17,0.0,0.0,0.0,1.17,0.0,0.0,2.35,0.0,0.0,0.0,0.73,0.0,0.0,0.0,0.0,0.0,0.0,0.0,0.0,0.0,0.0,0.0,0.0,0.0,0.0,0.0,0.0,0.0,0.0,0.0,0.0,0.0,0.0,0.0,0.0,0.0,0.0,0.168,0.336,0.0,4.576,17.0,119.0
2,0.0,0.0,0.0,0.0,1.51,0.0,0.0,0.0,0.0,0.0,0.0,0.0,0.0,0.0,0.0,0.0,0.0,0.0,4.76,0.0,0.0,0.0,0.0,0.0,0.0,0.0,0.0,0.0,0.0,0.0,0.0,0.0,0.0,0.0,0.0,0.0,0.0,0.0,0.0,0.0,0.0,0.0,0.0,0.0,0.0,0.0,0.0,0.0,0.0,1.111,0.0,0.0,1.409,10.0,31.0
1,0.0,0.0,0.0,0.0,0.0,0.0,0.0,0.0,0.0,0.0,0.0,0.74,0.0,0.0,0.0,0.0,0.0,0.74,1.49,0.0,0.0,0.0,0.0,0.0,3.183999999999996,1.7939999999999965,0.0,0.74,0.0,0.7139999999999963,0.32,0.0,0.0,0.0,0.66,0.63,0.0,0.0,0.0,0.0,0.0,0.0,0.0,0.0,0.0,0.0,0.0,0.0,0.102,0.102,0.0,0.14209999999999945,2.121,10.0,87.0
1,0.0,0.6169999999999982,0.0,0.0,0.0,0.0,0.0,0.0,0.0,0.0,0.0,1.28,0.0,0.0,0.0,0.0,0.0,0.0,2.56,0.0,1.28,0.0,0.0,0.0,3.183999999999996,0.0,0.0,0.0,0.0,0.0,0.0,0.0,0.0,0.0,0.0,0.0,0.0,0.0,0.0,0.0,0.0,0.0,0.0,0.0,0.0,0.0,0.0,0.0,0.196,0.0,0.0,0.0,1.952,10.0,41.0
2,0.0,0.56,0.56,0.0,1.51,0.0,0.7839999999999964,0.0,0.0,0.0,0.0,0.56,0.56,0.0,0.0,0.56,0.91,0.0,3.95,0.0,1.69,0.0,0.0,0.0,0.0,0.0,0.0,0.0,0.0,0.0,0.0,0.0,0.0,0.0,0.0,0.0,0.0,0.0,0.0,0.0,0.0,0.0,0.0,0.0,0.0,0.0,0.0,0.0,0.247,1.1457999999999993,0.33,0.0,5.135,140.0,190.0
1,0.0,0.24,0.0,0.0,0.24,0.0,0.0,0.24,0.0,0.49,0.0,0.0,0.0,0.17,0.0,0.0,0.0,0.0,0.99,0.0,0.0,0.0,0.0,0.0,0.49,0.0,0.24,0.0,0.0,0.0,0.24,0.0,0.0,0.0,0.24,0.0,0.74,0.0,0.0,0.0,0.0,0.0,0.0,0.0,0.0,0.0,0.0,0.0,0.0,0.0,0.16,0.0,9.018899999999988,156.39999999999964,1108.0
2,0.37,0.17,0.3,0.0,0.23,0.17,0.03,0.6,0.37,0.37,0.1,0.64,0.61,0.17,0.16,0.51,0.34,0.34,2.75,0.13,1.36,0.0,0.27,0.5769999999999982,0.0,0.0,0.0,0.0,0.0,0.0,0.0,0.0,0.0,0.0,0.0,0.0,0.0,0.0,0.0,0.03,0.0,0.0,0.0,0.0,0.03,0.0,0.0,0.011,0.041,0.379,0.136,0.0,3.341,156.39999999999964,1179.3999999999996
2,0.0,0.0,0.44,0.0,1.32,0.0,0.44,0.0,0.0,1.32,0.0,0.0,0.0,0.0,0.0,0.0,0.44,0.0,4.42,0.0,3.09,0.0,0.0,0.44,0.0,0.0,0.0,0.0,0.0,0.0,0.0,0.0,0.0,0.0,0.0,0.0,0.0,0.0,0.0,0.0,0.0,0.0,0.0,0.0,0.0,0.0,0.0,0.0,0.301,0.301,0.0,0.0,2.787,19.0,131.0
1,0.0,0.0,0.0,0.0,0.0,0.0,0.0,0.0,0.0,0.0,0.0,0.0,0.0,0.0,0.0,1.36,0.0,0.0,0.0,0.0,0.0,0.0,0.0,0.0,0.0,0.0,0.0,0.85,0.0,0.0,0.0,0.0,0.0,0.0,0.0,0.0,0.0,0.0,0.0,0.0,0.0,0.0,0.0,0.0,0.0,0.0,0.0,0.0,0.253,0.0,0.0,0.0,2.352,17.0,40.0
2,0.29,0.19,0.68,0.0,0.0,0.58,0.0,0.58,0.58,0.77,0.0,0.58,0.38,0.0,0.16,0.0,0.19,1.19,1.75,0.35,0.77,0.0,0.58,0.5769999999999982,0.0,0.0,0.0,0.0,0.0,0.0,0.0,0.0,0.0,0.0,0.09,0.0,0.0,0.0,0.0,0.0,0.0,0.0,0.0,0.0,0.0,0.0,0.0,0.0,0.034,0.569,0.207,0.034,9.018899999999988,156.39999999999964,1179.3999999999996
2,0.0,0.0,0.0,0.0,0.64,0.0,0.0,0.0,0.0,0.0,0.38,0.64,0.0,0.0,0.0,0.0,0.91,0.0,1.29,0.35,1.29,0.0,0.0,0.5769999999999982,0.0,0.0,0.0,0.0,0.0,0.0,0.0,0.0,0.0,0.0,0.0,0.0,0.0,0.0,0.0,0.0,0.0,0.0,0.0,0.0,0.0,0.0,0.0,0.0,0.468,0.093,0.0,0.0,2.755,66.0,135.0
2,0.0,0.0,0.0,0.0,0.0,0.0,0.0,0.0,0.0,0.0,0.0,0.0,0.0,0.0,0.0,0.0,0.0,0.0,4.76,0.0,1.63,0.0,0.0,0.0,0.0,0.0,0.0,0.0,0.0,0.0,0.0,0.0,0.0,0.0,0.0,0.0,0.0,0.0,0.0,0.0,0.0,0.0,0.0,0.0,0.0,0.0,0.0,0.0,0.0,0.0,0.0,0.0,1.0,1.0,13.0
1,0.0,0.0,0.0,0.0,0.0,0.0,0.0,0.0,0.0,0.0,0.0,0.0,0.0,0.0,0.0,0.0,0.0,0.0,0.0,0.0,0.0,0.0,0.0,0.0,0.0,0.0,0.0,0.0,0.0,0.0,0.0,0.0,0.0,0.0,0.0,0.0,0.0,0.0,0.0,0.0,0.0,0.0,0.0,0.0,0.0,0.0,0.0,0.0,0.0,0.0,0.0,0.0,2.0,4.0,9.0
2,0.0,0.28,0.84,0.0,0.28,0.0,0.14,0.0,0.0,0.42,0.14,0.0,0.14,0.0,0.14,0.14,0.0,0.7,0.42,0.14,0.84,0.0,0.0,0.0,0.0,0.0,0.0,0.0,0.0,0.0,0.0,0.0,0.0,0.0,0.0,0.0,0.0,0.0,0.0,0.14,0.0,0.0,0.0,0.0,0.0,0.0,0.0,0.0,0.0,0.583,0.0,0.067,5.415,132.0,991.0
1,0.06,0.0,0.06,0.0,0.0,0.06,0.0,0.0,0.54,0.0,0.0,0.18,0.0,0.12,0.0,0.0,0.0,0.06,0.24,0.0,0.18,0.0,0.0,0.0,1.14,1.2,0.06,0.0,0.0,0.0,0.0,0.0,0.18,0.0,0.0,0.0,0.9,0.0,0.0,0.0,0.0,0.0,0.0,0.0,0.12,0.0,0.0,0.115,0.221,0.0,0.017,0.0,3.015,38.0,1179.3999999999996
1,0.0,0.0,0.27,0.0,0.0,0.0,0.0,0.0,0.27,0.55,0.0,0.0,0.0,0.0,0.0,0.0,0.0,0.0,3.3,0.0,0.27,0.0,0.0,0.0,0.0,0.0,0.0,0.0,0.0,0.0,0.0,0.0,0.0,0.0,0.0,0.0,0.0,0.0,0.0,0.0,0.0,0.0,0.0,0.0,0.27,0.27,0.0,0.0,0.0,0.048,0.0,0.0,1.873,47.0,118.0
1,0.0,0.0,0.0,0.0,0.0,0.0,0.0,0.0,0.0,0.0,0.0,0.0,0.0,0.0,0.0,0.0,0.0,0.0,0.0,0.0,0.0,0.0,0.0,0.0,0.0,0.0,1.19,0.0,0.51,0.0,0.0,0.0,0.4669999999999982,0.0,0.0,0.0,0.0,0.0,0.0,0.0,0.0,0.0,0.0,0.0,0.0,0.0,0.0,0.0,0.537,0.0,0.0,0.14209999999999945,3.478,7.0,80.0
1,0.0,0.0,1.29,0.0,0.0,0.0,0.0,0.0,0.0,0.0,0.0,1.49,0.0,0.0,0.0,0.0,0.0,0.0,1.49,0.0,0.0,0.0,0.0,0.0,0.0,0.0,0.0,0.0,0.0,0.0,0.0,0.0,0.0,0.0,0.0,0.0,0.0,0.0,0.0,0.0,0.0,0.61,0.0,0.0,0.0,0.0,0.0,0.0,0.238,0.238,0.0,0.0,2.0,8.0,50.0
2,0.0,0.55,0.55,0.0,1.1,0.55,0.7839999999999964,0.0,0.0,0.55,0.0,0.55,0.0,0.0,0.0,0.0,0.0,0.55,3.31,0.0,1.1,0.0,0.0,0.0,0.0,0.0,0.0,0.0,0.0,0.0,0.0,0.0,0.0,0.0,0.0,0.0,0.0,0.0,0.0,0.0,0.0,0.0,0.0,0.0,0.55,0.0,0.0,0.0,0.165,0.496,0.0,0.082,9.018899999999988,148.0,386.0
1,0.0,0.0,0.0,0.0,0.0,0.0,0.0,0.0,0.0,0.0,0.0,0.0,0.0,0.0,0.0,0.0,0.0,0.0,0.0,0.0,3.14,0.0,0.0,0.0,3.183999999999996,0.0,0.0,0.0,0.0,0.0,0.0,0.0,0.0,0.0,0.0,0.0,0.0,0.0,0.0,0.0,0.0,0.0,0.0,0.0,0.0,0.0,0.0,0.0,0.0,0.0,0.0,0.0,2.125,6.0,17.0
2,0.0,0.0,0.88,0.0,0.88,0.0,0.0,0.0,0.0,0.0,0.0,0.88,0.0,0.0,0.0,0.0,0.0,0.0,0.88,0.0,0.0,0.0,0.0,0.0,0.0,0.0,0.0,0.0,0.0,0.0,0.0,0.0,0.0,0.0,0.0,0.0,0.0,0.0,0.0,0.0,0.0,0.0,0.0,0.0,0.0,0.0,0.0,0.0,0.0,0.935,0.0,0.0,3.417,51.0,229.0
1,0.0,0.0,0.0,0.0,0.0,0.0,0.0,0.0,0.0,1.02,0.0,0.0,0.65,0.0,0.0,0.0,0.0,0.0,4.08,0.0,0.0,0.0,0.0,0.0,0.0,0.0,0.0,0.0,0.0,0.0,0.0,0.0,0.0,0.0,0.0,0.0,0.0,0.0,0.0,0.0,0.0,0.0,0.0,0.0,0.0,1.166999999999998,0.0,0.0,0.0,0.147,0.0,0.0,1.333,4.0,24.0
2,0.0,0.0,0.32,0.0,0.64,0.64,0.32,0.32,0.0,0.0,0.0,0.32,0.32,0.0,0.0,0.32,0.32,0.0,2.27,0.0,3.14,0.0,0.0,0.32,0.0,0.0,0.0,0.0,0.0,0.0,0.0,0.0,0.0,0.0,0.0,0.0,0.0,0.0,0.0,0.0,0.0,0.0,0.0,0.0,0.64,0.0,0.0,0.0,0.104,0.0,0.157,0.0,1.494,10.0,139.0
2,0.0,0.0,0.0,0.0,0.27,0.0,0.55,0.27,0.27,0.27,0.0,0.27,0.0,0.0,0.0,0.0,0.91,0.0,0.55,0.27,0.83,0.0,0.0,0.0,0.0,0.0,0.0,0.0,0.0,0.0,0.0,0.0,0.0,0.0,0.0,0.0,0.0,0.0,0.0,0.0,0.0,0.0,0.0,0.0,0.0,0.0,0.0,0.17069999999999982,0.0,0.301,0.0,0.043,9.018899999999988,156.39999999999964,1130.0
1,0.0,0.0,0.0,0.0,0.0,0.0,0.0,0.0,0.0,0.0,0.0,0.0,0.0,0.0,0.0,0.0,0.0,0.0,4.76,0.0,0.0,0.0,0.0,0.0,0.0,0.0,0.0,0.0,0.0,0.0,0.0,0.0,0.0,0.0,0.0,0.0,0.0,0.0,0.0,0.0,0.0,0.0,0.0,0.0,0.0,0.0,0.0,0.0,0.0,0.0,0.0,0.0,1.571,5.0,11.0
1,0.0,0.0,0.0,0.0,0.0,0.0,0.0,0.0,0.0,1.32,0.0,0.0,0.0,0.0,0.0,0.0,0.0,0.0,1.85,0.0,3.14,0.0,0.0,0.0,1.85,0.0,0.0,0.85,0.0,0.0,0.0,0.0,0.4669999999999982,0.0,0.66,0.0,0.0,0.0,0.0,0.0,0.0,0.0,0.0,0.0,1.44,0.0,0.0,0.0,0.537,0.318,0.0,0.0,2.695,15.0,62.0
2,0.0,0.0,0.0,0.0,0.0,0.0,0.7839999999999964,0.0,0.0,1.32,0.0,0.0,0.0,0.0,0.0,0.0,0.0,0.0,0.0,0.0,0.0,0.0,0.0,0.0,0.0,0.0,0.0,0.0,0.0,0.0,0.0,0.0,0.0,0.0,0.0,0.0,0.0,0.0,0.0,0.0,0.0,0.0,0.0,0.0,0.0,0.0,0.0,0.0,0.0,0.544,0.0,0.0,1.777,5.0,16.0
1,0.51,0.0,0.0,0.0,0.0,0.0,0.0,0.0,0.0,0.0,0.0,0.25,0.51,0.0,0.0,0.0,0.0,0.0,2.3,0.0,1.53,0.0,0.0,0.0,0.0,0.0,0.0,0.0,0.0,0.0,0.0,0.0,0.0,0.0,0.0,0.0,0.25,0.0,0.0,0.0,0.0,0.0,0.0,0.0,0.25,0.0,0.0,0.0,0.333,0.0,0.0,0.0,1.196,5.0,67.0
2,0.0,0.0,0.74,0.0,1.51,0.37,0.37,0.0,0.0,0.74,0.0,0.37,0.0,0.0,0.0,1.11,0.0,0.0,1.85,0.0,3.14,0.0,0.0,0.0,0.0,0.0,0.0,0.0,0.0,0.0,0.0,0.0,0.0,0.0,0.0,0.0,0.0,0.0,0.0,0.0,0.0,0.0,0.0,0.0,0.0,0.0,0.0,0.0,0.264,0.0,0.0,0.0,2.492,12.0,172.0
1,0.0,0.0,0.71,0.0,0.0,0.0,0.0,0.0,0.0,0.0,0.0,0.71,0.65,0.0,0.0,0.0,0.0,0.0,0.71,0.0,0.0,0.0,0.0,0.0,0.0,0.0,0.0,0.0,0.0,0.0,0.0,0.0,0.0,0.0,0.0,0.0,0.0,0.0,0.0,0.0,0.0,0.0,0.0,0.0,0.0,0.0,0.0,0.0,0.121,0.243,0.0,0.0,1.0,1.0,31.0
1,0.0,0.6169999999999982,0.0,0.0,0.0,0.0,0.0,0.0,0.0,0.0,0.0,0.0,0.0,0.0,0.0,0.0,0.0,0.0,2.06,0.0,0.0,0.0,0.0,0.0,2.06,1.37,1.37,0.68,0.51,0.68,0.32,0.0,0.0,0.07,0.66,0.63,0.68,0.0,0.0,0.39,0.0,0.0,0.31,0.0,0.68,0.68,0.0,0.0,0.216,0.216,0.0,0.108,2.754,25.0,157.0
1,0.0,0.36,0.36,0.0,0.0,0.0,0.0,0.0,0.0,0.36,0.0,0.0,0.0,0.0,0.0,0.0,0.0,0.0,1.47,0.0,0.36,0.0,0.0,0.0,0.0,0.0,0.0,0.0,0.0,0.0,0.0,0.0,0.0,0.0,0.0,0.0,0.0,0.0,0.0,0.0,0.0,0.0,0.0,0.0,0.0,0.0,0.0,0.17069999999999982,0.0,0.063,0.0,0.14209999999999945,7.326,43.0,359.0
1,0.0,0.0,0.0,0.0,0.0,0.0,0.0,0.0,0.0,0.0,0.0,0.0,0.0,0.0,0.0,0.0,0.0,0.0,0.0,0.0,0.0,0.0,0.0,0.0,3.183999999999996,0.0,0.0,0.0,0.0,0.0,0.0,0.0,0.0,0.0,0.0,0.0,0.0,0.0,0.0,0.0,0.0,0.0,0.0,0.0,0.0,0.0,0.0,0.0,0.0,0.0,0.0,0.0,3.222,9.0,29.0
1,0.4,0.0,0.81,0.0,0.0,0.4,0.0,0.0,0.0,0.0,0.0,0.81,0.0,0.0,0.0,0.0,0.0,0.0,1.63,0.0,0.4,0.0,0.0,0.0,0.0,0.0,0.81,0.0,0.0,0.4,0.0,0.0,0.0,0.0,0.0,0.0,0.0,0.0,0.0,0.0,0.0,0.0,0.31,0.0,0.4,0.0,0.0,0.0,0.071,0.0,0.0,0.0,1.156,3.0,59.0
1,0.0,0.0,0.0,0.0,0.0,0.0,0.0,0.0,0.0,1.32,0.0,0.0,0.0,0.0,0.0,0.0,0.0,0.0,4.76,0.0,0.0,0.0,0.0,0.0,0.0,0.0,0.0,0.0,0.0,0.0,0.0,0.0,0.0,0.0,0.0,0.0,0.0,0.0,0.0,0.0,0.0,0.0,0.0,0.0,0.0,0.0,0.0,0.0,0.0,0.0,0.0,0.0,1.666,3.0,9.0
1,0.0,0.12,0.12,0.0,0.0,0.0,0.0,0.12,0.0,0.0,0.0,0.12,0.0,0.0,0.12,0.0,0.0,0.0,0.12,0.0,0.0,0.0,0.0,0.0,0.9,0.38,0.38,0.0,0.0,0.0,0.0,0.0,0.0,0.0,0.66,0.0,0.0,0.0,0.0,0.0,0.0,0.61,0.0,0.0,0.0,0.12,0.0,0.0,0.149,0.0,0.0,0.074,5.264,53.0,1179.3999999999996
1,0.0,0.0,1.29,0.0,0.0,0.0,0.0,0.0,0.0,0.0,0.0,0.0,0.0,0.0,0.0,0.0,0.0,0.0,0.0,0.0,0.0,0.0,0.0,0.0,0.0,0.0,0.0,0.0,0.0,0.0,0.0,0.0,0.0,0.0,0.0,0.0,0.0,0.0,0.0,0.0,0.0,0.0,0.0,0.0,0.0,0.0,0.0,0.0,0.0,1.1457999999999993,0.0,0.0,1.2,2.0,12.0
1,0.0,0.0,0.0,0.0,0.0,0.0,0.0,0.0,0.0,0.0,0.0,0.28,0.28,0.0,0.0,0.0,0.0,0.0,0.57,0.0,0.0,0.0,0.0,0.0,0.86,0.0,0.0,0.0,0.0,0.0,0.0,0.0,0.0,0.0,0.0,0.28,0.0,0.0,0.0,0.0,0.0,0.28,0.0,0.0,0.0,0.28,0.0,0.0,0.216,0.043,0.0,0.0,1.3,7.0,52.0
2,0.0,0.6169999999999982,1.24,0.0,0.31,0.0,0.0,0.0,0.0,0.0,0.0,0.62,0.0,0.0,0.0,0.31,0.0,1.19,2.49,0.0,1.24,0.0,0.0,0.0,0.0,0.0,0.0,0.0,0.0,0.0,0.0,0.0,0.0,0.0,0.0,0.0,0.0,0.0,0.0,0.0,0.0,0.0,0.0,0.0,0.31,0.0,0.0,0.0,0.05,1.1457999999999993,0.0,0.0,4.592,121.0,349.0
1,0.11,0.0,0.33,0.0,0.0,0.0,0.0,0.0,0.0,0.11,0.0,0.45,0.0,0.0,0.0,0.11,0.11,0.0,2.81,0.0,0.9,0.0,0.0,0.0,0.0,0.0,0.0,0.0,0.0,0.0,0.0,0.0,0.0,0.0,0.0,0.0,0.11,0.0,0.0,0.0,0.0,0.22,0.0,0.0,0.33,0.56,0.0,0.017,0.136,0.051,0.0,0.017,2.944,63.0,427.0
2,0.0,0.56,0.56,0.0,1.51,0.0,0.56,0.0,0.0,0.0,0.0,0.56,0.56,0.0,0.0,0.56,0.91,0.0,3.95,0.0,1.69,0.0,0.0,0.0,0.0,0.0,0.0,0.0,0.0,0.0,0.0,0.0,0.0,0.0,0.0,0.0,0.0,0.0,0.0,0.0,0.0,0.0,0.0,0.0,0.0,0.0,0.0,0.0,0.26,1.1457999999999993,0.347,0.0,5.105,140.0,194.0
1,0.0,0.0,1.29,0.0,0.0,0.0,0.0,0.0,0.0,0.0,0.0,0.0,0.0,0.0,0.0,0.0,0.0,0.0,0.0,0.0,0.0,0.0,0.0,0.0,0.0,0.0,0.0,0.0,0.0,0.0,0.0,0.0,0.0,0.0,0.0,0.63,0.0,0.0,0.53,0.0,0.0,0.0,0.0,0.0,0.0,0.0,0.0,0.0,0.0,0.0,0.0,0.0,1.464,7.0,41.0
1,0.0,0.0,0.0,0.0,0.0,0.0,0.0,0.0,0.0,0.0,0.0,0.0,0.0,0.0,0.0,0.0,0.0,0.0,0.0,0.0,0.0,0.0,0.0,0.0,0.0,0.0,1.23,0.0,0.0,0.0,0.0,0.0,0.0,0.0,0.0,0.0,0.0,0.0,0.0,0.0,0.0,0.0,0.0,0.0,0.0,0.0,0.0,0.0,0.0,0.0,0.0,0.0,3.677,28.0,114.0
1,0.0,0.0,0.6,0.0,0.0,0.0,0.0,0.0,0.0,0.0,0.0,0.43,0.08,0.0,0.0,0.0,0.0,0.0,3.02,0.0,1.03,0.0,0.0,0.0,0.0,0.0,0.0,0.0,0.0,0.0,0.0,0.0,0.0,0.0,0.0,0.0,0.0,0.0,0.08,0.0,0.0,0.0,0.0,0.0,0.51,0.0,0.0,0.0,0.083,0.099,0.0,0.0,1.329,18.0,214.0
1,0.0,0.0,0.0,0.0,1.28,0.0,0.0,0.0,0.0,1.32,0.0,0.64,0.0,0.0,0.0,0.0,0.0,0.0,1.92,0.0,0.64,0.0,0.0,0.0,0.64,0.64,0.0,0.0,0.0,0.7139999999999963,0.0,0.0,0.0,0.0,0.0,0.0,0.64,0.0,0.0,0.0,0.0,0.0,0.0,0.0,0.0,0.0,0.0,0.0,0.0,0.0,0.0,0.0,1.536,8.0,63.0
2,0.0,0.0,1.29,0.0,0.0,0.64,0.0,0.0,0.0,0.0,0.32,0.32,0.0,0.0,0.0,0.32,0.0,0.0,1.96,0.35,2.94,0.0,0.73,0.0,0.0,0.0,0.0,0.0,0.0,0.0,0.0,0.0,0.0,0.0,0.0,0.0,0.0,0.0,0.0,0.0,0.0,0.0,0.0,0.0,0.0,0.0,0.0,0.0,0.11,0.276,0.38239999999999963,0.14209999999999945,3.8,33.0,228.0
1,0.0,0.0,0.0,0.0,0.0,0.0,0.0,0.0,0.0,0.0,0.0,0.0,0.0,0.0,0.0,0.0,0.0,0.0,0.0,0.0,0.0,0.0,0.0,0.0,0.0,0.0,0.0,0.0,0.0,0.0,0.0,0.0,0.0,0.0,0.0,0.0,0.0,0.0,0.0,0.0,0.0,0.0,0.0,0.0,0.0,1.166999999999998,0.0,0.0,0.537,0.0,0.0,0.0,1.888,9.0,17.0
2,0.44,0.0,0.88,0.0,0.44,0.64,0.0,0.0,0.0,0.0,0.0,0.0,0.0,0.0,0.0,0.0,0.0,0.44,1.76,0.0,2.2,0.0,0.73,0.0,0.0,0.0,0.0,0.0,0.0,0.0,0.0,0.0,0.0,0.0,0.0,0.0,0.0,0.0,0.0,0.0,0.0,0.0,0.0,0.0,0.0,0.0,0.0,0.17069999999999982,0.0,0.444,0.37,0.0,2.448,16.0,142.0
2,0.0,0.0,0.0,0.0,0.0,0.0,0.0,0.0,0.67,0.0,0.0,0.0,0.0,0.0,0.0,0.0,0.0,0.0,0.91,0.0,2.75,0.0,0.0,0.0,0.0,0.0,0.0,0.0,0.0,0.0,0.0,0.0,0.0,0.0,0.0,0.0,0.0,0.0,0.0,0.0,0.0,0.0,0.0,0.0,0.0,0.0,0.0,0.0,0.141,0.567,0.0,0.0,2.9,28.0,87.0
1,0.0,0.0,0.45,0.0,0.0,0.22,0.0,0.0,0.0,0.0,0.0,0.0,0.45,0.0,0.0,0.0,0.0,0.0,1.83,0.0,0.45,0.0,0.0,0.0,0.0,0.0,0.0,0.0,0.22,0.0,0.0,0.0,0.0,0.0,0.0,0.0,0.0,0.0,0.0,0.0,0.0,0.0,0.0,0.2869999999999982,0.22,0.22,0.0,0.0,0.082,0.041,0.0,0.0,1.5,7.0,123.0
1,0.0,0.0,0.0,0.0,0.51,0.0,0.0,0.0,0.0,0.0,0.0,0.51,0.0,0.0,0.0,0.0,0.0,0.51,0.0,0.0,0.0,0.0,0.0,0.0,0.0,0.0,0.0,0.0,0.0,0.0,0.0,0.0,0.4669999999999982,0.0,0.0,0.0,0.51,0.0,0.0,0.0,0.0,0.0,0.0,0.2869999999999982,0.0,1.03,0.0,0.0,0.0,0.0,0.0,0.0,1.681,11.0,74.0
2,0.0,0.35,0.7,0.0,0.7,0.0,0.35,0.35,0.0,0.35,0.38,0.0,0.0,0.0,0.0,0.7,0.0,0.35,4.25,0.0,1.77,0.0,0.0,0.0,0.0,0.0,0.0,0.0,0.0,0.0,0.0,0.0,0.0,0.0,0.0,0.35,0.0,0.0,0.0,0.0,0.0,0.0,0.0,0.0,0.0,0.0,0.0,0.0,0.113,0.397,0.0,0.0,3.388,58.0,183.0
1,0.0,0.0,0.0,0.0,0.0,0.0,0.0,0.0,0.0,0.0,0.0,0.0,0.0,0.0,0.0,0.0,0.0,0.0,4.76,0.0,0.0,0.0,0.0,0.0,0.0,0.0,0.0,0.0,0.0,0.0,0.0,0.0,0.0,0.0,0.0,0.0,0.0,0.0,0.53,0.0,0.0,0.0,0.0,0.0,0.0,0.0,0.0,0.0,0.0,0.393,0.0,0.0,1.75,7.0,28.0
1,0.0,0.0,0.0,0.0,0.0,0.0,0.0,0.0,0.0,0.0,0.0,2.01,0.0,0.0,0.0,0.0,0.0,0.0,0.67,0.0,0.0,0.0,0.0,0.0,0.0,0.0,0.0,0.0,0.0,0.0,0.0,0.0,0.0,0.0,0.0,0.0,0.67,0.0,0.0,0.0,0.0,0.0,0.0,0.0,0.67,0.0,0.0,0.0,0.0,0.0,0.26,0.0,1.592,5.0,43.0
1,0.0,0.0,0.55,0.0,0.0,0.0,0.0,0.0,0.0,0.0,0.0,0.55,0.55,0.0,0.0,0.0,0.0,0.0,0.55,0.0,0.0,0.0,0.0,0.0,0.0,0.0,0.0,0.0,0.0,0.0,0.0,0.0,0.0,0.0,0.0,0.0,0.0,0.0,0.0,0.0,0.0,0.0,0.0,0.0,0.0,0.55,0.0,0.0,0.087,0.0,0.0,0.0,2.54,47.0,94.0
2,0.0,0.45,0.0,0.0,0.91,0.0,0.7839999999999964,0.0,0.0,0.0,0.0,0.45,0.0,0.0,0.0,1.36,0.45,0.0,2.73,0.0,1.36,0.0,0.0,0.0,0.0,0.0,0.0,0.0,0.0,0.0,0.0,0.0,0.0,0.0,0.0,0.0,0.0,0.0,0.0,0.0,0.0,0.0,0.0,0.0,0.0,0.0,0.0,0.0,0.0,0.368,0.0,0.0,1.68,17.0,158.0
1,0.0,0.0,0.0,0.0,1.51,0.0,0.0,0.0,0.0,0.0,0.0,0.0,0.0,0.0,0.0,0.0,0.0,0.0,0.0,0.0,0.0,0.0,0.0,0.0,0.0,0.0,0.0,0.0,0.0,0.0,0.0,0.0,0.0,0.0,0.0,0.0,0.0,0.0,0.0,0.0,0.0,0.61,0.0,0.0,0.0,0.0,0.0,0.0,0.0,0.0,0.0,0.0,1.0,1.0,9.0
1,0.0,0.0,0.0,0.0,0.0,0.0,0.0,0.0,0.0,1.32,0.0,2.22,0.0,0.0,0.0,0.0,0.0,0.0,0.0,0.0,0.0,0.0,0.0,0.0,0.0,0.0,0.0,0.0,0.0,0.0,0.0,0.0,0.0,0.0,0.0,0.0,0.0,0.0,0.0,0.0,0.0,0.0,0.0,0.0,0.0,0.0,0.0,0.0,0.0,0.436,0.0,0.0,1.7,8.0,17.0
1,0.0,0.0,0.0,0.0,0.0,0.0,0.7839999999999964,0.6,0.0,0.0,0.0,0.0,0.0,0.0,0.0,0.0,0.0,0.0,0.0,0.0,0.0,0.0,0.0,0.0,0.0,0.0,0.0,0.0,0.0,0.0,0.0,0.0,0.0,0.0,0.0,0.0,0.0,0.0,0.0,0.0,0.0,0.0,0.0,0.0,0.0,0.0,0.0,0.0,0.537,0.0,0.38239999999999963,0.0,4.571,25.0,64.0
1,0.0,0.0,0.0,0.0,0.0,0.0,0.0,0.0,0.0,0.0,0.0,1.74,0.0,0.0,0.0,0.0,0.0,0.0,2.9,0.0,0.58,0.0,0.0,0.0,0.0,0.0,0.58,0.0,0.0,0.0,0.0,0.0,0.0,0.0,0.0,0.0,0.0,0.0,0.0,0.0,0.0,0.0,0.0,0.0,0.0,0.0,0.0,0.0,0.201,0.0,0.0,0.0,1.794,6.0,70.0
1,0.0,0.0,0.0,0.0,0.0,0.0,0.0,0.0,0.0,0.0,0.0,1.4,0.0,0.0,0.0,0.0,0.7,0.0,1.4,0.0,1.4,0.0,0.0,0.0,0.0,0.0,0.7,0.0,0.0,0.0,0.32,0.0,0.0,0.0,0.0,0.0,0.0,0.0,0.0,0.39,0.0,0.0,0.0,0.0,0.0,0.0,0.0,0.0,0.267,0.0,0.0,0.0,9.018899999999988,156.39999999999964,377.0
2,0.0,0.0,0.94,0.0,0.0,0.0,0.0,0.0,0.0,0.0,0.0,0.0,0.0,0.0,0.0,0.47,0.0,0.0,0.0,0.0,0.47,0.0,0.0,0.0,0.0,0.0,0.0,0.85,0.47,0.0,0.0,0.0,0.0,0.0,0.0,0.0,0.0,0.0,0.47,0.0,0.0,0.0,0.0,0.0,0.0,0.94,0.0,0.0,0.332,0.0,0.0,0.0,1.518,15.0,161.0
2,0.0,0.0,0.0,0.0,1.51,0.0,0.0,0.0,0.0,0.64,0.38,1.28,0.0,0.0,0.0,0.96,0.0,0.32,3.85,0.0,0.64,0.0,0.0,0.0,0.0,0.0,0.0,0.0,0.0,0.0,0.0,0.0,0.0,0.0,0.0,0.0,0.0,0.0,0.0,0.0,0.0,0.0,0.0,0.0,0.0,0.0,0.0,0.0,0.054,0.164,0.054,0.0,1.671,4.0,112.0
1,0.0,0.0,0.0,0.0,0.0,0.0,0.0,0.0,0.0,0.0,0.0,0.0,0.0,0.0,0.0,0.0,0.0,0.0,0.0,0.0,0.0,0.0,0.0,0.0,3.183999999999996,1.7939999999999965,0.0,0.0,0.0,0.0,0.0,0.0,0.0,0.0,0.0,0.0,0.0,0.0,0.0,0.0,0.0,0.0,0.0,0.0,0.0,0.0,0.0,0.0,0.0,0.0,0.0,0.0,2.0,6.0,24.0
1,0.0,0.0,0.0,0.0,0.0,0.0,0.0,0.0,0.0,0.0,0.0,0.0,0.0,0.0,0.0,0.0,0.0,0.0,0.0,0.0,0.0,0.0,0.0,0.0,0.0,0.0,1.81,0.0,0.0,0.0,0.0,0.0,0.4669999999999982,0.0,0.0,0.0,0.0,0.0,0.0,0.0,0.0,0.0,0.0,0.0,1.44,0.0,0.0,0.0,0.0,0.0,0.0,0.0,1.181,3.0,13.0
1,0.0,0.0,0.26,0.0,0.0,0.0,0.0,0.0,0.0,1.05,0.0,1.31,0.0,0.0,0.0,0.0,0.0,0.0,0.26,0.0,0.26,0.0,0.0,0.0,0.26,1.05,0.0,0.0,0.0,0.0,0.0,0.0,0.0,0.0,0.26,0.0,0.95,0.0,0.0,0.0,0.0,0.0,0.0,0.2869999999999982,0.0,0.0,0.0,0.0,0.439,0.0,0.0,0.0,2.724,50.0,237.0
2,0.45,0.6169999999999982,0.9,0.0,0.45,0.0,0.0,0.45,0.0,1.32,0.0,2.22,0.0,0.17,0.0,0.45,0.0,0.0,1.8,0.0,3.14,0.0,0.0,0.0,0.0,0.0,0.0,0.0,0.0,0.0,0.0,0.0,0.0,0.0,0.0,0.0,0.0,0.0,0.0,0.0,0.0,0.0,0.0,0.0,0.0,0.0,0.0,0.0,0.243,1.1457999999999993,0.162,0.081,9.018899999999988,156.39999999999964,767.0
2,0.0,0.0,1.29,0.0,0.0,0.0,0.0,0.0,0.0,0.0,0.0,0.0,0.0,0.0,0.0,0.0,0.0,0.0,4.76,0.0,0.0,0.0,0.0,0.0,0.0,0.0,0.0,0.0,0.0,0.0,0.0,0.0,0.0,0.0,0.0,0.0,0.0,0.0,0.0,0.0,0.0,0.0,0.0,0.0,0.0,0.0,0.0,0.0,0.308,1.1457999999999993,0.0,0.0,2.777,6.0,25.0
1,0.0,0.0,0.24,0.0,0.09,0.04,0.0,0.0,0.04,0.0,0.04,0.69,0.0,0.0,0.0,0.14,0.19,0.0,0.69,0.0,0.64,0.0,0.0,0.0,2.04,1.09,0.0,0.04,0.0,0.19,0.14,0.0,0.04,0.0,0.29,0.09,0.34,0.0,0.0,0.0,0.0,0.0,0.0,0.0,0.04,0.0,0.0,0.014,0.148,0.014,0.044,0.007,2.112,26.0,1179.3999999999996
1,0.0,0.0,0.0,0.0,0.0,0.0,0.0,0.0,0.0,0.0,0.0,1.62,0.0,0.0,0.0,0.0,0.0,0.0,0.0,0.0,0.0,0.0,0.0,0.0,0.0,0.0,0.0,0.0,0.0,0.0,0.0,0.0,0.0,0.0,0.0,0.63,0.0,0.0,0.0,0.0,0.0,0.0,0.0,0.0,0.0,0.0,0.0,0.0,0.0,0.0,0.0,0.0,1.578,5.0,60.0
2,0.0,0.34,1.02,0.0,0.68,0.34,0.34,0.0,0.0,0.0,0.0,0.34,0.0,0.0,0.0,1.36,0.0,0.34,4.76,0.0,2.38,0.0,0.0,0.34,0.0,0.0,0.0,0.0,0.0,0.0,0.0,0.0,0.0,0.0,0.0,0.0,0.0,0.0,0.0,0.0,0.0,0.0,0.0,0.0,0.0,0.0,0.0,0.0,0.167,0.222,0.0,0.14209999999999945,6.978,56.0,328.0
1,0.0,0.0,0.0,0.0,0.0,0.0,0.0,0.0,0.0,0.0,0.0,0.95,0.0,0.0,0.0,0.0,0.0,0.0,3.8,0.0,0.0,0.0,0.0,0.0,0.0,0.0,0.0,0.0,0.0,0.0,0.0,0.0,0.0,0.0,0.0,0.0,0.95,0.0,0.0,0.0,0.0,0.0,0.0,0.0,0.0,1.166999999999998,0.0,0.0,0.0,0.175,0.0,0.0,3.125,15.0,50.0
1,0.0,0.0,0.44,0.0,0.44,0.0,0.0,0.0,0.0,0.44,0.0,0.88,0.0,0.0,0.0,0.0,0.0,0.88,2.22,0.0,2.22,0.0,0.0,0.0,1.33,0.44,0.88,0.85,0.0,0.7139999999999963,0.0,0.0,0.0,0.0,0.66,0.0,0.0,0.0,0.0,0.0,0.0,0.0,0.0,0.0,0.0,0.0,0.0,0.0,0.506,0.05,0.0,0.0,3.772,45.0,249.0
1,0.22,0.0,0.07,0.0,0.07,0.07,0.0,0.14,0.0,0.36,0.0,0.51,0.44,0.07,0.0,0.0,0.29,0.07,0.07,0.0,0.07,0.0,0.0,0.0,1.99,0.0,0.0,0.0,0.29,0.29,0.0,0.0,0.0,0.0,0.0,0.14,0.07,0.0,0.0,0.0,0.0,0.0,0.0,0.0,0.0,0.0,0.0,0.041,0.031,0.031,0.0,0.0,1.912,22.0,568.0
1,0.0,0.0,0.0,0.0,0.0,0.0,0.0,0.0,0.0,0.0,0.0,1.49,0.0,0.0,0.0,0.0,0.0,0.0,0.0,0.0,0.0,0.0,0.0,0.0,1.49,1.49,0.0,0.0,0.0,0.0,0.0,0.0,0.0,0.0,0.0,0.0,0.0,0.0,0.0,0.0,0.0,0.0,0.0,0.0,0.0,1.166999999999998,0.0,0.0,0.0,0.0,0.0,0.0,2.0,8.0,36.0
2,0.16,0.32,0.65,0.0,0.32,0.0,0.16,0.0,0.0,0.49,0.16,0.0,0.16,0.0,0.16,0.16,0.0,0.81,0.32,0.16,0.98,0.0,0.0,0.0,0.0,0.0,0.0,0.0,0.0,0.0,0.0,0.0,0.0,0.0,0.0,0.0,0.0,0.0,0.0,0.16,0.0,0.0,0.0,0.0,0.0,0.0,0.0,0.0,0.0,0.773,0.08,0.08,6.586,132.0,955.0
2,0.4,0.34,0.27,0.0,0.13,0.4,0.06,0.2,0.0,1.32,0.27,0.68,0.65,0.0,0.16,0.0,0.0,0.0,3.68,0.0,0.81,0.0,0.13,0.27,0.0,0.0,0.0,0.0,0.0,0.0,0.0,0.0,0.0,0.0,0.0,0.0,0.0,0.0,0.0,0.0,0.0,0.0,0.0,0.0,0.0,0.0,0.0,0.013,0.052,0.474,0.197,0.065,3.286,53.0,608.0
1,0.0,0.0,0.0,0.0,0.0,0.0,0.0,0.0,0.0,0.0,0.0,0.88,0.0,0.0,0.0,0.0,0.0,0.22,0.0,0.0,0.0,0.0,0.0,0.0,0.22,0.22,0.0,0.44,0.0,0.0,0.0,0.0,0.0,0.0,0.22,0.0,0.0,0.0,0.0,0.0,0.0,0.0,0.0,0.22,0.0,0.0,0.0,0.0,0.172,0.0,0.0,0.0,1.729,15.0,128.0
1,0.0,0.0,0.74,0.0,0.0,0.0,0.0,0.0,0.0,0.74,0.0,0.0,0.37,0.17,0.0,0.0,0.37,0.0,0.37,0.0,0.37,0.0,0.0,0.0,0.0,0.0,0.0,0.0,0.0,0.0,0.0,0.0,0.0,0.0,0.0,0.0,0.95,0.0,0.0,0.0,0.0,0.0,0.0,0.2869999999999982,0.0,0.0,0.0,0.0,0.245,0.0,0.0,0.0,4.666,64.0,196.0
2,0.09,0.49,0.59,0.0,0.39,0.19,0.0,0.0,0.09,0.39,0.0,1.57,0.19,0.0,0.0,0.0,0.09,0.0,3.74,0.09,1.08,0.0,0.0,0.09,0.0,0.0,0.0,0.0,0.0,0.0,0.0,0.0,0.0,0.0,0.0,0.0,0.0,0.0,0.0,0.0,0.0,0.0,0.0,0.0,0.0,0.0,0.0,0.17069999999999982,0.037,1.1457999999999993,0.38239999999999963,0.0,6.047,54.0,768.0
2,0.15,0.0,1.22,0.0,0.45,0.0,0.15,0.0,0.61,0.61,0.0,0.76,0.3,0.0,0.16,0.61,0.61,0.0,1.83,0.35,2.75,0.0,0.0,0.3,0.0,0.0,0.0,0.0,0.0,0.0,0.0,0.0,0.0,0.0,0.0,0.0,0.0,0.0,0.0,0.0,0.0,0.0,0.0,0.0,0.0,0.0,0.0,0.0,0.112,0.698,0.067,0.0,5.101,63.0,801.0
1,0.0,0.17,0.0,0.0,0.17,0.0,0.0,0.35,0.0,0.0,0.0,0.88,0.0,0.0,0.0,0.0,0.91,0.0,0.17,0.0,0.0,0.0,0.0,0.0,0.35,0.17,0.0,0.0,0.0,0.17,0.0,0.0,0.0,0.0,0.0,0.35,0.0,0.0,0.0,0.0,0.0,0.0,0.0,0.0,0.53,0.0,0.0,0.0,0.256,0.0,0.0,0.0,2.097,14.0,237.0
1,0.0,0.0,0.0,0.0,0.87,0.0,0.0,0.0,0.0,0.0,0.38,0.43,0.0,0.0,0.0,1.36,0.0,1.19,2.63,0.0,0.87,0.0,0.0,0.0,0.0,0.0,0.0,0.0,0.0,0.0,0.0,0.0,0.0,0.0,0.0,0.0,0.0,0.0,0.0,0.0,0.0,0.0,0.0,0.0,0.0,0.0,0.0,0.0,0.06,0.361,0.18,0.0,1.72,6.0,86.0
1,0.0,0.52,0.52,0.0,0.0,0.64,0.0,0.0,0.0,0.0,0.0,0.0,0.0,0.0,0.0,0.52,0.0,0.52,1.04,0.0,0.52,0.0,0.0,0.0,0.0,0.0,0.0,0.0,0.51,0.0,0.0,0.0,0.0,0.0,0.0,0.0,0.0,0.0,0.0,0.0,0.0,0.52,0.0,0.2869999999999982,0.0,0.0,0.0,0.0,0.087,0.175,0.0,0.0,1.093,3.0,35.0
2,0.25,0.0,0.0,0.0,0.51,0.51,0.0,0.0,0.25,0.0,0.25,0.0,0.25,0.0,0.0,0.0,0.25,0.0,2.81,0.0,0.25,0.0,0.25,0.5769999999999982,0.0,0.0,0.0,0.0,0.0,0.0,0.0,0.0,0.0,0.0,0.0,0.0,0.0,0.0,0.0,0.0,0.0,0.0,0.0,0.0,0.0,0.0,0.0,0.0,0.041,0.209,0.209,0.0,2.776,75.0,211.0
1,0.0,0.0,0.0,0.0,0.0,0.0,0.0,0.0,0.0,0.0,0.0,0.0,0.0,0.0,0.0,0.0,0.0,0.0,0.0,0.0,0.0,0.0,0.0,0.0,0.0,0.0,1.916999999999998,0.0,0.0,0.0,0.0,0.0,0.0,0.0,0.0,0.0,0.0,0.0,0.0,0.0,0.0,0.0,0.0,0.0,0.0,0.0,0.0,0.0,0.0,0.0,0.0,0.0,1.8,5.0,9.0
2,0.52,0.42,0.35,0.0,0.14,0.03,0.03,0.1,0.56,0.8,0.28,0.7,0.56,0.17,0.03,0.24,0.45,0.0,3.19,0.0,1.43,0.0,0.38,0.5769999999999982,0.0,0.0,0.0,0.0,0.0,0.0,0.0,0.0,0.0,0.0,0.0,0.0,0.0,0.0,0.0,0.0,0.0,0.0,0.0,0.0,0.07,0.0,0.0,0.0,0.077,0.453,0.38239999999999963,0.119,6.305,156.39999999999964,1179.3999999999996
2,0.43,0.28,0.43,0.0,0.04,0.11,0.04,0.21,0.4,0.69,0.23,0.88,0.52,0.17,0.0,0.23,0.4,0.0,2.93,0.0,1.36,0.0,0.73,0.31,0.0,0.0,0.0,0.0,0.0,0.0,0.0,0.0,0.0,0.0,0.0,0.0,0.0,0.0,0.0,0.0,0.0,0.0,0.0,0.0,0.02,0.0,0.0,0.0,0.064,0.311,0.38239999999999963,0.14209999999999945,5.328,144.0,1179.3999999999996
1,0.0,0.0,0.0,0.0,0.0,0.0,0.0,0.0,0.0,0.65,0.0,0.0,0.0,0.0,0.0,0.0,0.0,0.0,0.0,0.0,0.65,0.0,0.0,0.0,0.0,0.0,0.65,0.0,0.51,0.0,0.0,0.0,0.4669999999999982,0.0,0.0,0.0,0.0,0.0,0.0,0.0,0.0,0.0,0.0,0.0,0.0,0.0,0.0,0.0,0.327,0.0,0.0,0.109,3.857,28.0,162.0
1,0.0,0.0,0.0,0.0,0.66,0.0,0.0,0.0,0.0,0.0,0.0,0.66,0.0,0.0,0.0,0.0,0.66,0.0,3.33,0.0,0.0,0.0,0.0,0.0,0.66,0.0,0.0,0.0,0.0,0.0,0.0,0.0,0.0,0.0,0.0,0.0,0.0,0.0,0.0,0.0,0.0,0.0,0.0,0.2869999999999982,0.0,0.0,0.0,0.0,0.254,0.0,0.0,0.0,1.458,7.0,35.0
2,0.0,0.41,0.53,0.0,0.11,0.05,0.0,0.05,0.11,0.0,0.0,0.17,0.05,0.0,0.0,0.05,0.0,0.53,1.19,0.35,0.53,0.0,0.23,0.23,0.0,0.0,0.0,0.0,0.0,0.0,0.0,0.0,0.0,0.0,0.0,0.0,0.0,0.0,0.0,0.0,0.0,0.0,0.0,0.0,0.0,0.0,0.0,0.0,0.064,0.032,0.14,0.0,1.364,14.0,303.0
1,0.06,0.0,0.18,0.0,0.12,0.12,0.0,0.0,0.06,0.18,0.0,0.55,0.06,0.0,0.0,0.06,0.12,0.06,0.93,0.06,1.05,0.0,0.0,0.0,0.93,0.43,0.0,0.0,0.0,0.18,0.18,0.0,0.0,0.0,0.31,0.0,0.49,0.0,0.0,0.06,0.0,0.0,0.0,0.12,0.0,0.0,0.0,0.0,0.182,0.1,0.109,0.0,2.062,21.0,1056.0
1,0.0,0.0,0.0,0.0,0.0,0.0,0.0,0.0,0.0,0.0,0.0,1.75,0.0,0.0,0.0,0.0,0.0,0.0,3.5,0.0,3.14,0.0,0.0,0.0,0.0,0.0,0.0,0.0,0.0,0.0,0.0,0.0,0.0,0.0,0.0,0.0,0.0,0.0,0.0,0.0,0.0,0.0,0.0,0.0,1.44,0.0,0.0,0.17069999999999982,0.0,0.0,0.38239999999999963,0.0,1.125,3.0,18.0
1,0.0,0.0,0.0,0.0,0.0,0.0,0.0,0.0,0.0,0.0,0.0,0.0,0.0,0.0,0.0,0.0,0.0,0.0,0.0,0.0,0.0,0.0,0.0,0.0,3.183999999999996,0.0,0.0,0.0,0.0,0.0,0.0,0.0,0.0,0.0,0.0,0.0,0.0,0.0,0.0,0.0,0.0,0.0,0.0,0.0,0.0,0.0,0.0,0.0,0.0,0.0,0.0,0.0,5.857,18.0,41.0
1,0.0,0.0,0.0,0.0,0.0,0.0,0.0,0.0,0.0,0.0,0.0,2.0,0.0,0.0,0.0,0.0,0.0,0.0,1.0,0.0,1.0,0.0,0.0,0.0,0.0,0.0,0.0,0.0,0.0,0.0,0.0,0.0,0.0,0.0,0.0,0.0,0.0,0.0,0.0,0.0,0.0,0.0,0.0,0.0,0.0,0.0,0.0,0.0,0.345,0.0,0.0,0.0,1.666,6.0,55.0
1,0.0,0.0,0.0,0.0,0.0,0.0,0.0,0.0,0.0,0.0,0.0,0.0,0.48,0.0,0.0,0.0,0.0,0.0,0.0,0.0,0.0,0.0,0.0,0.0,2.18,0.0,0.0,0.0,0.0,0.0,0.0,0.0,0.0,0.0,0.0,0.0,0.24,0.0,0.0,0.0,0.0,0.0,0.0,0.0,0.24,0.0,0.0,0.067,0.067,0.0,0.0,0.0,1.98,59.0,204.0
2,0.0,0.0,0.0,0.0,0.9,0.0,0.7839999999999964,0.0,0.0,0.9,0.38,0.0,0.65,0.0,0.0,0.0,0.0,0.0,2.72,0.0,0.9,0.0,0.0,0.0,0.0,0.0,0.0,0.0,0.0,0.0,0.0,0.0,0.0,0.0,0.0,0.0,0.0,0.0,0.0,0.0,0.0,0.0,0.0,0.0,0.0,0.0,0.0,0.0,0.0,0.0,0.0,0.0,2.083,7.0,25.0
1,0.0,0.0,0.0,0.0,0.0,0.0,0.0,0.0,0.0,0.0,0.0,0.0,0.0,0.0,0.0,0.0,0.0,0.0,0.0,0.0,0.0,0.0,0.0,0.0,0.0,0.0,0.0,0.0,0.0,0.0,0.0,0.0,0.0,0.0,0.0,0.0,0.0,0.0,0.0,0.0,0.0,0.0,0.0,0.0,0.0,0.0,0.0,0.0,0.0,1.1457999999999993,0.0,0.0,1.0,1.0,9.0
1,0.0,0.0,0.0,0.0,0.0,0.0,0.0,0.0,0.0,0.0,0.0,0.0,0.0,0.0,0.0,0.0,0.0,0.0,4.76,0.0,0.0,0.0,0.0,0.0,0.0,0.0,0.0,0.0,0.0,0.0,0.0,0.0,0.0,0.0,0.0,0.0,0.0,0.0,0.0,0.0,0.0,0.0,0.0,0.0,1.44,0.0,0.0,0.0,0.0,0.0,0.0,0.0,1.5,4.0,18.0
1,0.0,0.0,0.0,0.0,0.0,0.0,0.0,0.0,0.0,0.0,0.0,0.0,0.0,0.0,0.0,0.0,0.0,0.0,0.0,0.0,0.0,0.0,0.0,0.0,0.0,0.0,0.0,0.0,0.0,0.0,0.0,0.0,0.0,0.0,0.0,0.0,0.0,0.0,0.0,0.0,0.0,0.61,0.0,0.0,0.0,0.0,0.0,0.0,0.0,0.523,0.0,0.0,2.571,10.0,36.0
2,0.0,0.0,0.0,0.0,0.0,0.0,0.7839999999999964,0.0,0.0,0.0,0.0,1.0,0.0,0.0,0.0,0.0,0.0,0.0,4.76,0.0,2.0,0.0,0.0,0.0,0.0,0.0,0.0,0.0,0.0,0.0,0.0,0.0,0.0,0.0,0.0,0.0,0.0,0.0,0.0,0.0,0.0,0.0,0.0,0.0,0.0,0.0,0.0,0.0,0.0,0.11,0.0,0.0,3.178,62.0,89.0
2,0.0,0.0,0.0,0.0,0.0,0.64,0.0,0.6,0.0,0.0,0.0,0.0,0.0,0.0,0.0,0.0,0.0,0.0,3.82,0.0,0.63,0.0,0.0,0.0,0.0,0.0,0.0,0.0,0.0,0.0,0.0,0.0,0.0,0.0,0.0,0.0,0.0,0.0,0.0,0.0,0.0,0.0,0.0,0.0,0.0,0.0,0.0,0.0,0.0,1.096,0.109,0.0,1.916,12.0,69.0
1,0.0,0.0,0.0,0.0,0.0,0.0,0.0,0.0,0.0,0.0,0.0,0.0,0.0,0.0,0.0,0.0,0.0,0.0,0.0,0.0,0.0,0.0,0.0,0.0,1.92,0.0,0.0,0.0,0.0,0.0,0.0,0.0,0.4669999999999982,0.0,0.0,0.0,0.95,0.0,0.53,0.0,0.0,0.0,0.0,0.0,0.0,0.0,0.0,0.0,0.0,0.178,0.0,0.0,1.666,7.0,50.0
1,0.1,0.0,0.21,0.0,0.0,0.0,0.0,0.21,0.31,0.1,0.0,1.06,0.21,0.0,0.0,0.1,0.21,0.0,0.0,0.0,0.0,0.0,0.21,0.0,3.183999999999996,0.1,0.0,0.0,0.1,0.1,0.0,0.0,0.0,0.0,0.0,0.21,0.21,0.0,0.0,0.1,0.0,0.0,0.0,0.21,0.0,0.0,0.0,0.043,0.143,0.0,0.057,0.0,2.409,23.0,571.0
1,0.0,0.0,0.0,0.0,0.0,0.0,0.0,0.0,0.0,0.0,0.0,0.0,0.0,0.0,0.0,0.0,0.0,0.0,0.0,0.0,0.0,0.0,0.0,0.0,0.0,0.0,0.0,0.0,0.0,0.0,0.0,0.0,0.0,0.0,0.0,0.0,0.0,0.0,0.0,0.0,0.0,0.0,0.0,0.0,1.44,0.0,0.0,0.17069999999999982,0.0,0.0,0.0,0.0,1.363,3.0,15.0
2,0.0,0.0,0.0,0.0,0.0,0.0,0.0,0.0,0.0,0.0,0.0,0.0,0.0,0.0,0.0,0.0,0.0,0.0,4.25,0.0,2.12,0.0,0.0,0.0,0.0,0.0,0.0,0.0,0.0,0.0,0.0,0.0,0.4669999999999982,0.0,0.0,0.0,0.0,0.0,0.0,0.0,0.0,0.0,0.0,0.0,0.0,0.0,0.0,0.0,0.0,0.0,0.0,0.0,4.5,26.0,45.0
1,0.6569999999999983,0.0,1.0,0.0,1.0,0.64,0.0,0.0,0.0,0.0,0.0,0.0,0.0,0.0,0.0,0.0,0.0,0.0,1.0,0.0,0.0,0.0,0.0,0.0,1.0,0.0,1.916999999999998,0.0,0.0,0.7139999999999963,0.0,0.0,0.0,0.07,0.0,0.0,0.0,0.0,0.0,0.0,0.0,0.0,0.0,0.0,1.0,0.0,0.0,0.0,0.324,0.487,0.0,0.0,2.291,22.0,55.0
1,0.0,0.0,0.0,0.0,0.0,0.0,0.0,0.0,0.0,0.0,0.0,0.0,0.0,0.0,0.0,0.0,0.0,0.0,2.94,0.0,0.0,0.0,0.0,0.0,0.0,0.0,0.0,0.0,0.0,0.0,0.0,0.0,0.0,0.0,0.0,0.0,0.0,0.0,0.0,0.0,0.0,0.0,0.0,0.0,0.0,1.166999999999998,0.0,0.0,0.0,0.0,0.0,0.0,1.0,1.0,9.0
1,0.0,0.0,0.0,0.0,0.0,0.0,0.0,0.0,0.0,0.0,0.0,0.0,0.0,0.0,0.0,0.0,0.0,0.0,0.0,0.0,0.0,0.0,0.0,0.0,0.0,0.0,1.916999999999998,0.0,0.0,0.0,0.0,0.0,0.0,0.0,0.0,0.0,0.0,0.0,0.0,0.0,0.0,0.0,0.0,0.0,0.0,0.0,0.0,0.0,0.0,0.0,0.0,0.0,2.0,4.0,9.0
2,0.0,0.0,0.0,0.0,0.0,0.0,0.0,0.0,0.0,0.0,0.0,0.0,0.0,0.0,0.0,0.6,0.0,0.0,0.0,0.0,0.0,0.0,0.0,0.5769999999999982,0.0,0.0,0.0,0.0,0.0,0.0,0.0,0.0,0.0,0.0,0.0,0.0,0.0,0.0,0.0,0.0,0.0,0.0,0.0,0.0,0.0,0.0,0.0,0.0,0.102,0.102,0.38239999999999963,0.0,4.512,43.0,185.0
1,0.0,0.0,1.29,0.0,0.0,0.6,0.0,0.0,0.0,0.0,0.0,0.0,0.0,0.0,0.0,0.0,0.0,0.0,3.61,0.0,0.0,0.0,0.0,0.0,0.0,0.0,0.0,0.0,0.0,0.0,0.0,0.0,0.0,0.0,0.0,0.0,0.0,0.0,0.0,0.0,0.0,0.0,0.0,0.0,0.6,0.0,0.0,0.0,0.0,0.12,0.0,0.12,1.96,9.0,49.0
1,0.0,0.0,0.0,0.0,0.0,0.0,0.0,0.0,0.0,0.0,0.0,0.0,0.0,0.0,0.0,0.0,0.0,0.0,0.0,0.0,0.0,0.0,0.0,0.0,3.183999999999996,0.0,0.0,0.0,0.0,0.0,0.0,0.0,0.0,0.0,0.0,0.0,0.0,0.0,0.0,0.0,0.0,0.0,0.0,0.0,0.0,0.0,0.0,0.0,0.0,0.0,0.0,0.0,9.018899999999988,53.0,56.0
2,0.6569999999999983,0.0,0.0,0.0,1.45,0.64,0.72,0.0,0.0,1.32,0.0,0.0,0.0,0.0,0.0,0.0,0.0,0.0,1.45,0.0,0.0,0.0,0.0,0.0,0.0,0.0,0.0,0.0,0.0,0.0,0.0,0.0,0.0,0.0,0.0,0.63,0.0,0.0,0.0,0.0,0.0,0.0,0.0,0.0,0.0,0.0,0.0,0.0,0.404,0.134,0.0,0.0,3.066,14.0,92.0
1,0.0,0.0,0.0,0.0,0.0,0.0,0.0,0.0,0.67,0.0,0.0,0.0,0.0,0.0,0.0,0.0,0.0,0.0,4.76,0.0,1.81,0.0,0.0,0.0,0.0,0.0,1.81,0.0,0.0,0.0,0.0,0.0,0.0,0.0,0.0,0.0,0.0,0.0,0.0,0.0,0.0,0.0,0.0,0.0,0.0,0.0,0.0,0.0,0.316,0.0,0.0,0.0,1.125,2.0,9.0
1,0.0,0.0,1.29,0.0,0.0,0.0,0.0,0.0,0.0,0.0,0.0,0.0,0.0,0.0,0.0,0.0,0.0,0.0,4.76,0.0,0.0,0.0,0.0,0.0,0.0,0.0,0.0,0.0,0.0,0.0,0.0,0.0,0.0,0.0,0.0,0.0,0.0,0.0,0.0,0.0,0.0,0.0,0.0,0.0,1.44,0.0,0.0,0.0,0.0,0.0,0.0,0.0,1.0,1.0,9.0
1,0.0,0.0,0.0,0.0,0.0,0.0,0.0,0.0,0.0,0.0,0.0,0.0,0.0,0.0,0.0,0.0,0.0,0.89,0.89,0.0,0.0,0.0,0.0,0.0,0.0,0.0,0.0,0.0,0.0,0.0,0.0,0.0,0.0,0.0,0.0,0.0,0.0,0.0,0.0,0.0,0.0,0.0,0.0,0.0,0.0,0.89,0.0,0.0,0.0,0.0,0.0,0.0,1.266,3.0,19.0
1,0.0,0.0,0.0,0.0,0.0,0.0,0.0,0.0,0.0,1.07,0.0,1.07,0.0,0.0,0.0,0.0,0.0,0.0,0.53,0.0,0.0,0.0,0.0,0.0,1.07,0.0,0.0,0.0,0.0,0.0,0.0,0.0,0.0,0.0,0.0,0.0,0.53,0.0,0.0,0.0,0.0,0.0,0.31,0.0,0.53,0.0,0.0,0.0,0.18,0.09,0.0,0.0,1.825,7.0,73.0
2,0.34,0.0,1.29,0.0,1.02,0.0,0.0,0.0,0.67,1.02,0.0,0.0,0.0,0.0,0.0,0.0,0.0,0.0,0.34,0.35,0.68,0.0,0.0,0.0,0.34,0.0,0.0,0.0,0.0,0.0,0.0,0.0,0.0,0.0,0.0,0.0,0.0,0.0,0.0,0.0,0.0,0.0,0.0,0.0,0.0,0.0,0.0,0.0,0.0,0.902,0.106,0.0,9.018899999999988,156.39999999999964,1179.3999999999996
2,0.0,0.0,0.0,0.0,0.0,0.0,0.0,0.0,0.0,0.0,0.0,2.1,0.0,0.0,0.0,0.0,0.0,0.0,2.1,0.0,1.05,0.0,0.0,0.0,0.0,0.0,0.0,0.0,0.0,0.0,0.0,0.0,0.0,0.0,0.0,0.0,0.0,0.0,0.0,0.0,0.0,0.0,0.0,0.0,0.0,0.0,0.0,0.0,0.178,0.0,0.0,0.0,1.275,7.0,51.0
2,0.0,0.0,0.0,0.0,0.0,0.0,0.7839999999999964,0.0,0.0,0.0,0.0,1.04,0.0,0.0,0.0,0.0,0.91,0.0,3.66,0.0,2.09,0.0,0.0,0.0,0.0,0.0,0.0,0.0,0.0,0.0,0.0,0.0,0.0,0.0,0.0,0.0,0.0,0.0,0.0,0.0,0.0,0.0,0.0,0.0,0.0,0.0,0.0,0.062,0.248,0.621,0.062,0.062,3.902,59.0,160.0
1,0.0,0.6169999999999982,0.0,0.0,1.33,0.0,0.0,0.0,0.0,0.0,0.0,0.0,0.0,0.0,0.0,0.0,0.0,0.0,0.0,0.0,1.33,0.0,0.0,0.0,0.0,0.0,1.33,0.0,0.0,0.0,0.0,0.0,0.0,0.07,0.0,0.0,0.0,0.0,0.0,0.0,0.0,0.0,0.0,0.0,0.0,0.0,0.0,0.0,0.537,0.227,0.0,0.0,2.037,22.0,55.0
2,0.0,0.35,0.71,0.0,0.35,0.0,0.17,0.0,0.0,0.53,0.17,0.0,0.17,0.0,0.16,0.17,0.0,1.07,0.17,0.17,0.71,0.0,0.0,0.0,0.0,0.0,0.0,0.0,0.0,0.0,0.0,0.0,0.0,0.0,0.0,0.0,0.0,0.0,0.0,0.0,0.0,0.0,0.0,0.0,0.0,0.0,0.0,0.0,0.027,0.167,0.027,0.055,7.527,149.0,956.0
1,0.6569999999999983,0.0,0.7,0.0,0.0,0.0,0.0,0.0,0.0,0.0,0.0,0.0,0.0,0.0,0.0,0.0,0.0,0.0,2.83,0.0,0.0,0.0,0.0,0.0,0.0,0.0,0.0,0.0,0.0,0.0,0.0,0.0,0.0,0.0,0.0,0.0,0.0,0.0,0.0,0.0,0.0,0.0,0.0,0.0,1.41,1.166999999999998,0.0,0.0,0.0,0.105,0.0,0.0,2.342,47.0,89.0
1,0.6569999999999983,0.0,0.97,0.0,0.0,0.0,0.0,0.0,0.0,0.0,0.0,0.0,0.0,0.0,0.0,0.0,0.0,0.0,2.91,0.0,0.0,0.0,0.0,0.0,0.0,0.0,0.97,0.0,0.0,0.0,0.0,0.0,0.0,0.0,0.0,0.0,0.0,0.0,0.0,0.0,0.0,0.0,0.0,0.0,0.0,0.0,0.0,0.0,0.0,0.166,0.0,0.0,2.185,11.0,59.0
2,0.0,0.0,0.48,0.0,0.72,0.48,0.0,0.0,0.24,0.0,0.38,0.24,0.0,0.0,0.0,0.48,0.0,0.0,1.2,0.0,1.44,0.0,0.48,0.24,0.0,0.0,0.0,0.0,0.0,0.24,0.0,0.0,0.0,0.0,0.0,0.0,0.0,0.0,0.0,0.24,0.0,0.0,0.24,0.0,0.0,0.0,0.0,0.0,0.036,0.036,0.184,0.0,2.336,66.0,264.0
1,0.0,0.0,0.0,0.0,0.9,0.0,0.0,0.0,0.0,0.0,0.0,1.8,0.0,0.0,0.0,0.0,0.0,0.0,1.8,0.0,0.9,0.0,0.0,0.0,0.0,0.0,0.0,0.0,0.51,0.0,0.0,0.0,0.0,0.0,0.0,0.0,0.0,0.0,0.0,0.0,0.0,0.61,0.0,0.0,0.0,0.0,0.0,0.0,0.0,0.0,0.0,0.0,1.631,8.0,31.0
2,0.08,0.0,0.32,0.0,0.08,0.16,0.08,0.08,0.0,0.0,0.08,0.24,0.32,0.0,0.0,0.08,0.0,0.32,1.87,0.0,0.57,0.0,0.16,0.24,0.0,0.0,0.0,0.0,0.0,0.0,0.0,0.0,0.0,0.0,0.0,0.0,0.08,0.0,0.0,0.0,0.0,0.0,0.0,0.0,0.16,0.0,0.0,0.17069999999999982,0.068,0.55,0.082,0.14209999999999945,9.018899999999988,156.39999999999964,1179.3999999999996
1,0.25,0.25,0.0,0.0,0.25,0.0,0.25,0.0,0.0,0.25,0.25,0.0,0.25,0.0,0.0,0.25,0.0,1.02,2.05,0.0,2.31,0.0,0.0,0.0,0.0,0.0,0.0,0.0,0.0,0.0,0.0,0.0,0.0,0.0,0.0,0.0,0.0,0.0,0.0,0.0,0.0,0.0,0.0,0.0,0.51,0.25,0.0,0.0,0.0,0.413,0.0,0.14209999999999945,1.78,13.0,146.0
1,0.0,0.0,1.17,0.0,0.0,0.0,0.0,0.0,0.0,0.0,0.0,2.22,0.65,0.0,0.0,0.0,0.0,0.0,3.13,0.0,0.39,0.0,0.0,0.0,0.0,0.0,0.0,0.0,0.0,0.0,0.0,0.0,0.0,0.0,0.0,0.0,0.0,0.0,0.0,0.0,0.0,0.0,0.0,0.0,0.0,0.39,0.0,0.0,0.284,0.284,0.213,0.071,1.565,12.0,72.0
2,0.0,0.6,0.0,0.0,0.0,0.6,0.0,0.0,0.0,0.3,0.0,1.21,0.0,0.0,0.0,0.0,0.3,0.0,0.3,0.0,0.3,0.0,0.6,0.0,0.0,0.0,0.0,0.0,0.0,0.0,0.0,0.0,0.0,0.0,0.0,0.0,0.0,0.0,0.0,0.0,0.0,0.0,0.0,0.0,0.0,0.0,0.0,0.0,0.146,0.0,0.097,0.0,3.23,77.0,210.0
1,0.0,0.6169999999999982,0.0,0.0,0.6,0.0,0.0,0.2,0.0,0.2,0.0,0.0,0.0,0.0,0.0,1.36,0.0,1.19,1.8,0.0,2.81,0.0,0.0,0.0,0.0,0.0,0.0,0.0,0.0,0.0,0.0,0.0,0.0,0.0,0.0,0.0,0.0,0.0,0.0,0.0,0.0,0.0,0.0,0.0,0.2,0.2,0.0,0.0,0.0,0.06,0.0,0.0,2.533,43.0,228.0
2,0.07,0.6169999999999982,0.64,0.0,0.35,0.64,0.57,0.14,0.67,0.5,0.07,0.35,0.21,0.0,0.16,0.14,0.07,1.14,1.5,0.0,1.14,0.0,0.35,0.21,0.0,0.0,0.0,0.0,0.0,0.0,0.0,0.0,0.0,0.0,0.0,0.0,0.0,0.0,0.0,0.07,0.0,0.0,0.0,0.0,0.0,0.07,0.0,0.0,0.08,0.309,0.103,0.0,4.923,117.0,1179.3999999999996
1,0.0,0.0,1.06,0.0,1.06,0.0,0.0,0.0,0.0,0.0,0.0,1.06,0.0,0.0,0.0,0.0,0.0,0.0,4.25,0.0,0.0,0.0,0.0,0.0,0.0,0.0,1.06,0.0,0.0,0.0,0.0,0.0,0.4669999999999982,0.0,0.0,0.0,0.0,0.0,0.0,0.0,0.0,0.0,0.0,0.0,0.0,0.0,0.0,0.0,0.0,0.186,0.0,0.0,1.25,4.0,25.0
1,0.0,0.0,1.09,0.0,0.0,0.0,0.0,0.0,0.0,0.0,0.0,0.0,0.0,0.0,0.0,0.0,0.0,0.0,4.76,0.0,1.09,0.0,0.0,0.0,0.0,0.0,0.0,0.0,0.0,0.0,0.0,0.0,0.0,0.0,0.0,0.0,0.0,0.0,0.0,0.0,0.0,0.0,0.0,0.0,0.0,0.0,0.0,0.0,0.537,0.656,0.0,0.0,1.488,5.0,67.0
2,0.0,0.18,0.18,0.0,0.74,0.0,0.18,0.0,0.0,0.55,0.18,0.18,0.0,0.0,0.16,0.0,0.0,0.0,1.11,0.0,0.74,0.0,0.0,0.0,0.0,0.0,0.0,0.0,0.0,0.18,0.0,0.0,0.37,0.0,0.0,0.63,0.0,0.0,0.0,0.0,0.0,0.0,0.0,0.0,0.0,0.0,0.0,0.0,0.058,0.0,0.029,0.14209999999999945,2.166,11.0,208.0
1,0.0,0.0,0.0,0.0,0.0,0.0,0.0,0.0,0.0,0.0,0.0,0.0,0.0,0.0,0.0,0.0,0.0,0.0,4.76,0.0,0.0,0.0,0.0,0.0,0.0,0.0,1.916999999999998,0.0,0.0,0.0,0.0,0.0,0.0,0.0,0.0,0.0,0.0,0.0,0.0,0.0,0.0,0.0,0.0,0.0,1.44,0.0,0.0,0.0,0.0,0.0,0.0,0.0,1.0,1.0,9.0
1,0.0,0.0,0.88,0.0,0.0,0.0,0.0,0.0,0.67,0.0,0.0,0.0,0.0,0.0,0.0,0.0,0.0,0.0,0.0,0.0,0.0,0.0,0.0,0.0,0.0,0.0,0.0,0.0,0.0,0.0,0.0,0.0,0.0,0.0,0.0,0.0,0.0,0.0,0.0,0.0,0.0,0.0,0.0,0.0,0.0,0.0,0.0,0.0,0.315,0.0,0.0,0.0,1.166,3.0,21.0
1,0.0,0.0,0.0,0.0,0.0,0.0,0.0,0.0,0.0,0.0,0.0,0.0,0.0,0.0,0.0,0.0,0.0,0.0,0.0,0.0,0.0,0.0,0.0,0.0,0.0,0.0,0.0,0.0,0.0,0.0,0.0,0.0,0.0,0.0,0.0,0.0,0.0,0.0,0.0,0.0,0.0,0.0,0.0,0.0,1.44,0.0,0.0,0.0,0.0,0.0,0.0,0.0,1.0,1.0,9.0
2,0.0,0.0,0.0,0.0,1.51,0.0,0.0,0.0,0.0,0.31,0.0,0.31,0.0,0.0,0.0,0.31,0.62,0.0,2.82,0.0,0.62,0.0,0.0,0.0,0.0,0.0,0.0,0.0,0.0,0.0,0.0,0.0,0.0,0.0,0.0,0.0,0.0,0.0,0.0,0.0,0.0,0.0,0.0,0.0,0.94,0.0,0.0,0.0,0.05,0.0,0.0,0.0,2.132,22.0,113.0
2,0.0,0.0,0.0,0.0,0.0,0.0,0.0,0.0,0.0,0.0,0.0,0.0,0.0,0.0,0.0,1.36,0.0,0.0,0.0,0.0,0.0,0.0,0.0,0.0,0.0,0.0,0.0,0.0,0.0,0.0,0.0,0.0,0.0,0.0,0.0,0.0,0.0,0.0,0.0,0.0,0.0,0.0,0.0,0.0,0.0,0.0,0.0,0.0,0.0,1.1457999999999993,0.0,0.0,3.0,12.0,36.0
1,0.0,0.0,0.0,0.0,0.0,0.0,0.0,0.6,0.0,0.0,0.0,0.0,0.0,0.0,0.0,0.0,0.91,0.0,0.0,0.0,0.0,0.0,0.0,0.0,0.0,0.0,0.0,0.0,0.0,0.0,0.0,0.0,0.0,0.0,0.0,0.0,0.0,0.0,0.0,0.0,0.0,0.0,0.0,0.0,0.0,0.0,0.0,0.0,0.0,0.0,0.0,0.0,1.153,3.0,15.0
1,0.23,0.0,0.46,0.0,0.0,0.0,0.0,0.23,0.0,0.23,0.0,0.0,0.0,0.0,0.0,0.0,0.0,0.0,3.69,0.0,0.69,0.0,0.0,0.0,1.84,0.23,0.0,0.0,0.0,0.23,0.0,0.0,0.0,0.0,0.0,0.0,0.23,0.0,0.0,0.0,0.0,0.0,0.0,0.0,0.0,0.0,0.0,0.0,0.253,0.0,0.031,0.0,2.016,19.0,244.0
1,0.0,0.0,0.0,0.0,0.0,0.0,0.0,0.0,0.0,0.0,0.0,2.22,0.0,0.0,0.0,0.0,0.0,1.19,2.38,0.0,1.19,0.0,0.0,0.0,0.0,0.0,0.0,0.0,0.0,0.0,0.0,0.0,0.0,0.0,0.0,0.0,0.0,0.0,0.0,0.0,0.0,0.61,0.0,0.0,0.0,0.0,0.0,0.0,0.395,0.0,0.197,0.0,1.428,4.0,30.0
1,0.0,0.0,0.0,0.0,0.0,0.0,0.0,0.0,0.0,0.0,0.0,2.22,0.0,0.0,0.0,0.0,0.0,0.0,3.1,0.0,0.0,0.0,0.0,0.0,0.62,0.0,0.0,0.0,0.51,0.0,0.0,0.0,0.0,0.0,0.0,0.0,0.0,0.0,0.0,0.0,0.0,0.61,0.0,0.0,0.0,0.0,0.0,0.0,0.11,0.0,0.0,0.0,1.47,8.0,50.0
2,0.0,0.6169999999999982,0.0,0.0,0.0,0.0,0.0,0.0,0.0,0.0,0.0,0.0,0.0,0.0,0.0,0.9,0.0,1.19,3.63,0.0,2.72,0.0,0.0,0.0,0.0,0.0,0.0,0.0,0.0,0.0,0.0,0.0,0.0,0.0,0.0,0.0,0.0,0.0,0.0,0.0,0.0,0.0,0.0,0.0,0.9,0.0,0.0,0.0,0.0,0.17,0.17,0.0,6.266,41.0,94.0
2,0.32,0.0,0.64,0.0,0.0,0.0,0.0,0.0,0.0,0.0,0.38,0.97,0.0,0.0,0.0,1.36,0.0,0.0,2.58,0.32,1.94,0.0,0.64,0.0,0.0,0.0,0.0,0.0,0.0,0.0,0.0,0.0,0.0,0.0,0.0,0.0,0.0,0.0,0.0,0.0,0.0,0.0,0.0,0.0,0.0,0.0,0.0,0.17069999999999982,0.058,0.116,0.116,0.0,2.926,20.0,240.0
1,0.0,0.0,0.58,0.0,0.0,0.58,0.0,0.0,0.0,0.0,0.0,0.0,0.0,0.0,0.0,0.0,0.0,0.0,1.76,0.0,1.17,0.0,0.0,0.0,0.0,0.0,0.0,0.0,0.0,0.0,0.0,0.0,0.0,0.0,0.0,0.0,0.0,0.0,0.0,0.0,0.0,0.0,0.0,0.0,0.0,0.0,0.0,0.0,0.108,0.432,0.0,0.0,1.0,1.0,35.0
1,0.6569999999999983,0.0,0.0,0.0,0.0,0.0,0.0,0.0,0.0,0.0,0.0,2.22,0.0,0.0,0.0,0.0,0.0,0.0,2.6,0.0,0.0,0.0,0.0,0.5769999999999982,0.0,0.0,0.86,0.0,0.0,0.0,0.0,0.0,0.0,0.0,0.0,0.0,0.0,0.0,0.0,0.0,0.0,0.0,0.0,0.2869999999999982,0.0,0.0,0.0,0.17069999999999982,0.14,0.0,0.0,0.0,1.352,6.0,23.0
1,0.0,0.6169999999999982,1.18,0.0,0.0,0.0,0.0,0.0,0.0,1.32,0.0,0.78,0.0,0.0,0.0,0.0,0.0,0.0,0.39,0.0,0.0,0.0,0.0,0.0,0.0,0.0,0.0,0.0,0.0,0.0,0.0,0.0,0.0,0.0,0.0,0.0,0.0,0.0,0.0,0.0,0.0,0.0,0.0,0.0,0.0,0.0,0.0,0.17069999999999982,0.203,0.271,0.0,0.067,5.689,30.0,330.0
1,0.0,0.0,0.0,0.0,0.0,0.0,0.0,0.0,0.0,0.0,0.0,2.22,0.0,0.0,0.0,0.0,0.0,0.0,0.0,0.0,0.0,0.0,0.0,0.0,0.0,0.0,0.0,0.0,0.0,0.0,0.0,0.0,0.0,0.0,0.0,0.0,0.0,0.0,0.0,0.0,0.0,0.0,0.0,0.0,0.0,0.0,0.0,0.0,0.0,0.0,0.0,0.0,1.166,2.0,14.0
2,0.0,0.0,0.71,0.0,0.23,0.0,0.0,0.0,0.23,0.23,0.23,1.9,0.0,0.0,0.0,0.23,0.0,0.0,3.81,0.23,1.19,0.0,0.0,0.0,0.0,0.0,0.0,0.0,0.0,0.0,0.0,0.0,0.0,0.0,0.0,0.0,0.0,0.0,0.0,0.0,0.0,0.0,0.0,0.0,0.0,0.0,0.0,0.0,0.109,1.018,0.036,0.0,4.022,97.0,543.0
2,0.0,0.0,0.81,0.0,0.81,0.0,0.0,0.0,0.0,0.0,0.0,0.0,0.0,0.0,0.0,0.0,0.81,0.0,3.27,0.0,0.81,0.0,0.0,0.0,0.0,0.0,0.0,0.0,0.0,0.0,0.0,0.0,0.0,0.0,0.0,0.0,0.0,0.0,0.0,0.0,0.0,0.0,0.0,0.0,0.0,0.0,0.0,0.0,0.0,0.26,0.0,0.14209999999999945,9.018899999999988,86.0,189.0
1,0.0,0.0,0.0,0.0,0.0,0.0,0.0,0.0,0.0,0.0,0.0,0.0,0.0,0.0,0.0,0.0,0.0,0.0,1.69,0.0,0.0,0.0,0.0,0.5769999999999982,0.0,0.0,0.0,0.0,0.0,0.0,0.0,0.0,0.0,0.0,0.0,0.0,0.0,0.0,0.0,0.0,0.0,0.61,0.0,0.0,1.44,0.0,0.0,0.0,0.0,0.0,0.0,0.0,1.071,2.0,15.0
1,0.0,0.29,0.29,0.0,0.29,0.0,0.0,0.29,0.0,0.0,0.29,1.45,0.0,0.0,0.0,0.0,0.58,0.0,1.16,0.0,1.45,0.0,0.0,0.0,0.87,0.0,0.0,0.0,0.0,0.0,0.0,0.0,0.0,0.0,0.0,0.0,0.0,0.0,0.0,0.0,0.0,0.0,0.0,0.0,0.0,0.0,0.0,0.037,0.113,0.0,0.037,0.0,1.531,7.0,147.0
1,0.0,0.0,0.0,0.0,0.0,0.0,0.0,0.0,0.0,0.0,0.0,0.86,0.65,0.0,0.0,0.0,0.0,0.0,0.0,0.0,0.0,0.0,0.0,0.0,3.183999999999996,0.0,0.0,0.0,0.0,0.0,0.0,0.0,0.0,0.0,0.0,0.0,0.86,0.0,0.0,0.0,0.0,0.0,0.0,0.0,0.0,0.0,0.0,0.0,0.0,0.0,0.0,0.0,2.322,11.0,72.0
2,0.0,0.0,0.0,0.0,1.28,0.0,0.7839999999999964,0.6,0.67,1.28,0.38,1.28,0.0,0.0,0.0,0.0,0.91,0.0,2.56,0.35,3.14,0.0,0.0,0.0,0.0,0.0,0.0,0.0,0.0,0.0,0.0,0.0,0.0,0.0,0.0,0.0,0.0,0.0,0.0,0.0,0.0,0.0,0.0,0.0,0.0,0.0,0.0,0.0,0.0,0.542,0.0,0.0,9.018899999999988,156.39999999999964,308.0
1,0.6569999999999983,0.0,0.0,0.0,0.0,0.0,0.0,0.0,0.0,0.0,0.0,0.0,0.0,0.0,0.0,0.0,0.0,0.0,1.26,0.0,1.26,0.0,0.0,0.0,0.0,0.0,0.0,0.0,0.0,0.0,0.0,0.0,0.0,0.0,0.0,0.0,0.0,0.0,0.0,0.0,0.0,0.0,0.0,0.0,0.0,0.0,0.0,0.0,0.0,0.178,0.0,0.0,1.272,3.0,14.0
2,0.6569999999999983,0.39,0.59,0.0,0.0,0.64,0.19,0.19,0.67,0.39,0.0,0.98,0.0,0.17,0.0,0.98,0.0,0.0,2.56,0.35,1.38,0.0,0.0,0.5769999999999982,0.0,0.0,0.0,0.0,0.0,0.0,0.0,0.0,0.0,0.0,0.0,0.0,0.0,0.0,0.0,0.0,0.0,0.0,0.0,0.0,0.0,0.0,0.0,0.0,0.237,0.765,0.316,0.026,6.652,76.0,632.0
2,0.0,0.0,0.58,0.0,1.16,0.0,0.0,0.0,0.0,0.58,0.0,0.0,0.0,0.0,0.0,0.58,0.0,0.0,0.58,0.0,1.16,0.0,0.0,0.0,0.0,0.0,0.0,0.0,0.0,0.0,0.0,0.0,0.0,0.0,0.0,0.0,0.0,0.0,0.0,0.0,0.0,0.0,0.0,0.0,0.0,0.0,0.0,0.0,0.0,0.0,0.0,0.0,2.101,11.0,145.0
1,0.09,0.09,0.28,0.0,0.28,0.0,0.0,0.28,0.0,0.0,0.0,0.09,0.18,0.0,0.0,0.0,0.18,0.28,1.22,0.0,0.37,0.0,0.09,0.0,0.0,0.0,0.0,0.0,0.0,0.0,0.0,0.0,0.0,0.0,0.0,0.09,0.28,0.0,0.0,0.09,0.0,0.0,0.0,0.28,0.37,0.09,0.0,0.014,0.084,0.042,0.0,0.042,1.877,18.0,552.0
1,0.0,0.0,0.0,0.0,1.51,0.0,0.0,0.0,0.0,0.0,0.0,0.8,0.65,0.0,0.0,0.8,0.0,0.0,0.8,0.0,0.0,0.0,0.0,0.0,1.61,1.61,0.0,0.0,0.0,0.0,0.0,0.0,0.0,0.0,0.0,0.0,0.8,0.0,0.53,0.0,0.0,0.0,0.0,0.0,0.0,0.0,0.0,0.0,0.0,0.0,0.0,0.0,1.913,13.0,44.0
2,0.0,0.0,0.49,0.0,1.48,0.0,0.0,0.0,0.49,0.0,0.0,0.0,0.0,0.16,0.0,0.66,0.33,0.0,0.82,0.0,0.49,0.0,0.0,0.0,0.0,0.0,0.0,0.0,0.0,0.0,0.0,0.0,0.0,0.0,0.0,0.16,0.0,0.0,0.0,0.0,0.0,0.0,0.0,0.0,0.16,0.0,0.0,0.0,0.197,0.616,0.0,0.0,5.778,128.0,549.0
2,0.0,0.02,0.05,0.0,0.02,0.0,0.0,0.05,0.0,0.35,0.0,0.02,0.0,0.0,0.0,0.05,0.1,0.38,0.07,0.2,0.17,0.0,0.0,0.0,0.02,0.0,0.0,0.0,0.0,0.0,0.0,0.0,0.0,0.0,0.0,0.0,0.0,0.0,0.0,0.0,0.0,0.0,0.0,0.0,0.0,0.0,0.0,0.0,0.004,0.112,0.018,0.018,3.922,156.39999999999964,1179.3999999999996
2,0.12,0.19,0.7,0.0,0.44,0.0,0.06,0.0,0.57,0.5,0.25,0.95,0.06,0.0,0.16,0.0,0.06,0.0,3.82,0.19,2.48,0.0,0.0,0.19,0.0,0.0,0.0,0.0,0.0,0.0,0.0,0.0,0.0,0.0,0.06,0.0,0.0,0.0,0.0,0.0,0.0,0.06,0.0,0.0,0.0,0.0,0.0,0.0,0.102,0.133,0.041,0.14209999999999945,3.29,74.0,1030.0
1,0.0,0.0,0.22,0.0,0.0,0.0,0.0,0.0,0.0,0.0,0.0,0.68,0.65,0.0,0.0,0.22,0.22,0.0,0.0,0.0,0.0,0.0,0.0,0.0,1.36,0.0,0.0,0.0,0.0,0.0,0.22,0.0,0.0,0.0,0.0,0.0,0.45,0.0,0.0,0.0,0.0,0.0,0.0,0.0,0.0,0.0,0.0,0.0,0.094,0.0,0.0,0.0,2.182,42.0,203.0
2,0.0,0.0,1.29,0.0,0.0,0.0,0.0,0.0,0.0,0.0,0.0,1.38,0.0,0.0,0.0,1.36,0.0,1.19,4.16,0.0,1.38,0.0,0.0,0.0,0.0,0.0,0.0,0.0,0.0,0.0,0.0,0.0,0.0,0.0,0.0,0.0,0.0,0.0,0.0,0.0,0.0,0.0,0.0,0.0,0.0,0.0,0.0,0.0,0.0,0.715,0.0,0.0,1.181,2.0,13.0
1,0.6569999999999983,0.0,0.0,0.0,0.67,0.0,0.0,0.0,0.0,0.0,0.0,0.0,0.0,0.0,0.0,0.0,0.0,0.0,1.34,0.0,0.0,0.0,0.0,0.0,0.0,0.0,0.0,0.0,0.0,0.0,0.0,0.0,0.0,0.0,0.0,0.0,0.0,0.0,0.53,0.0,0.0,0.61,0.0,0.0,1.44,1.166999999999998,0.0,0.0,0.29,0.0,0.0,0.096,2.432,15.0,90.0
1,0.6569999999999983,0.0,1.29,0.0,0.0,0.0,0.0,0.0,0.0,0.0,0.0,2.22,0.0,0.0,0.0,0.69,0.0,0.0,4.19,0.35,0.69,0.0,0.0,0.0,0.0,0.0,0.0,0.0,0.0,0.0,0.0,0.0,0.0,0.0,0.0,0.0,0.0,0.0,0.53,0.0,0.0,0.0,0.0,0.0,0.0,0.0,0.0,0.0,0.0,0.254,0.0,0.0,2.0,13.0,64.0
2,0.0,0.6169999999999982,0.56,0.0,0.0,0.64,0.0,0.37,0.37,0.75,0.0,2.07,0.0,0.0,0.0,0.0,0.37,0.0,2.45,0.0,0.94,0.0,0.0,0.18,0.0,0.0,0.18,0.0,0.0,0.0,0.0,0.0,0.0,0.0,0.0,0.0,0.0,0.0,0.0,0.0,0.0,0.0,0.0,0.0,0.0,0.0,0.0,0.0,0.08,0.295,0.107,0.0,2.542,34.0,239.0
1,0.0,0.0,0.0,0.0,0.0,0.44,0.0,0.0,0.0,0.0,0.0,0.0,0.0,0.0,0.0,0.44,0.0,0.44,0.44,0.0,0.44,0.0,0.0,0.0,0.0,0.0,0.0,0.0,0.0,0.0,0.0,0.0,0.0,0.0,0.0,0.0,0.44,0.0,0.0,0.0,0.0,0.0,0.0,0.0,0.44,0.44,0.0,0.0,0.175,0.0,0.0,0.058,8.478,122.0,390.0
1,0.0,0.0,0.0,0.0,0.0,0.0,0.0,0.0,0.0,0.0,0.0,0.0,0.0,0.0,0.0,0.0,0.0,0.0,0.0,0.0,0.32,0.0,0.0,0.0,0.0,0.0,0.0,0.0,0.0,0.0,0.0,0.0,0.0,0.0,0.0,0.0,0.0,0.0,0.0,0.0,0.0,0.0,0.0,0.0,0.32,0.0,0.0,0.17069999999999982,0.218,0.054,0.0,0.0,2.16,9.0,108.0
1,0.0,0.0,0.0,0.0,0.0,0.0,0.0,0.0,0.0,0.0,0.0,0.0,0.0,0.0,0.0,0.0,0.0,0.0,0.0,0.0,0.0,0.0,0.0,0.0,0.0,0.0,1.916999999999998,0.0,0.0,0.0,0.0,0.0,0.0,0.0,0.0,0.0,0.0,0.0,0.0,0.0,0.0,0.0,0.0,0.0,0.0,0.0,0.0,0.0,0.0,0.0,0.0,0.0,1.666,3.0,9.0
2,0.0,0.0,0.0,0.0,1.04,0.64,0.0,0.0,0.0,0.0,0.0,0.0,0.0,0.0,0.0,1.36,0.0,0.0,4.16,0.0,0.0,0.0,0.0,0.0,0.0,0.0,0.0,0.0,0.0,0.0,0.0,0.0,0.0,0.0,0.0,0.0,0.0,0.0,0.0,0.0,0.0,0.0,0.0,0.0,0.0,0.0,0.0,0.0,0.0,1.1457999999999993,0.0,0.0,3.275,14.0,95.0
1,0.0,0.0,0.0,0.0,0.3,0.0,0.0,0.0,0.0,0.0,0.0,0.76,0.0,0.0,0.0,0.0,0.0,0.0,0.15,0.0,0.0,0.0,0.0,0.0,0.3,0.15,0.0,0.0,0.51,0.0,0.0,0.0,0.0,0.0,0.0,0.63,0.15,0.0,0.0,0.0,0.0,0.0,0.0,0.0,0.0,0.15,0.0,0.0,0.022,0.0,0.0,0.0,1.59,37.0,272.0
2,0.33,0.0,0.66,0.0,0.22,0.0,0.0,0.0,0.44,0.11,0.0,0.33,0.0,0.0,0.0,0.55,0.0,0.0,1.76,0.0,1.1,0.0,0.0,0.22,0.0,0.0,0.0,0.0,0.0,0.0,0.0,0.0,0.0,0.0,0.0,0.0,0.0,0.0,0.0,0.0,0.0,0.0,0.11,0.0,0.0,0.0,0.0,0.0,0.173,0.367,0.193,0.077,2.559,75.0,389.0
2,0.09,0.0,0.27,0.0,0.36,0.09,0.0,0.18,0.09,0.0,0.0,0.73,0.0,0.17,0.0,0.0,0.0,0.0,2.01,0.0,3.14,0.0,0.36,0.09,0.0,0.0,0.0,0.0,0.0,0.0,0.0,0.0,0.0,0.0,0.0,0.0,0.0,0.0,0.0,0.0,0.0,0.0,0.0,0.0,0.27,0.0,0.0,0.015,0.046,0.249,0.031,0.031,3.689,69.0,535.0
1,0.0,0.0,0.0,0.0,0.0,0.0,0.0,0.0,0.0,0.0,0.0,0.0,0.0,0.0,0.0,0.0,0.0,0.0,0.0,0.0,0.0,0.0,0.0,0.0,3.183999999999996,0.0,0.0,0.0,0.0,0.0,0.0,0.0,0.0,0.0,0.0,0.0,0.0,0.0,0.0,0.0,0.0,0.0,0.0,0.0,0.0,0.0,0.0,0.0,0.0,0.0,0.0,0.0,1.833,5.0,11.0
1,0.0,0.0,0.0,0.0,0.0,0.0,0.0,0.0,0.0,0.0,0.0,2.22,0.0,0.0,0.0,0.0,0.0,0.0,0.0,0.0,1.4,0.0,0.0,0.0,0.0,1.7939999999999965,0.0,0.0,0.0,0.0,0.0,0.0,0.0,0.0,0.0,0.0,0.0,0.0,0.0,0.0,0.0,0.61,0.0,0.0,0.0,0.0,0.0,0.0,0.0,0.0,0.0,0.0,3.153,38.0,82.0
2,0.0,0.0,0.17,0.0,0.17,0.0,0.17,0.0,0.67,0.17,0.17,0.0,0.0,0.0,0.0,1.36,0.0,0.69,1.04,0.0,0.17,0.0,0.0,0.0,0.17,0.0,0.0,0.0,0.0,0.0,0.0,0.0,0.0,0.07,0.0,0.0,0.34,0.0,0.0,0.17,0.0,0.0,0.0,0.0,0.0,0.0,0.0,0.0,0.072,0.754,0.38239999999999963,0.0,4.74,52.0,967.0
1,0.0,0.0,0.81,0.0,0.0,0.0,0.0,0.0,0.0,0.0,0.0,2.22,0.0,0.0,0.0,0.0,0.0,0.0,4.06,0.0,1.62,0.0,0.0,0.0,0.81,0.0,0.0,0.0,0.0,0.7139999999999963,0.0,0.0,0.0,0.0,0.0,0.0,0.0,0.0,0.0,0.0,0.0,0.0,0.0,0.0,0.81,0.0,0.0,0.0,0.0,0.134,0.0,0.0,1.366,5.0,41.0
2,0.0,0.0,0.0,0.0,0.0,0.0,0.0,0.0,0.0,0.0,0.0,0.0,0.0,0.0,0.0,0.0,0.0,0.0,3.48,0.0,2.32,0.0,0.0,0.5769999999999982,0.0,0.0,0.0,0.0,0.0,0.0,0.0,0.0,0.0,0.0,0.0,0.0,0.0,0.0,0.0,0.0,0.0,0.0,0.0,0.0,0.0,0.0,0.0,0.0,0.0,0.0,0.0,0.0,8.733,42.0,131.0
2,0.0,0.42,1.29,0.0,0.42,0.0,0.0,0.0,0.0,0.0,0.0,0.42,0.0,0.0,0.0,0.42,0.0,0.84,2.1,0.0,1.68,0.0,0.0,0.0,0.0,0.0,0.0,0.0,0.0,0.0,0.0,0.0,0.0,0.0,0.0,0.0,0.0,0.0,0.0,0.0,0.0,0.0,0.0,0.0,0.42,0.0,0.0,0.0,0.066,0.669,0.0,0.0,3.837,121.0,284.0
1,0.0,0.27,0.0,0.0,0.0,0.0,0.0,0.0,0.0,0.0,0.0,1.94,0.0,0.0,0.0,0.0,0.27,0.0,1.39,0.0,0.0,0.0,0.0,0.0,0.83,0.55,0.0,0.0,0.0,0.7139999999999963,0.0,0.0,0.0,0.0,0.0,0.0,0.0,0.0,0.0,0.0,0.0,0.0,0.0,0.27,0.0,0.0,0.0,0.128,0.0,0.0,0.0,0.0,1.197,6.0,109.0
1,0.0,0.0,0.0,0.0,0.0,0.0,0.0,0.0,0.0,0.0,0.0,0.0,0.0,0.0,0.0,0.0,0.0,0.0,2.63,0.0,0.0,0.0,0.0,0.0,2.63,0.0,0.0,0.0,0.0,0.0,0.32,0.0,0.0,0.0,0.0,0.0,0.0,0.0,0.0,0.0,0.0,0.0,0.0,0.0,0.0,0.0,0.0,0.0,0.248,0.0,0.0,0.0,4.166,14.0,50.0
2,0.0,0.08,0.25,0.0,0.84,0.25,0.08,0.33,0.0,0.16,0.08,0.76,0.0,0.08,0.0,1.36,0.76,0.33,1.6,0.33,0.5,0.0,0.42,0.08,0.0,0.0,0.0,0.0,0.0,0.0,0.0,0.0,0.0,0.0,0.0,0.25,0.08,0.0,0.0,0.08,0.0,0.0,0.0,0.0,0.0,0.0,0.0,0.0,0.047,0.502,0.157,0.14209999999999945,7.24,156.39999999999964,1179.3999999999996
1,0.0,0.0,0.0,0.0,0.0,0.0,0.0,0.0,0.0,0.0,0.0,0.0,0.0,0.0,0.0,0.0,0.0,0.0,0.0,0.0,0.0,0.0,0.0,0.0,0.0,0.0,0.0,0.0,0.51,0.0,0.0,0.0,0.0,0.0,0.0,0.0,0.0,0.0,0.0,0.0,0.0,0.61,0.0,0.0,0.0,0.0,0.0,0.0,0.0,0.0,0.0,0.0,1.428,3.0,10.0
2,0.6569999999999983,0.0,0.66,0.0,0.0,0.0,0.0,0.0,0.0,0.66,0.0,0.0,0.0,0.0,0.0,1.36,0.91,0.0,1.32,0.0,1.32,0.0,0.0,0.0,0.0,0.0,0.0,0.0,0.0,0.0,0.0,0.0,0.0,0.0,0.0,0.0,0.0,0.0,0.0,0.0,0.0,0.0,0.0,0.0,0.0,0.0,0.0,0.0,0.0,1.1457999999999993,0.0,0.0,3.184,34.0,121.0
2,0.0,0.0,0.0,0.0,1.29,0.0,0.0,0.0,0.0,0.0,0.0,0.0,0.0,0.0,0.0,0.64,0.0,1.19,2.58,0.35,1.29,0.0,0.0,0.0,0.0,0.0,0.0,0.0,0.0,0.0,0.0,0.0,0.0,0.0,0.0,0.0,0.0,0.0,0.53,0.0,0.0,0.0,0.0,0.0,0.0,0.0,0.0,0.0,0.224,1.1457999999999993,0.0,0.0,2.09,13.0,69.0
1,0.0,0.0,0.06,0.0,0.0,0.0,0.0,0.06,0.13,0.13,0.13,1.67,0.26,0.17,0.0,0.13,0.13,0.0,0.0,0.06,0.06,0.0,0.0,0.0,2.54,0.13,0.0,0.0,0.2,0.26,0.13,0.0,0.0,0.0,0.06,0.2,0.13,0.0,0.0,0.06,0.0,0.0,0.0,0.0,0.0,0.0,0.0,0.028,0.131,0.0,0.0,0.0,1.997,20.0,787.0
1,0.0,0.0,0.0,0.0,0.76,0.25,0.0,0.6,0.0,0.0,0.0,0.76,0.0,0.0,0.0,0.0,0.0,0.0,0.0,0.0,0.0,0.0,0.0,0.0,0.0,0.0,0.0,0.0,0.0,0.0,0.0,0.0,0.0,0.0,0.0,0.0,0.0,0.0,0.0,0.0,0.0,0.0,0.0,0.0,0.0,0.0,0.0,0.0,0.0,0.0,0.0,0.0,1.14,5.0,65.0
1,0.0,0.0,0.0,0.0,0.0,0.0,0.0,0.0,0.0,0.0,0.0,2.22,0.0,0.0,0.0,0.35,0.0,0.35,0.35,0.0,0.0,0.0,0.0,0.0,0.35,0.0,0.0,0.0,0.0,0.0,0.0,0.0,0.0,0.0,0.0,0.0,0.35,0.0,0.0,0.0,0.0,0.0,0.0,0.0,0.0,0.0,0.0,0.0,0.293,0.0,0.0,0.0,1.226,5.0,146.0
1,0.1,0.0,0.21,0.0,0.31,0.0,0.0,0.1,0.0,0.0,0.0,0.63,0.21,0.0,0.0,0.0,0.53,0.0,0.0,0.0,0.0,0.0,0.0,0.0,3.183999999999996,0.0,0.1,0.1,0.0,0.0,0.0,0.0,0.42,0.0,0.0,0.0,0.1,0.0,0.0,0.0,0.0,0.0,0.0,0.0,0.0,0.0,0.0,0.17069999999999982,0.043,0.0,0.0,0.0,2.221,18.0,511.0
2,0.0,0.0,0.65,0.0,0.65,0.0,0.65,0.0,0.0,0.0,0.0,0.65,0.0,0.0,0.0,0.65,0.0,0.0,4.6,0.0,0.0,0.0,0.0,0.0,0.0,0.0,0.0,0.0,0.0,0.0,0.0,0.0,0.0,0.0,0.0,0.0,0.0,0.0,0.0,0.39,0.0,0.0,0.0,0.0,0.0,0.0,0.0,0.0,0.0,0.233,0.0,0.0,2.5,23.0,135.0
1,0.0,0.0,1.29,0.0,0.0,0.0,0.0,0.0,0.0,1.32,0.0,0.0,0.0,0.0,0.0,0.0,0.0,0.0,0.0,0.0,0.0,0.0,0.0,0.0,1.33,1.33,0.0,0.85,0.0,0.0,0.0,0.0,0.0,0.0,0.0,0.63,0.0,0.0,0.0,0.0,0.0,0.0,0.0,0.0,0.0,0.0,0.0,0.0,0.413,0.0,0.0,0.0,4.36,46.0,109.0
2,0.0,0.47,0.47,0.0,1.51,0.0,0.7839999999999964,0.23,0.0,0.47,0.23,0.7,0.23,0.0,0.16,0.23,0.91,0.0,2.83,0.0,1.65,0.0,0.0,0.0,0.0,0.0,0.0,0.0,0.0,0.0,0.0,0.0,0.0,0.0,0.0,0.0,0.0,0.0,0.0,0.0,0.0,0.0,0.0,0.0,0.0,0.0,0.0,0.0,0.0,0.08,0.0,0.0,1.844,13.0,83.0
1,0.0,0.0,0.0,0.0,0.0,0.0,0.0,0.0,0.0,0.0,0.0,0.0,0.0,0.0,0.0,0.0,0.0,0.0,0.0,0.0,0.0,0.0,0.0,0.0,3.183999999999996,0.0,0.0,0.0,0.0,0.0,0.0,0.0,0.0,0.0,0.0,0.0,0.95,0.0,0.0,0.0,0.0,0.61,0.31,0.0,1.44,0.0,0.0,0.0,0.0,0.0,0.0,0.0,5.357,28.0,150.0
1,0.06,0.0,0.06,0.0,0.0,0.0,0.0,0.0,0.61,0.0,0.0,0.2,0.0,0.0,0.0,0.0,0.0,0.06,0.27,0.0,0.2,0.0,0.0,0.0,0.75,0.81,0.06,0.0,0.0,0.0,0.0,0.0,0.27,0.0,0.0,0.0,0.47,0.0,0.0,0.0,0.0,0.0,0.0,0.0,0.0,0.0,0.0,0.17069999999999982,0.183,0.0,0.019,0.0,2.738,36.0,827.0
1,0.0,0.0,0.43,0.0,0.0,0.0,0.0,0.0,0.0,0.0,0.0,0.0,0.0,0.0,0.0,0.0,0.0,0.0,0.43,0.0,0.0,0.0,0.0,0.0,3.183999999999996,1.7939999999999965,0.0,0.0,0.0,0.0,0.0,0.0,0.0,0.0,0.0,0.0,0.95,0.0,0.0,0.0,0.0,0.0,0.0,0.2869999999999982,0.0,0.0,0.0,0.17069999999999982,0.537,0.079,0.0,0.0,4.411,19.0,300.0
2,0.54,0.0,0.0,0.0,1.51,0.0,0.0,0.54,0.0,1.08,0.0,0.0,0.0,0.0,0.0,0.0,0.91,0.0,2.7,0.0,0.54,0.0,0.0,0.0,0.0,0.0,0.0,0.0,0.0,0.0,0.0,0.0,0.0,0.0,0.0,0.0,0.54,0.0,0.0,0.0,0.0,0.0,0.0,0.0,0.0,0.0,0.0,0.0,0.051,0.0,0.0,0.0,1.49,19.0,82.0
1,0.0,0.0,1.29,0.0,0.0,0.0,0.0,0.0,0.0,0.0,0.0,1.63,0.0,0.0,0.0,1.36,0.0,0.0,1.63,0.0,1.63,0.0,0.0,0.0,0.0,0.0,0.0,0.0,0.0,0.0,0.0,0.0,0.0,0.0,0.0,0.0,0.0,0.0,0.0,0.0,0.0,0.0,0.0,0.0,0.0,0.0,0.0,0.0,0.0,0.0,0.0,0.0,1.181,3.0,13.0
1,0.0,0.0,0.0,0.0,0.0,0.0,0.0,0.0,0.0,0.0,0.0,0.0,0.0,0.0,0.0,0.0,0.0,0.0,0.0,0.0,0.0,0.0,0.0,0.0,1.63,0.0,0.0,0.0,0.0,0.0,0.0,0.0,0.0,0.0,0.0,0.63,0.0,0.0,0.0,0.0,0.0,0.0,0.0,0.0,0.0,0.0,0.0,0.0,0.0,0.0,0.0,0.0,2.187,5.0,35.0
2,0.0,0.43,0.0,0.0,0.43,0.0,0.7839999999999964,0.0,0.67,0.86,0.0,1.3,0.0,0.0,0.0,0.0,0.0,0.0,0.43,0.0,0.0,0.0,0.0,0.0,0.0,0.0,0.0,0.0,0.0,0.0,0.0,0.0,0.0,0.0,0.0,0.0,0.43,0.0,0.0,0.0,0.0,0.0,0.0,0.0,0.0,0.0,0.0,0.063,0.126,0.0,0.063,0.0,4.297,30.0,159.0
1,0.0,0.0,0.0,0.0,0.0,0.0,0.0,0.0,0.0,0.58,0.0,2.22,0.0,0.0,0.0,0.58,0.0,0.0,1.75,0.0,3.14,0.0,0.0,0.0,0.0,0.58,0.0,0.0,0.0,0.0,0.0,0.0,0.0,0.0,0.0,0.0,0.0,0.0,0.0,0.0,0.0,0.0,0.0,0.2869999999999982,0.0,0.0,0.0,0.0,0.195,0.097,0.0,0.0,2.157,11.0,41.0
2,0.34,0.17,0.17,0.0,1.38,0.64,0.17,0.17,0.0,0.17,0.0,0.86,0.0,0.0,0.16,1.36,0.34,0.17,2.94,0.0,2.42,0.0,0.0,0.0,0.0,0.0,0.0,0.0,0.0,0.0,0.0,0.0,0.0,0.0,0.0,0.0,0.0,0.0,0.0,0.0,0.0,0.0,0.0,0.0,0.0,0.0,0.0,0.0,0.115,0.0,0.086,0.0,4.792,38.0,508.0
2,0.17,0.22,0.62,0.0,0.11,0.22,0.05,0.11,0.0,0.39,0.11,1.02,0.45,0.05,0.05,0.0,0.0,0.39,3.46,0.0,1.76,0.0,0.56,0.34,0.0,0.0,0.0,0.0,0.0,0.0,0.0,0.0,0.0,0.0,0.0,0.0,0.0,0.0,0.0,0.0,0.0,0.0,0.0,0.0,0.0,0.0,0.0,0.01,0.2,0.441,0.38239999999999963,0.04,4.945,116.0,1179.3999999999996
2,0.12,0.12,0.24,0.0,1.34,0.12,0.0,0.12,0.0,0.0,0.36,0.85,0.0,0.0,0.0,0.24,0.24,0.0,2.33,0.0,0.73,0.0,0.0,0.0,0.0,0.0,0.0,0.0,0.0,0.0,0.0,0.0,0.0,0.0,0.0,0.63,0.0,0.0,0.0,0.12,0.0,0.0,0.0,0.0,0.12,0.0,0.0,0.061,0.02,0.041,0.041,0.0,2.351,69.0,254.0
1,0.05,0.0,0.11,0.0,0.05,0.02,0.0,0.0,0.35,0.0,0.0,0.14,0.0,0.0,0.02,0.0,0.0,0.02,0.11,0.0,0.08,0.0,0.0,0.0,0.5,0.53,0.02,0.0,0.0,0.0,0.0,0.0,0.14,0.0,0.0,0.0,0.38,0.0,0.0,0.0,0.0,0.0,0.0,0.0,0.0,0.0,0.0,0.17069999999999982,0.182,0.0,0.008,0.0,2.95,52.0,1179.3999999999996
1,0.0,0.0,0.0,0.0,0.0,0.0,0.0,0.0,0.0,0.8,0.0,1.07,0.0,0.0,0.0,0.26,0.0,0.0,1.07,0.0,1.88,0.0,0.0,0.0,2.15,1.61,1.07,0.26,0.26,0.26,0.26,0.0,0.0,0.07,0.26,0.26,0.53,0.0,0.0,0.26,0.0,0.0,0.31,0.2869999999999982,0.53,0.0,0.0,0.17069999999999982,0.437,0.043,0.0,0.0,2.879,19.0,262.0
2,0.0,0.0,0.0,0.0,0.0,0.0,0.0,0.0,0.0,0.0,0.0,0.0,0.0,0.0,0.0,1.36,0.0,0.0,3.33,0.0,1.66,0.0,0.0,0.0,0.0,0.0,0.0,0.0,0.0,0.0,0.0,0.0,0.0,0.0,0.0,0.0,0.0,0.0,0.0,0.0,0.0,0.0,0.0,0.0,0.0,0.0,0.0,0.0,0.0,0.653,0.0,0.0,8.0,38.0,80.0
1,0.6569999999999983,0.0,0.0,0.0,0.69,0.0,0.0,0.0,0.0,0.0,0.0,0.0,0.0,0.0,0.0,0.0,0.0,0.0,1.38,0.0,0.0,0.0,0.0,0.0,0.0,0.0,0.0,0.0,0.0,0.0,0.0,0.0,0.0,0.0,0.0,0.0,0.0,0.0,0.53,0.0,0.0,0.61,0.0,0.0,1.38,1.166999999999998,0.0,0.0,0.302,0.0,0.0,0.1,2.447,15.0,93.0
1,0.0,0.0,0.0,0.0,0.0,0.0,0.0,0.0,0.0,0.0,0.0,0.0,0.65,0.0,0.0,0.0,0.0,0.0,0.0,0.0,0.0,0.0,0.0,0.0,0.0,0.0,0.0,0.0,0.0,0.0,0.0,0.0,0.0,0.0,0.0,0.0,0.0,0.0,0.0,0.0,0.0,0.0,0.0,0.0,0.0,0.0,0.0,0.0,0.0,0.0,0.0,0.0,1.384,4.0,18.0
2,0.13,0.13,0.13,0.0,0.55,0.27,0.27,0.13,0.67,0.27,0.0,0.97,0.27,0.0,0.13,0.0,0.0,0.0,3.88,0.13,2.77,0.0,0.13,0.55,0.0,0.0,0.0,0.0,0.0,0.0,0.0,0.0,0.0,0.0,0.0,0.0,0.0,0.0,0.0,0.13,0.0,0.0,0.0,0.0,0.0,0.0,0.0,0.0,0.017,1.1457999999999993,0.177,0.0,4.947,156.39999999999964,757.0
1,0.0,0.0,0.0,0.0,0.0,0.51,0.0,0.0,0.0,0.0,0.0,0.0,0.0,0.0,0.0,0.0,0.0,0.51,3.06,0.0,1.02,0.0,0.0,0.0,0.0,0.0,0.0,0.0,0.0,0.0,0.0,0.0,0.0,0.0,0.0,0.0,0.0,0.0,0.0,0.0,0.0,0.0,0.0,0.0,0.0,0.51,0.0,0.0,0.091,0.091,0.0,0.0,1.586,4.0,46.0
1,0.0,0.0,0.0,0.0,0.0,0.0,0.0,0.0,0.0,0.29,0.0,0.0,0.0,0.0,0.0,0.0,0.0,0.0,0.58,0.0,0.58,0.0,0.0,0.0,3.183999999999996,1.7939999999999965,0.87,0.85,0.51,0.7139999999999963,0.32,0.0,0.0,0.07,0.66,0.58,0.29,0.0,0.53,0.39,0.0,0.61,0.29,0.0,0.58,0.0,0.0,0.091,0.537,0.0,0.0,0.0,3.552,37.0,373.0
1,0.0,0.0,0.0,0.0,0.0,0.0,0.0,0.0,0.0,0.0,0.0,0.32,0.0,0.0,0.0,0.0,0.0,0.65,0.0,0.0,0.0,0.0,0.0,0.0,0.0,0.0,0.0,0.0,0.0,0.0,0.0,0.0,0.0,0.0,0.0,0.0,0.95,0.0,0.0,0.0,0.0,0.0,0.0,0.0,0.0,0.0,0.0,0.0,0.1,0.0,0.0,0.0,2.59,69.0,386.0
2,0.54,0.13,0.38,0.0,0.05,0.16,0.0,0.05,0.35,0.16,0.24,1.11,0.38,0.17,0.13,0.19,0.43,0.48,3.56,0.0,0.81,0.0,0.73,0.57,0.0,0.0,0.0,0.0,0.0,0.0,0.0,0.0,0.0,0.0,0.0,0.0,0.0,0.0,0.0,0.0,0.0,0.0,0.0,0.0,0.05,0.0,0.0,0.0,0.086,0.268,0.15,0.14209999999999945,6.761,156.39999999999964,1179.3999999999996
2,0.6569999999999983,0.0,1.29,0.0,0.0,0.0,0.0,0.0,0.67,0.0,0.0,0.0,0.0,0.0,0.0,1.36,0.0,0.0,3.27,0.0,3.14,0.0,0.0,0.0,0.0,0.0,0.0,0.0,0.0,0.0,0.0,0.0,0.0,0.0,0.0,0.0,0.0,0.0,0.0,0.0,0.0,0.0,0.0,0.0,0.0,0.0,0.0,0.0,0.0,0.8,0.266,0.0,2.0,16.0,36.0
1,0.35,0.0,0.35,0.0,0.71,0.0,0.0,0.0,0.0,0.0,0.0,0.35,0.0,0.0,0.0,0.0,0.0,0.0,0.35,0.0,0.17,0.0,0.0,0.0,0.53,0.35,0.53,0.17,0.17,0.17,0.17,0.0,0.35,0.07,0.17,0.17,0.0,0.0,0.0,0.17,0.0,0.61,0.17,0.17,0.35,0.0,0.0,0.123,0.309,0.0,0.0,0.0,2.241,13.0,204.0
2,0.0,0.0,0.27,0.0,0.54,0.0,0.27,0.0,0.0,0.27,0.0,0.54,0.0,0.0,0.0,1.35,0.0,0.0,1.08,0.0,2.44,0.0,0.0,0.54,0.0,0.0,0.0,0.0,0.0,0.0,0.0,0.0,0.0,0.0,0.0,0.0,0.0,0.0,0.0,0.0,0.0,0.0,0.0,0.0,0.0,0.0,0.0,0.0,0.0,0.329,0.141,0.14209999999999945,9.018899999999988,156.39999999999964,1118.0
1,0.0,0.0,0.0,0.0,0.0,0.0,0.0,0.6,0.0,0.0,0.0,0.82,0.0,0.0,0.0,0.0,0.0,0.0,0.0,0.0,0.0,0.0,0.0,0.0,0.0,0.0,0.0,0.0,0.41,0.0,0.0,0.0,0.0,0.0,0.0,0.0,0.41,0.0,0.0,0.0,0.0,0.0,0.0,0.0,0.41,0.0,0.0,0.0,0.0,0.0,0.0,0.0,1.394,12.0,53.0
1,0.0,0.0,0.0,0.0,0.0,0.63,0.0,0.0,0.0,0.0,0.0,0.0,0.0,0.0,0.0,0.0,0.0,0.0,0.63,0.0,0.0,0.0,0.0,0.0,3.16,0.0,0.0,0.0,0.0,0.0,0.0,0.0,0.0,0.0,0.63,0.0,0.0,0.0,0.0,0.0,0.0,0.0,0.0,0.2869999999999982,0.0,0.0,0.0,0.0,0.0,0.0,0.0,0.0,1.56,9.0,64.0
2,0.0,0.0,0.43,0.0,0.87,0.0,0.0,0.0,0.0,0.0,0.0,0.0,0.0,0.0,0.0,0.43,0.87,0.0,2.62,0.0,1.31,0.0,0.43,0.0,0.0,0.0,0.0,0.0,0.0,0.0,0.0,0.0,0.0,0.0,0.0,0.0,0.0,0.0,0.0,0.0,0.0,0.0,0.0,0.0,1.31,0.0,0.0,0.0,0.072,0.577,0.216,0.0,6.274,90.0,320.0
1,0.0,0.0,0.52,0.0,1.04,0.0,0.0,0.0,0.0,0.0,0.0,1.04,0.0,0.0,0.0,0.0,0.0,0.0,0.52,0.0,0.52,0.0,0.0,0.0,1.83,1.57,0.52,0.26,0.26,0.26,0.26,0.0,0.4669999999999982,0.07,0.26,0.26,0.26,0.0,0.26,0.26,0.0,0.61,0.26,0.26,0.78,0.0,0.0,0.136,0.182,0.0,0.045,0.0,1.823,13.0,155.0
1,0.0,0.0,0.0,0.0,0.0,0.0,0.0,0.0,0.0,0.0,0.0,1.4,0.0,0.0,0.0,0.0,0.7,0.0,1.4,0.0,1.4,0.0,0.0,0.0,0.0,0.0,0.7,0.0,0.0,0.0,0.32,0.0,0.0,0.0,0.0,0.0,0.0,0.0,0.0,0.39,0.0,0.0,0.0,0.0,0.0,0.0,0.0,0.0,0.266,0.0,0.0,0.0,9.018899999999988,156.39999999999964,378.0
1,0.0,0.0,0.0,0.0,0.0,0.0,0.0,0.0,0.67,0.0,0.0,0.0,0.0,0.0,0.0,0.0,0.0,0.0,0.0,0.0,0.0,0.0,0.0,0.0,0.0,0.0,0.0,0.0,0.0,0.0,0.0,0.0,0.0,0.0,0.0,0.0,0.0,0.0,0.0,0.0,0.0,0.0,0.0,0.0,0.94,0.94,0.0,0.0,0.203,0.0,0.0,0.0,1.416,6.0,34.0
1,0.0,0.0,0.28,0.0,0.28,0.0,0.0,0.0,0.0,0.0,0.0,1.96,0.0,0.0,0.0,0.0,0.0,0.0,0.0,0.0,0.0,0.0,0.0,0.0,0.0,0.0,0.0,0.0,0.0,0.0,0.0,0.0,0.0,0.0,0.28,0.0,0.56,0.0,0.0,0.0,0.0,0.0,0.0,0.0,0.0,0.0,0.0,0.0,0.18,0.0,0.0,0.0,1.523,11.0,160.0
2,0.6569999999999983,0.0,0.67,0.0,0.0,0.0,0.0,0.0,0.0,0.67,0.0,0.0,0.0,0.0,0.0,0.0,0.0,0.0,1.35,0.0,1.35,0.0,0.0,0.0,0.0,0.0,0.0,0.0,0.0,0.0,0.0,0.0,0.0,0.07,0.0,0.0,0.0,0.0,0.0,0.0,0.0,0.0,0.0,0.0,0.0,0.0,0.0,0.0,0.0,1.1457999999999993,0.0,0.0,3.384,37.0,132.0
1,0.0,0.0,0.0,0.0,0.0,0.0,0.0,0.0,0.0,0.0,0.0,0.0,0.0,0.0,0.0,0.0,0.0,0.0,0.0,0.0,0.0,0.0,0.0,0.0,0.0,0.0,0.84,0.0,0.51,0.0,0.0,0.0,0.4669999999999982,0.0,0.0,0.0,0.0,0.0,0.0,0.0,0.0,0.0,0.0,0.0,0.0,0.0,0.0,0.0,0.273,0.0,0.0,0.136,3.571,28.0,150.0
1,0.0,0.0,0.23,0.0,0.46,0.0,0.0,0.0,0.23,0.0,0.0,0.0,0.0,0.17,0.0,0.0,0.23,0.0,0.0,0.0,0.69,0.0,0.0,0.0,0.46,0.0,0.0,0.0,0.0,0.0,0.0,0.0,0.0,0.0,0.0,0.0,0.23,0.0,0.0,0.0,0.0,0.61,0.0,0.0,0.0,0.0,0.0,0.0,0.113,0.09,0.0,0.14209999999999945,2.43,121.0,666.0
2,0.0,0.0,1.29,0.0,0.0,0.0,0.7839999999999964,0.0,0.0,0.0,0.0,0.0,0.0,0.0,0.0,0.0,0.0,0.0,0.0,0.0,0.0,0.0,0.0,0.0,0.0,0.0,0.0,0.0,0.0,0.0,0.0,0.0,0.0,0.0,0.0,0.0,0.0,0.0,0.0,0.39,0.0,0.0,0.0,0.0,0.0,0.0,0.0,0.0,0.0,0.0,0.38239999999999963,0.0,3.0,11.0,24.0
1,0.0,0.0,0.0,0.0,0.0,0.0,0.0,0.0,0.0,0.0,0.0,0.0,0.0,0.0,0.0,0.0,0.0,0.0,0.0,0.0,0.0,0.0,0.0,0.0,0.0,0.0,0.0,0.0,0.0,0.0,0.0,0.0,0.0,0.0,0.0,0.0,0.0,0.0,0.0,0.0,0.0,0.0,0.0,0.0,0.0,0.0,0.0,0.0,0.0,1.1457999999999993,0.0,0.0,1.375,4.0,11.0
1,0.0,0.0,0.0,0.0,0.0,0.0,0.0,0.0,0.0,0.0,0.0,0.0,0.0,0.0,0.0,0.0,0.0,0.0,0.0,0.0,0.0,0.0,0.0,0.0,0.0,0.0,0.0,0.0,0.0,0.0,0.0,0.0,0.0,0.0,0.0,0.0,0.95,0.0,0.0,0.0,0.0,0.0,0.0,0.0,0.0,0.0,0.0,0.0,0.0,0.0,0.0,0.0,1.375,6.0,44.0
1,0.0,0.0,0.0,0.0,0.0,0.0,0.0,0.0,0.0,0.0,0.0,0.0,0.0,0.0,0.0,0.0,0.0,0.0,0.0,0.0,0.0,0.0,0.0,0.0,0.0,0.0,0.0,0.0,0.0,0.0,0.0,0.0,0.0,0.0,0.0,0.0,0.0,0.0,0.0,0.0,0.0,0.0,0.0,0.0,1.36,0.0,0.0,0.0,0.0,0.0,0.0,0.0,1.0,1.0,9.0
1,0.0,0.0,0.0,0.0,0.0,0.0,0.0,0.0,0.0,0.0,0.0,0.0,0.0,0.0,0.0,0.0,0.0,0.0,0.0,0.0,0.0,0.0,0.0,0.0,0.0,0.0,0.0,0.0,0.0,0.0,0.0,0.0,0.0,0.0,0.0,0.0,0.0,0.0,0.0,0.0,0.0,0.0,0.0,0.0,0.0,1.166999999999998,0.0,0.0,0.537,0.0,0.0,0.0,1.0,1.0,9.0
2,0.1,0.0,0.03,0.0,0.1,0.03,0.0,0.0,0.0,0.1,0.1,0.43,0.0,0.0,0.0,0.37,0.1,0.0,0.43,0.0,0.4,0.0,0.0,0.0,0.0,0.0,0.0,0.0,0.0,0.0,0.0,0.0,0.2,0.0,0.0,0.13,0.06,0.0,0.0,0.0,0.0,0.06,0.0,0.03,0.0,0.0,0.0,0.014,0.078,0.034,0.019,0.019,4.93,113.0,1179.3999999999996
2,0.18,0.0,0.18,0.0,1.51,0.36,0.06,0.06,0.06,0.12,0.06,0.54,0.3,0.06,0.0,0.0,0.72,0.06,4.48,0.24,1.15,0.0,0.73,0.06,0.0,0.0,0.0,0.0,0.0,0.0,0.0,0.0,0.0,0.0,0.0,0.0,0.0,0.0,0.0,0.0,0.0,0.0,0.06,0.0,0.06,0.0,0.0,0.01,0.052,0.01,0.167,0.0,1.733,12.0,442.0
1,0.0,0.0,0.0,0.0,0.0,0.0,0.0,0.0,0.0,0.0,0.0,1.85,0.0,0.0,0.0,0.0,0.0,0.0,0.0,0.0,0.0,0.0,0.0,0.0,0.0,0.0,0.0,0.0,0.0,0.0,0.0,0.0,0.0,0.0,0.0,0.0,0.0,0.0,0.0,0.0,0.0,0.0,0.0,0.0,0.0,0.0,0.0,0.0,0.0,0.0,0.0,0.0,1.142,3.0,16.0
1,0.6569999999999983,0.0,0.0,0.0,0.0,0.0,0.0,0.0,0.67,0.0,0.0,2.22,0.0,0.0,0.0,0.0,0.0,0.0,0.0,0.0,0.0,0.0,0.0,0.0,0.0,0.0,0.0,0.85,0.0,0.0,0.0,0.0,0.0,0.0,0.66,0.0,0.0,0.0,0.0,0.0,0.0,0.0,0.0,0.0,0.0,0.0,0.0,0.0,0.0,0.0,0.0,0.0,3.846,39.0,100.0
2,0.05,0.05,0.4,0.0,0.34,0.0,0.0,0.0,0.57,0.05,0.0,0.28,0.11,0.0,0.0,0.17,0.0,0.0,1.09,0.05,0.92,0.0,0.0,0.05,0.0,0.0,0.0,0.0,0.05,0.0,0.0,0.0,0.0,0.0,0.0,0.0,0.0,0.0,0.0,0.0,0.0,0.11,0.0,0.0,0.05,0.0,0.0,0.019,0.099,0.099,0.079,0.009,4.906,95.0,1179.3999999999996
2,0.36,0.29,0.36,0.0,0.0,0.58,0.07,0.14,0.66,1.25,0.14,1.39,0.58,0.17,0.14,0.14,0.0,0.0,2.35,0.0,1.25,0.0,0.58,0.29,0.0,0.0,0.0,0.0,0.0,0.0,0.0,0.0,0.0,0.0,0.0,0.0,0.0,0.0,0.0,0.0,0.0,0.0,0.07,0.0,0.0,0.0,0.0,0.0,0.0,0.319,0.266,0.14209999999999945,4.689,145.0,1163.0
1,0.0,0.0,0.0,0.0,0.0,0.0,0.0,0.0,0.0,0.0,0.0,0.0,0.0,0.0,0.0,0.0,0.0,0.0,0.0,0.0,0.0,0.0,0.0,0.0,0.0,0.0,1.916999999999998,0.0,0.51,0.0,0.0,0.0,0.4669999999999982,0.0,0.0,0.0,0.0,0.0,0.0,0.0,0.0,0.0,0.0,0.0,0.0,0.0,0.0,0.0,0.341,0.0,0.0,0.14209999999999945,3.166,7.0,57.0
1,0.0,0.0,0.74,0.0,0.0,0.0,0.0,0.0,0.0,0.0,0.0,0.24,0.0,0.0,0.0,0.49,0.0,0.49,2.71,0.0,1.23,0.0,0.0,0.0,0.0,0.0,0.0,0.0,0.0,0.0,0.0,0.0,0.0,0.0,0.0,0.0,0.24,0.0,0.0,0.0,0.0,0.0,0.0,0.0,0.49,0.0,0.0,0.036,0.147,0.147,0.0,0.0,2.587,55.0,282.0
1,0.0,0.0,0.0,0.0,0.0,0.0,0.0,0.0,0.0,0.0,0.0,0.0,0.0,0.0,0.0,0.0,0.0,0.0,0.0,0.0,0.0,0.0,0.0,0.0,0.0,0.0,0.0,0.0,0.0,0.0,0.0,0.0,0.4669999999999982,0.0,0.0,0.0,0.0,0.0,0.0,0.0,0.0,0.0,0.0,0.0,0.0,0.0,0.0,0.0,0.537,0.0,0.0,0.0,1.903,17.0,59.0
1,0.0,0.0,0.4,0.0,0.0,0.0,0.0,0.0,0.0,0.0,0.0,0.0,0.0,0.0,0.0,0.0,0.0,0.0,0.8,0.0,0.0,0.0,0.0,0.4,0.0,0.0,0.0,0.0,0.0,0.0,0.0,0.0,0.0,0.0,0.0,0.0,0.0,0.0,0.0,0.0,0.0,0.0,0.0,0.0,0.4,0.4,0.0,0.0,0.0,0.0,0.0,0.0,1.372,5.0,70.0
2,0.43,0.0,0.0,0.0,0.87,0.64,0.0,0.0,0.0,0.43,0.0,2.18,0.0,0.0,0.0,0.0,0.91,0.0,0.87,0.0,0.87,0.0,0.0,0.43,0.0,0.0,0.0,0.0,0.0,0.0,0.0,0.0,0.0,0.0,0.0,0.43,0.0,0.0,0.0,0.0,0.0,0.0,0.0,0.0,0.0,0.0,0.0,0.0,0.0,0.835,0.0,0.0,5.114,107.0,179.0
2,0.52,0.6169999999999982,0.26,0.0,1.51,0.26,0.7839999999999964,0.26,0.0,0.79,0.38,1.58,0.65,0.0,0.0,0.0,0.0,1.19,3.16,0.0,0.79,0.0,0.0,0.0,0.0,0.0,0.0,0.0,0.0,0.0,0.0,0.0,0.0,0.0,0.0,0.0,0.0,0.0,0.0,0.0,0.0,0.0,0.0,0.0,0.0,0.0,0.0,0.0,0.138,0.046,0.0,0.0,2.934,60.0,135.0
1,0.0,0.0,0.0,0.0,0.0,0.0,0.0,0.0,0.0,0.0,0.0,0.0,0.0,0.0,0.0,0.0,0.0,0.0,1.62,0.0,0.81,0.0,0.0,0.0,0.81,0.0,1.916999999999998,0.0,0.0,0.0,0.0,0.0,0.0,0.0,0.0,0.0,0.81,0.0,0.53,0.0,0.0,0.0,0.31,0.0,0.0,0.0,0.0,0.0,0.135,0.406,0.0,0.135,1.958,17.0,94.0
1,0.0,0.0,0.0,0.0,0.35,0.0,0.0,0.0,0.0,0.35,0.0,0.0,0.0,0.0,0.0,0.0,0.0,0.0,2.1,0.0,0.7,0.0,0.0,0.0,2.8,1.05,1.4,0.35,0.35,0.35,0.32,0.0,0.0,0.07,0.35,0.35,0.7,0.0,0.0,0.35,0.0,0.0,0.31,0.0,0.7,0.0,0.0,0.0,0.233,0.0,0.0,0.0,1.746,13.0,145.0
2,0.0,0.0,0.0,0.0,0.0,0.27,0.0,0.0,0.67,0.0,0.0,0.27,0.0,0.0,0.0,0.0,0.0,0.0,0.0,0.0,0.0,0.0,0.0,0.0,0.0,0.0,0.0,0.54,0.0,0.0,0.0,0.0,0.0,0.0,0.0,0.54,0.0,0.0,0.53,0.0,0.0,0.0,0.0,0.0,0.0,0.0,0.0,0.037,0.226,0.037,0.0,0.0,2.666,33.0,208.0
1,0.0,0.0,0.0,0.0,0.0,0.0,0.0,0.0,0.0,0.0,0.0,0.0,0.0,0.0,0.0,0.0,0.0,0.0,0.0,0.0,0.0,0.0,0.0,0.0,0.0,0.0,0.42,0.0,0.0,0.0,0.0,0.0,0.0,0.0,0.0,0.0,0.0,0.0,0.0,0.0,0.0,0.0,0.0,0.0,0.0,0.0,0.0,0.0,0.34,0.0,0.0,0.0,4.382,28.0,298.0
2,0.41,0.0,0.41,0.0,0.0,0.0,0.41,0.0,0.0,0.0,0.38,0.0,0.41,0.0,0.0,0.0,0.0,0.0,2.05,0.0,1.23,0.0,0.0,0.41,0.0,0.0,0.0,0.0,0.0,0.0,0.0,0.0,0.41,0.0,0.0,0.0,0.41,0.0,0.0,0.0,0.0,0.0,0.0,0.0,0.0,0.0,0.0,0.0,0.067,0.067,0.0,0.0,1.863,14.0,41.0
2,0.0,0.0,0.0,0.0,0.0,0.32,0.0,0.0,0.0,0.0,0.0,0.0,0.0,0.0,0.0,0.0,0.91,0.0,0.0,0.0,0.0,0.0,0.0,0.0,0.0,0.0,0.0,0.0,0.0,0.7139999999999963,0.0,0.0,0.0,0.0,0.0,0.0,0.0,0.0,0.32,0.0,0.0,0.0,0.0,0.0,0.0,0.0,0.0,0.17069999999999982,0.27,0.0,0.0,0.0,2.0,14.0,178.0
1,0.0,0.0,0.0,0.0,0.0,0.0,0.0,0.0,0.0,1.32,0.0,0.0,0.0,0.0,0.0,0.0,0.0,0.0,4.0,0.0,0.0,0.0,0.0,0.0,0.0,0.0,0.0,0.0,0.0,0.0,0.0,0.0,0.0,0.0,0.0,0.0,0.0,0.0,0.0,0.0,0.0,0.0,0.0,0.0,0.0,0.0,0.0,0.0,0.0,0.0,0.0,0.0,1.0,1.0,9.0
2,0.0,0.0,0.36,0.0,0.73,0.0,0.0,0.0,0.0,0.73,0.0,0.36,0.0,0.0,0.0,0.0,0.0,0.0,0.73,0.0,0.0,0.0,0.0,0.0,0.0,0.0,0.0,0.36,0.0,0.0,0.0,0.0,0.0,0.0,0.0,0.0,0.0,0.0,0.0,0.0,0.0,0.0,0.0,0.0,0.0,0.36,0.0,0.0,0.0,0.0,0.0,0.0,2.13,12.0,228.0
2,0.0,0.0,0.58,0.0,0.0,0.0,0.0,0.29,0.0,0.0,0.0,0.0,0.29,0.0,0.0,0.0,0.29,0.58,2.91,0.35,1.74,0.0,0.0,0.29,0.0,0.0,0.0,0.0,0.0,0.0,0.0,0.0,0.0,0.0,0.0,0.0,0.0,0.0,0.0,0.0,0.0,0.0,0.0,0.0,0.0,0.0,0.0,0.0,0.43,1.1457999999999993,0.0,0.047,3.281,64.0,361.0
1,0.0,0.0,0.46,0.0,0.0,0.0,0.0,0.0,0.0,0.0,0.0,0.46,0.0,0.0,0.0,0.0,0.0,0.0,3.7,0.0,0.0,0.0,0.0,0.46,0.0,0.0,0.0,0.0,0.0,0.0,0.0,0.0,0.0,0.0,0.0,0.0,0.0,0.0,0.0,0.0,0.0,0.0,0.0,0.0,0.46,0.0,0.0,0.0,0.094,0.473,0.0,0.0,2.5,24.0,40.0
1,0.0,0.0,0.28,0.0,0.28,0.0,0.0,0.0,0.0,0.0,0.0,0.85,0.0,0.0,0.0,0.0,0.0,0.0,0.28,0.0,0.0,0.0,0.0,0.0,1.7,0.0,0.0,0.56,0.0,0.0,0.0,0.0,0.0,0.0,0.56,0.63,0.28,0.0,0.28,0.0,0.0,0.0,0.0,0.28,0.0,0.0,0.0,0.17069999999999982,0.074,0.0,0.0,0.0,1.958,55.0,190.0
1,0.0,0.0,0.0,0.0,0.0,0.0,0.0,0.0,0.0,0.0,0.0,1.25,0.0,0.0,0.0,0.0,0.0,0.0,1.25,0.0,0.0,0.0,0.0,0.0,0.0,0.0,0.0,0.0,0.51,0.0,0.0,0.0,0.0,0.0,0.0,0.0,0.0,0.0,0.0,0.0,0.0,0.0,0.0,0.0,0.0,0.0,0.0,0.0,0.537,0.0,0.0,0.0,1.687,4.0,27.0
1,0.0,0.0,0.0,0.0,0.0,0.0,0.0,0.0,0.0,0.0,0.0,0.0,0.0,0.0,0.0,0.0,0.0,0.0,0.0,0.0,0.0,0.0,0.0,0.0,0.0,0.0,0.0,0.0,0.0,0.0,0.0,0.0,0.0,0.0,0.0,0.0,0.0,0.0,0.0,0.0,0.0,0.0,0.0,0.0,0.0,0.0,0.0,0.0,0.439,0.0,0.219,0.0,1.911,11.0,65.0
2,0.16,0.0,0.67,0.0,0.33,0.16,0.33,0.6,0.16,0.5,0.33,1.51,0.0,0.0,0.0,0.0,0.91,0.33,2.02,0.35,3.14,0.0,0.0,0.33,0.0,0.0,0.0,0.0,0.0,0.0,0.0,0.0,0.0,0.0,0.0,0.0,0.0,0.0,0.0,0.16,0.0,0.0,0.0,0.0,0.0,0.0,0.0,0.0,0.218,1.118,0.054,0.0,4.928,63.0,621.0
1,0.0,0.6169999999999982,0.0,0.0,0.64,0.0,0.0,0.0,0.0,1.28,0.0,0.0,0.0,0.0,0.0,0.0,0.0,0.0,0.0,0.0,1.28,0.0,0.0,0.0,0.64,0.64,1.916999999999998,0.0,0.0,0.0,0.0,0.0,0.0,0.07,0.0,0.0,0.95,0.0,0.53,0.0,0.0,0.0,0.31,0.0,0.64,0.0,0.0,0.104,0.418,0.209,0.0,0.0,1.888,22.0,102.0
1,0.0,0.0,0.0,0.0,0.0,0.0,0.0,0.0,0.0,0.0,0.0,0.0,0.0,0.0,0.0,0.0,0.0,0.0,0.0,0.0,0.0,0.0,0.0,0.0,0.0,0.0,1.916999999999998,0.0,0.51,0.0,0.0,0.0,0.4669999999999982,0.0,0.0,0.0,0.0,0.0,0.0,0.0,0.0,0.0,0.0,0.0,0.0,0.0,0.0,0.0,0.337,0.0,0.0,0.14209999999999945,2.95,7.0,59.0
1,0.19,0.0,0.0,0.0,0.0,0.0,0.0,0.0,0.0,0.0,0.0,0.96,0.38,0.0,0.0,0.0,0.58,0.0,0.0,0.0,0.0,0.0,0.38,0.0,3.183999999999996,0.0,0.0,0.0,0.0,0.0,0.0,0.0,0.0,0.0,0.0,0.19,0.19,0.0,0.0,0.0,0.0,0.0,0.0,0.0,0.0,0.0,0.0,0.027,0.108,0.0,0.108,0.0,2.634,23.0,303.0
1,0.0,0.0,0.0,0.0,0.0,0.0,0.0,0.0,0.0,0.0,0.0,0.0,0.0,0.0,0.0,0.0,0.0,0.0,0.0,0.0,0.0,0.0,0.0,0.0,3.183999999999996,0.0,0.0,0.0,0.0,0.0,0.0,0.0,0.0,0.0,0.0,0.0,0.0,0.0,0.0,0.0,0.0,0.0,0.0,0.0,0.0,0.0,0.0,0.0,0.0,0.0,0.0,0.0,5.0,17.0,20.0
1,0.0,0.0,0.0,0.0,0.0,0.0,0.0,0.0,0.0,0.0,0.0,1.03,0.0,0.0,0.0,0.0,0.0,0.0,3.09,0.0,0.0,0.0,0.0,0.0,1.03,0.0,0.0,0.0,0.0,0.7139999999999963,0.0,0.0,0.0,0.0,0.0,0.0,0.0,0.0,0.0,0.0,0.0,0.0,0.0,0.0,1.03,0.0,0.0,0.0,0.0,0.0,0.0,0.0,1.666,7.0,25.0
1,0.0,0.0,0.0,0.0,0.0,0.0,0.0,0.0,0.0,0.97,0.0,0.0,0.0,0.0,0.0,0.0,0.0,0.0,0.0,0.0,0.0,0.0,0.0,0.0,0.0,0.0,0.97,0.0,0.0,0.0,0.0,0.0,0.0,0.0,0.0,0.0,0.0,0.0,0.0,0.0,0.0,0.0,0.0,0.0,0.0,0.0,0.0,0.0,0.491,0.0,0.0,0.0,4.312,33.0,138.0
1,0.0,0.0,0.0,0.0,0.0,0.0,0.0,0.0,0.0,0.0,0.0,0.0,0.0,0.0,0.0,0.0,0.0,0.0,4.76,0.0,0.0,0.0,0.0,0.0,0.0,0.0,0.0,0.0,0.0,0.0,0.0,0.0,0.0,0.0,0.0,0.0,0.0,0.0,0.0,0.0,0.0,0.0,0.0,0.0,1.44,0.0,0.0,0.0,0.0,0.0,0.0,0.0,1.142,2.0,9.0
1,0.0,0.0,0.0,0.0,0.0,0.0,0.0,0.0,0.0,0.0,0.0,0.0,0.0,0.0,0.0,0.0,0.0,0.0,0.0,0.0,0.0,0.0,0.0,0.0,0.0,0.0,0.0,0.0,0.0,0.0,0.0,0.0,0.0,0.0,0.0,0.0,0.0,0.0,0.0,0.0,0.0,0.0,0.0,0.0,0.0,0.0,0.0,0.0,0.0,0.0,0.0,0.0,1.666,3.0,10.0
2,0.0,0.0,0.0,0.0,0.0,0.0,0.0,0.0,0.0,0.0,0.0,0.0,0.0,0.0,0.0,1.16,0.0,0.0,0.77,0.0,0.0,0.0,0.0,0.0,0.0,0.0,0.0,0.0,0.0,0.0,0.0,0.0,0.0,0.0,0.0,0.0,0.0,0.0,0.0,0.0,0.0,0.0,0.0,0.0,0.0,0.0,0.0,0.17069999999999982,0.0,0.215,0.0,0.14209999999999945,7.552,43.0,506.0
1,0.0,0.0,0.0,0.0,1.49,0.0,0.0,0.0,0.0,0.0,0.0,0.0,0.0,0.0,0.0,0.0,0.0,0.0,1.49,0.0,0.0,0.0,0.0,0.0,3.183999999999996,1.7939999999999965,0.0,0.85,0.0,0.0,0.0,0.0,0.0,0.0,0.66,0.0,0.0,0.0,0.0,0.0,0.0,0.0,0.0,0.0,1.44,0.0,0.0,0.0,0.229,0.0,0.0,0.0,2.333,10.0,49.0
2,0.09,0.49,0.59,0.0,0.39,0.19,0.0,0.0,0.09,0.39,0.0,1.58,0.19,0.0,0.0,0.0,0.09,0.0,3.75,0.0,1.08,0.0,0.0,0.19,0.0,0.0,0.0,0.0,0.0,0.0,0.0,0.0,0.0,0.0,0.0,0.0,0.0,0.0,0.0,0.0,0.0,0.0,0.0,0.0,0.0,0.0,0.0,0.17069999999999982,0.037,1.1457999999999993,0.38239999999999963,0.0,5.781,54.0,740.0
2,0.0,0.0,0.0,0.0,1.51,0.0,0.7839999999999964,0.0,0.0,0.0,0.0,0.0,0.0,0.0,0.0,0.0,0.0,0.0,1.56,0.0,0.0,0.0,0.0,0.0,0.0,0.0,0.0,0.0,0.0,0.0,0.0,0.0,0.0,0.0,0.0,0.0,0.0,0.0,0.0,0.0,0.0,0.0,0.0,0.0,0.0,0.0,0.0,0.0,0.0,0.767,0.255,0.0,8.083,81.0,97.0
1,0.0,0.0,0.0,0.0,0.0,0.0,0.0,0.0,0.0,0.0,0.0,2.22,0.0,0.0,0.0,0.0,0.0,0.0,0.0,0.0,0.0,0.0,0.0,0.0,1.78,1.78,0.0,0.0,0.0,0.0,0.32,0.0,0.0,0.0,0.0,0.0,0.0,0.0,0.0,0.0,0.0,0.0,0.0,0.2869999999999982,0.0,0.0,0.0,0.0,0.0,0.0,0.0,0.14209999999999945,2.227,14.0,49.0
1,0.0,0.0,0.0,0.0,0.0,0.0,0.0,0.0,0.0,0.0,0.0,0.0,0.0,0.0,0.0,0.0,0.0,0.0,0.0,0.0,0.0,0.0,0.0,0.0,0.0,0.0,0.54,0.0,0.51,0.0,0.0,0.0,0.0,0.0,0.0,0.0,0.0,0.0,0.0,0.0,0.0,0.0,0.0,0.0,0.0,0.0,0.0,0.0,0.453,0.0,0.0,0.09,4.037,28.0,214.0
2,0.0,0.23,0.47,0.0,1.18,0.0,0.23,0.0,0.67,0.7,0.0,0.47,0.23,0.0,0.0,0.23,0.7,0.0,2.83,0.0,1.89,0.0,0.0,0.47,0.0,0.0,0.0,0.0,0.0,0.0,0.0,0.0,0.0,0.0,0.0,0.0,0.0,0.0,0.0,0.0,0.0,0.0,0.0,0.0,0.0,0.0,0.0,0.0,0.0,0.072,0.108,0.0,2.438,20.0,178.0
2,0.0,0.0,0.0,0.0,0.0,0.64,0.0,0.0,0.0,1.12,0.0,0.0,0.0,0.0,0.0,0.0,0.0,1.12,2.24,0.0,1.12,0.0,0.73,0.0,0.0,0.0,0.0,0.0,0.0,0.0,0.0,0.0,0.0,0.0,0.0,0.0,0.0,0.0,0.0,0.0,0.0,0.0,0.0,0.0,0.0,0.0,0.0,0.0,0.375,0.0,0.38239999999999963,0.0,3.75,14.0,45.0
2,0.0,0.0,0.0,0.0,0.43,0.0,0.0,0.0,0.0,0.65,0.0,0.0,0.0,0.0,0.0,0.43,0.0,0.21,0.21,0.0,0.43,0.0,0.0,0.0,0.21,0.21,0.0,0.0,0.0,0.0,0.0,0.0,0.0,0.0,0.0,0.0,0.0,0.0,0.0,0.0,0.0,0.0,0.0,0.0,0.0,0.0,0.0,0.0,0.0,0.146,0.146,0.14209999999999945,6.233,99.0,642.0
1,0.0,0.0,0.0,0.0,0.0,0.0,0.0,0.0,0.0,0.0,0.0,0.0,0.0,0.0,0.0,0.0,0.0,0.0,0.0,0.0,2.27,0.0,0.0,0.0,0.0,0.0,1.916999999999998,0.0,0.0,0.0,0.0,0.0,0.0,0.0,0.0,0.0,0.0,0.0,0.0,0.0,0.0,0.0,0.0,0.0,0.0,0.0,0.0,0.0,0.0,0.0,0.0,0.0,1.052,2.0,20.0
1,0.0,0.0,0.0,0.0,0.0,0.0,0.0,0.0,0.0,0.0,0.0,2.22,0.0,0.0,0.0,0.0,0.0,1.19,1.78,0.0,0.0,0.0,0.0,0.0,1.78,0.0,0.0,0.85,0.0,0.0,0.0,0.0,0.4669999999999982,0.0,0.66,0.0,0.95,0.0,0.0,0.0,0.0,0.0,0.0,0.0,0.0,0.0,0.0,0.0,0.319,0.0,0.0,0.0,2.391,10.0,55.0
1,0.0,0.0,0.0,0.0,0.0,0.0,0.0,0.0,0.0,0.0,0.0,0.0,0.0,0.0,0.0,0.0,0.0,0.0,0.0,0.0,0.0,0.0,0.0,0.0,0.0,0.0,1.916999999999998,0.0,0.0,0.0,0.0,0.0,0.0,0.0,0.0,0.0,0.0,0.0,0.0,0.0,0.0,0.0,0.0,0.0,0.0,0.0,0.0,0.0,0.0,0.0,0.0,0.0,1.0,1.0,9.0
1,0.6569999999999983,0.0,0.81,0.0,0.81,0.0,0.0,0.0,0.0,0.0,0.0,0.81,0.0,0.0,0.0,0.0,0.0,0.0,1.62,0.0,1.62,0.0,0.0,0.0,0.81,0.0,0.0,0.0,0.0,0.0,0.0,0.0,0.0,0.0,0.66,0.0,0.0,0.0,0.0,0.0,0.0,0.61,0.0,0.0,0.0,0.0,0.0,0.0,0.123,0.37,0.0,0.0,5.375,69.0,129.0
2,0.0,0.0,0.0,0.0,0.0,0.0,0.0,0.0,0.0,0.0,0.0,0.0,0.65,0.0,0.0,0.0,0.0,0.0,2.63,0.0,1.75,0.0,0.73,0.0,0.0,0.0,0.0,0.0,0.0,0.0,0.0,0.0,0.0,0.0,0.0,0.0,0.0,0.0,0.0,0.0,0.0,0.0,0.0,0.0,0.0,0.0,0.0,0.144,0.0,1.1457999999999993,0.0,0.0,9.018899999999988,70.0,195.0
2,0.0,0.0,0.68,0.0,0.0,0.0,0.0,0.6,0.0,0.0,0.38,0.68,0.0,0.0,0.0,0.0,0.0,0.0,3.4,0.0,1.36,0.0,0.68,0.5769999999999982,0.0,0.0,0.0,0.0,0.0,0.0,0.0,0.0,0.0,0.0,0.0,0.0,0.0,0.0,0.0,0.0,0.0,0.0,0.0,0.0,0.0,0.0,0.0,0.0,0.0,0.238,0.238,0.0,2.232,19.0,96.0
1,0.0,0.0,1.29,0.0,1.51,0.0,0.0,0.0,0.0,0.0,0.0,0.0,0.0,0.0,0.0,0.0,0.0,0.0,2.04,0.0,0.0,0.0,0.0,0.0,0.0,0.0,0.0,0.0,0.0,0.0,0.0,0.0,0.0,0.0,0.0,0.0,0.0,0.0,0.0,0.0,0.0,0.61,0.0,0.0,0.0,0.0,0.0,0.0,0.537,0.0,0.0,0.0,1.1,2.0,11.0
1,0.07,0.0,0.29,0.0,0.07,0.07,0.0,0.0,0.67,0.0,0.0,0.22,0.0,0.07,0.0,0.0,0.0,0.07,0.29,0.0,0.22,0.0,0.0,0.0,0.67,0.74,0.07,0.0,0.0,0.0,0.0,0.0,0.4669999999999982,0.0,0.0,0.0,0.59,0.0,0.0,0.0,0.0,0.0,0.07,0.0,0.0,0.0,0.0,0.163,0.228,0.0,0.021,0.0,3.03,45.0,706.0
2,0.6569999999999983,0.6169999999999982,0.0,0.0,0.0,0.0,0.0,0.0,0.0,0.0,0.0,0.0,0.0,0.0,0.0,1.36,0.0,1.19,0.0,0.0,3.14,0.0,0.0,0.5769999999999982,0.0,0.0,0.0,0.0,0.0,0.0,0.0,0.0,0.0,0.0,0.0,0.0,0.0,0.0,0.0,0.0,0.0,0.0,0.0,0.0,0.0,0.0,0.0,0.0,0.0,1.1457999999999993,0.0,0.0,1.428,4.0,10.0
2,0.6569999999999983,0.0,0.0,0.0,1.51,0.0,0.0,0.0,0.0,0.0,0.0,0.0,0.0,0.0,0.0,0.8,0.0,0.0,3.22,0.0,1.61,0.0,0.0,0.0,0.0,0.0,0.0,0.0,0.0,0.0,0.0,0.0,0.0,0.0,0.0,0.0,0.8,0.0,0.0,0.0,0.0,0.0,0.0,0.0,0.0,0.0,0.0,0.0,0.0,0.511,0.0,0.0,2.909,20.0,64.0
2,0.0,0.0,0.46,0.0,0.0,0.0,0.46,0.0,0.0,0.0,0.38,0.0,0.0,0.0,0.0,0.0,0.0,1.19,1.87,0.0,0.0,0.0,0.46,0.0,0.0,0.0,0.0,0.0,0.0,0.0,0.0,0.0,0.0,0.0,0.0,0.0,0.0,0.0,0.0,0.0,0.0,0.0,0.0,0.0,0.46,0.0,0.0,0.0,0.0,0.0,0.0,0.0,2.676,32.0,91.0
1,0.0,0.0,0.0,0.0,0.0,0.0,0.0,0.0,0.0,0.0,0.0,0.0,0.0,0.0,0.0,0.0,0.0,0.0,0.0,0.0,0.0,0.0,0.0,0.0,0.0,0.0,0.54,0.0,0.51,0.0,0.0,0.0,0.0,0.0,0.0,0.0,0.0,0.0,0.0,0.0,0.0,0.0,0.0,0.0,0.0,0.0,0.0,0.0,0.176,0.0,0.0,0.088,4.25,28.0,238.0
1,0.0,0.0,0.0,0.0,0.0,0.0,0.0,0.0,0.0,0.0,0.0,0.0,0.0,0.0,0.0,0.0,0.0,0.0,0.0,0.0,0.0,0.0,0.0,0.0,0.0,0.0,0.0,0.0,0.0,0.0,0.0,0.0,0.0,0.0,0.0,0.0,0.0,0.0,0.0,0.0,0.0,0.0,0.0,0.0,0.0,0.0,0.0,0.0,0.0,0.0,0.0,0.0,1.222,2.0,11.0
1,0.0,0.0,0.0,0.0,0.0,0.0,0.0,0.0,0.0,0.0,0.0,1.58,0.0,0.0,0.0,0.0,0.0,0.0,0.79,0.0,0.79,0.0,0.0,0.0,0.0,0.0,0.0,0.0,0.0,0.0,0.0,0.0,0.0,0.0,0.0,0.0,0.0,0.0,0.0,0.0,0.0,0.0,0.31,0.0,0.0,0.0,0.0,0.124,0.124,0.0,0.0,0.0,1.8,8.0,45.0
1,0.0,0.0,0.0,0.0,0.0,0.0,0.0,0.0,0.0,0.0,0.0,0.0,0.0,0.0,0.0,0.0,0.0,0.0,0.0,0.0,0.0,0.0,0.0,0.0,0.0,0.0,0.0,0.0,0.0,0.0,0.0,0.0,0.0,0.0,0.0,0.0,0.0,0.0,0.0,0.0,0.0,0.0,0.0,0.0,1.44,0.0,0.0,0.0,0.537,0.0,0.0,0.0,1.5,5.0,15.0
1,0.0,0.0,0.0,0.0,0.0,0.0,0.0,0.0,0.0,0.0,0.0,0.0,0.0,0.0,0.0,0.0,0.0,0.0,1.16,0.0,0.0,0.0,0.0,0.0,0.0,0.0,1.16,0.0,0.0,0.0,0.0,0.0,0.0,0.0,0.0,0.0,0.0,0.0,0.0,0.0,0.0,0.0,0.0,0.0,1.16,0.0,0.0,0.0,0.0,1.1457999999999993,0.0,0.0,1.066,2.0,16.0
1,0.0,0.0,0.0,0.0,0.0,0.0,0.0,0.0,0.0,0.0,0.0,0.0,0.0,0.0,0.0,0.0,0.0,0.0,0.0,0.0,0.0,0.0,0.0,0.0,0.0,0.0,0.0,0.0,0.0,0.0,0.0,0.0,0.0,0.0,0.0,0.0,0.0,0.0,0.0,0.0,0.0,0.0,0.0,0.0,0.0,0.0,0.0,0.0,0.537,0.271,0.0,0.0,3.0,18.0,72.0
2,0.6569999999999983,0.0,0.77,0.0,1.51,0.0,0.0,0.0,0.0,0.0,0.0,0.77,0.0,0.0,0.0,0.77,0.0,0.0,2.32,0.0,0.77,0.0,0.0,0.5769999999999982,0.0,0.0,0.0,0.0,0.0,0.0,0.0,0.0,0.0,0.0,0.0,0.0,0.0,0.0,0.0,0.0,0.0,0.0,0.0,0.0,0.0,0.0,0.0,0.0,0.134,0.671,0.0,0.0,9.018899999999988,156.39999999999964,518.0
2,0.0,0.0,0.16,0.0,0.33,0.0,0.16,0.0,0.5,0.0,0.16,0.0,0.0,0.0,0.0,0.5,0.0,1.19,0.66,0.0,0.0,0.0,0.0,0.0,0.33,0.0,0.0,0.0,0.0,0.0,0.0,0.0,0.0,0.0,0.0,0.0,0.0,0.0,0.0,0.0,0.0,0.0,0.0,0.0,0.0,0.0,0.0,0.0,0.088,0.884,0.38239999999999963,0.022,5.328,47.0,1087.0
2,0.0,0.0,0.0,0.0,0.0,0.0,0.0,0.0,0.0,0.0,0.0,0.0,0.0,0.0,0.0,0.0,0.0,0.0,0.0,0.0,0.0,0.0,0.0,0.0,0.0,0.0,0.0,0.0,0.0,0.0,0.0,0.0,0.0,0.0,0.0,0.0,0.0,0.0,0.0,0.0,0.0,0.0,0.0,0.0,1.17,0.0,0.0,0.0,0.407,0.203,0.38239999999999963,0.0,4.133,17.0,62.0
2,0.08,0.08,0.76,0.0,0.85,0.64,0.25,0.17,0.59,0.08,0.17,0.59,0.17,0.0,0.16,0.25,0.08,0.93,1.61,0.17,0.42,0.0,0.73,0.08,0.0,0.0,0.0,0.0,0.0,0.0,0.0,0.0,0.0,0.0,0.0,0.0,0.0,0.0,0.0,0.08,0.0,0.0,0.17,0.08,0.08,0.08,0.0,0.0,0.065,0.408,0.118,0.013,7.55,156.39999999999964,1179.3999999999996
1,0.0,0.0,0.0,0.0,0.0,0.0,0.0,0.0,0.0,0.0,0.0,0.0,0.0,0.0,0.0,0.0,0.0,0.0,4.76,0.0,0.0,0.0,0.0,0.0,0.0,0.0,0.0,0.0,0.0,0.0,0.0,0.0,0.0,0.0,0.0,0.0,0.0,0.0,0.0,0.0,0.0,0.0,0.0,0.0,1.44,0.0,0.0,0.0,0.537,0.0,0.0,0.0,1.25,2.0,9.0
2,0.0,0.0,1.16,0.0,1.51,0.0,0.0,0.58,0.58,0.0,0.0,0.58,0.0,0.0,0.0,1.36,0.0,0.0,1.16,0.0,3.14,0.0,0.0,0.5769999999999982,0.0,0.0,0.0,0.0,0.0,0.0,0.0,0.0,0.0,0.0,0.0,0.0,0.0,0.0,0.0,0.0,0.0,0.0,0.0,0.0,0.0,0.0,0.0,0.0,0.082,0.165,0.082,0.0,2.17,12.0,102.0
1,0.36,0.36,0.0,0.0,1.51,0.0,0.0,0.0,0.0,0.0,0.0,1.44,0.0,0.0,0.0,0.0,0.72,0.0,0.36,0.0,1.08,0.0,0.0,0.0,1.8,0.0,0.0,0.0,0.51,0.36,0.0,0.0,0.0,0.0,0.0,0.0,0.36,0.0,0.0,0.0,0.0,0.0,0.0,0.0,0.0,0.0,0.0,0.0,0.0,0.0,0.0,0.0,1.636,12.0,54.0
2,0.0,0.19,0.0,0.0,0.68,0.09,0.09,0.0,0.29,0.09,0.38,0.77,0.09,0.17,0.0,0.58,0.87,0.19,3.21,0.0,2.43,0.0,0.0,0.09,0.0,0.0,0.0,0.0,0.0,0.0,0.0,0.0,0.0,0.0,0.0,0.0,0.29,0.0,0.0,0.0,0.0,0.0,0.0,0.0,0.0,0.0,0.0,0.0,0.03,0.06,0.045,0.0,1.597,20.0,329.0
2,0.33,0.6169999999999982,0.67,0.0,0.67,0.33,0.67,0.0,0.33,0.0,0.16,0.84,0.16,0.0,0.0,0.67,0.0,0.5,3.03,0.33,2.18,0.0,0.0,0.0,0.0,0.0,0.0,0.0,0.0,0.0,0.0,0.0,0.33,0.0,0.0,0.0,0.0,0.0,0.0,0.0,0.0,0.0,0.0,0.0,0.0,0.0,0.0,0.0,0.183,0.156,0.104,0.026,6.5,156.39999999999964,858.0
1,0.0,0.0,0.0,0.0,0.0,0.0,0.0,0.0,0.0,0.0,0.0,0.0,0.0,0.0,0.0,0.0,0.0,0.0,1.47,0.0,0.0,0.0,0.0,0.0,0.0,0.0,0.0,0.0,0.0,0.0,0.0,0.0,0.0,0.0,0.0,0.0,0.0,0.0,0.0,0.0,0.0,0.61,0.0,0.0,0.0,1.166999999999998,0.0,0.0,0.335,0.0,0.0,0.14209999999999945,2.652,11.0,61.0
1,0.0,0.0,0.0,0.0,0.0,0.0,0.0,0.0,0.0,0.0,0.0,0.91,0.0,0.0,0.0,0.0,0.91,0.0,2.75,0.0,0.0,0.0,0.0,0.0,1.83,0.0,0.0,0.0,0.0,0.0,0.0,0.0,0.0,0.0,0.0,0.0,0.91,0.0,0.0,0.0,0.0,0.61,0.0,0.0,0.0,0.0,0.0,0.17069999999999982,0.0,0.301,0.0,0.0,1.942,8.0,68.0
1,0.0,0.0,0.0,0.0,0.0,0.0,0.0,0.0,0.0,0.0,0.0,0.0,0.0,0.0,0.0,0.0,0.0,1.19,0.0,0.0,0.0,0.0,0.0,0.0,1.66,1.66,0.0,0.85,0.0,0.0,0.0,0.0,0.0,0.0,0.66,0.0,0.0,0.0,0.0,0.0,0.0,0.0,0.0,0.0,0.0,0.0,0.0,0.0,0.0,0.0,0.0,0.14209999999999945,4.052,22.0,77.0
2,0.0,0.0,0.0,0.0,0.0,0.0,0.76,0.0,0.0,0.0,0.0,0.0,0.65,0.0,0.0,0.0,0.0,0.0,0.76,0.35,0.0,0.0,0.0,0.0,0.0,0.0,0.0,0.0,0.0,0.0,0.0,0.0,0.0,0.0,0.0,0.0,0.0,0.0,0.0,0.0,0.0,0.0,0.31,0.0,0.0,0.0,0.0,0.0,0.0,0.274,0.0,0.0,9.018899999999988,110.0,309.0
1,0.0,0.0,0.0,0.0,0.0,0.0,0.0,0.0,0.0,0.0,0.0,0.0,0.0,0.0,0.0,0.0,0.0,0.0,0.0,0.0,0.0,0.0,0.0,0.0,1.53,1.7939999999999965,0.0,0.0,0.0,0.0,0.0,0.0,0.0,0.0,0.0,0.0,0.95,0.0,0.0,0.0,0.0,0.0,0.0,0.0,0.0,0.0,0.0,0.0,0.0,0.0,0.0,0.0,1.714,6.0,36.0
1,0.0,0.0,0.0,0.0,0.13,0.0,0.0,0.55,0.0,0.0,0.0,0.13,0.13,0.0,0.0,0.0,0.27,0.0,0.0,0.0,0.0,0.0,0.41,0.0,2.79,0.0,0.0,0.0,0.0,0.0,0.0,0.0,0.0,0.0,0.0,0.13,0.27,0.0,0.0,0.0,0.0,0.0,0.0,0.0,0.0,0.0,0.0,0.071,0.143,0.0,0.053,0.0,2.662,22.0,418.0
1,0.0,0.0,0.0,0.0,0.93,0.0,0.0,0.0,0.0,0.93,0.0,0.46,0.0,0.0,0.0,0.0,0.0,0.0,1.4,0.0,0.0,0.0,0.0,0.0,3.183999999999996,1.7939999999999965,0.93,0.46,0.51,0.46,0.32,0.0,0.0,0.07,0.46,0.46,0.46,0.0,0.0,0.39,0.0,0.0,0.31,0.0,0.93,0.0,0.0,0.0,0.2,0.0,0.0,0.0,5.593,42.0,330.0
1,0.0,0.0,0.0,0.0,0.0,0.0,0.0,0.0,0.0,0.0,0.0,0.0,0.0,0.0,0.0,0.0,0.0,0.0,0.0,0.0,0.0,0.0,0.0,0.0,0.0,0.0,1.916999999999998,0.0,0.0,0.0,0.0,0.0,0.0,0.0,0.0,0.0,0.0,0.0,0.0,0.0,0.0,0.0,0.0,0.0,0.0,0.0,0.0,0.0,0.537,0.0,0.0,0.0,3.0,7.0,48.0
1,0.0,0.0,0.0,0.0,0.0,0.0,0.0,0.0,0.0,0.0,0.0,0.0,0.0,0.0,0.0,0.0,0.0,0.0,3.03,0.0,0.0,0.0,0.0,0.0,0.0,0.0,1.916999999999998,0.0,0.0,0.0,0.0,0.0,0.0,0.0,0.0,0.0,0.0,0.0,0.0,0.0,0.0,0.0,0.0,0.0,1.44,0.0,0.0,0.0,0.0,0.0,0.0,0.0,1.272,4.0,14.0
1,0.0,0.0,0.0,0.0,0.0,0.0,0.0,0.0,0.0,0.0,0.0,0.0,0.0,0.0,0.0,0.0,0.0,0.0,0.0,0.0,0.0,0.0,0.0,0.0,3.183999999999996,0.0,0.0,0.0,0.0,0.0,0.0,0.0,0.0,0.0,0.0,0.0,0.0,0.0,0.0,0.0,0.0,0.0,0.0,0.0,0.0,0.0,0.0,0.0,0.0,0.396,0.0,0.14209999999999945,2.533,10.0,38.0
1,0.0,0.0,0.0,0.0,0.3,0.0,0.0,0.0,0.0,0.0,0.0,0.3,0.65,0.0,0.0,0.0,0.6,0.0,1.21,0.0,0.3,0.0,0.0,0.0,0.0,0.0,1.21,0.0,0.0,0.0,0.0,0.0,0.0,0.0,0.0,0.0,0.3,0.0,0.3,0.0,0.0,0.6,0.3,0.0,0.6,0.0,0.0,0.0,0.042,0.042,0.042,0.0,1.183,13.0,168.0
2,0.0,0.42,0.42,0.0,1.27,0.0,0.42,0.0,0.0,1.27,0.0,0.0,0.0,0.0,0.0,1.27,0.0,0.0,1.7,0.35,1.27,0.0,0.0,0.42,0.0,0.0,0.0,0.0,0.0,0.0,0.0,0.0,0.0,0.0,0.0,0.0,0.95,0.0,0.0,0.39,0.0,0.0,0.0,0.0,0.0,0.0,0.0,0.0,0.063,0.572,0.063,0.0,5.659,55.0,249.0
1,0.0,0.0,0.0,0.0,0.33,0.0,0.0,0.0,0.0,0.0,0.0,0.33,0.0,0.0,0.0,0.33,0.0,0.33,0.33,0.0,0.33,0.0,0.0,0.0,0.99,0.33,0.0,0.66,0.0,0.33,0.0,0.0,0.0,0.0,0.33,0.0,0.0,0.0,0.0,0.0,0.0,0.0,0.0,0.2869999999999982,0.0,0.0,0.0,0.0,0.13,0.0,0.0,0.0,2.016,19.0,125.0
2,0.0,0.0,0.42,0.0,0.0,0.0,0.0,0.0,0.0,0.0,0.0,0.85,0.0,0.0,0.0,0.85,0.0,0.85,4.7,0.0,0.85,0.0,0.0,0.0,0.0,0.0,0.0,0.0,0.0,0.0,0.0,0.0,0.0,0.0,0.0,0.0,0.42,0.0,0.0,0.0,0.0,0.0,0.0,0.0,0.0,0.0,0.0,0.0,0.082,0.0,0.082,0.14209999999999945,7.17,42.0,294.0
1,0.23,0.0,0.47,0.0,0.0,0.0,0.23,0.0,0.0,0.47,0.0,0.0,0.0,0.0,0.0,0.0,0.0,0.0,1.17,0.0,0.23,0.0,0.0,0.0,1.64,0.7,0.7,0.85,0.23,0.23,0.23,0.0,0.0,0.07,0.23,0.63,0.47,0.0,0.23,0.23,0.0,0.0,0.31,0.0,0.7,0.0,0.0,0.0,0.237,0.0,0.0,0.0,2.42,12.0,334.0
1,0.0,0.6169999999999982,0.0,0.0,0.0,0.0,0.0,0.0,0.0,1.28,0.0,0.0,0.0,0.0,0.0,0.0,0.0,0.0,4.76,0.0,0.0,0.0,0.0,0.0,0.0,0.0,0.0,0.0,0.0,0.0,0.0,0.0,0.0,0.0,0.0,0.0,0.0,0.0,0.0,0.0,0.0,0.0,0.0,0.2869999999999982,1.28,0.0,0.0,0.0,0.0,0.0,0.0,0.0,2.105,21.0,40.0
2,0.0,0.0,0.32,0.0,0.65,0.64,0.32,0.32,0.0,0.0,0.0,0.32,0.32,0.0,0.0,0.32,0.32,0.0,2.28,0.0,3.14,0.0,0.0,0.32,0.0,0.0,0.0,0.0,0.0,0.0,0.0,0.0,0.0,0.0,0.0,0.0,0.0,0.0,0.0,0.0,0.0,0.0,0.0,0.0,0.32,0.0,0.0,0.0,0.104,0.0,0.157,0.052,1.537,10.0,143.0
1,0.0,0.0,0.65,0.0,0.32,0.0,0.0,0.0,0.0,0.0,0.0,0.32,0.0,0.0,0.0,0.0,0.0,0.0,0.0,0.0,0.0,0.0,0.0,0.0,0.0,0.0,0.0,0.0,0.0,0.0,0.0,0.0,0.0,0.0,0.0,0.0,0.0,0.0,0.0,0.0,0.0,0.0,0.0,0.0,0.0,0.0,0.0,0.0,0.061,0.061,0.0,0.0,1.392,11.0,71.0
1,0.0,0.0,0.0,0.0,0.0,0.0,0.0,0.0,0.0,0.0,0.0,2.22,0.0,0.0,0.0,0.0,0.0,0.0,3.03,0.0,0.0,0.0,0.0,0.0,0.0,0.0,0.0,0.0,0.0,0.0,0.0,0.0,0.0,0.0,0.0,0.0,0.0,0.0,0.0,0.0,0.0,0.0,0.0,0.0,0.0,0.0,0.0,0.0,0.0,0.473,0.0,0.0,1.687,5.0,27.0
2,0.0,0.0,0.0,0.0,0.0,0.0,0.0,0.0,0.0,0.0,0.0,0.0,0.0,0.0,0.0,0.0,0.0,0.0,4.76,0.0,0.0,0.0,0.0,0.0,0.0,0.0,0.0,0.0,0.0,0.0,0.0,0.0,0.0,0.0,0.0,0.0,0.0,0.0,0.0,0.0,0.0,0.0,0.0,0.0,1.44,0.0,0.0,0.0,0.0,1.1457999999999993,0.0,0.0,4.466,10.0,134.0
2,0.0,0.0,0.19,0.0,0.0,0.0,0.19,0.0,0.0,0.0,0.0,0.19,0.0,0.09,0.0,0.0,0.0,0.09,0.19,0.0,0.09,0.0,0.0,0.0,0.09,0.0,0.0,0.0,0.0,0.0,0.0,0.0,0.19,0.0,0.0,0.0,0.0,0.0,0.19,0.0,0.0,0.0,0.0,0.0,0.0,0.0,0.0,0.015,0.137,0.061,0.0,0.0,3.626,44.0,990.0
1,0.0,0.0,0.0,0.0,0.0,0.0,0.0,0.0,0.0,0.0,0.0,0.0,0.0,0.0,0.0,0.0,0.0,0.0,0.53,0.0,0.0,0.0,0.0,0.0,0.0,0.0,0.0,0.0,0.0,0.0,0.0,0.0,0.0,0.0,0.0,0.0,0.95,0.0,0.0,0.0,0.0,0.0,0.0,0.0,1.06,1.166999999999998,0.0,0.0,0.322,0.0,0.0,0.129,2.6,18.0,182.0
1,0.6569999999999983,0.0,0.0,0.0,0.0,0.0,0.0,0.0,0.0,0.0,0.0,0.0,0.65,0.0,0.0,0.0,0.0,0.0,1.37,0.0,2.06,0.0,0.0,0.0,0.0,0.0,1.37,0.0,0.0,0.0,0.0,0.0,0.0,0.0,0.0,0.0,0.0,0.0,0.0,0.0,0.0,0.0,0.31,0.0,0.0,0.0,0.0,0.0,0.332,0.0,0.0,0.0,1.125,2.0,18.0
2,0.6569999999999983,0.39,0.59,0.0,0.0,0.64,0.19,0.19,0.67,0.39,0.0,0.98,0.0,0.17,0.0,0.98,0.0,0.0,2.56,0.35,1.38,0.0,0.0,0.5769999999999982,0.0,0.0,0.0,0.0,0.0,0.0,0.0,0.0,0.0,0.0,0.0,0.0,0.0,0.0,0.0,0.0,0.0,0.0,0.0,0.0,0.0,0.0,0.0,0.0,0.231,0.745,0.308,0.025,6.652,76.0,632.0
1,0.0,0.0,0.0,0.0,0.0,0.0,0.0,0.0,0.0,0.0,0.0,2.22,0.0,0.0,0.0,0.0,0.0,0.0,0.0,0.0,0.0,0.0,0.0,0.0,0.0,0.0,0.0,0.0,0.0,0.0,0.0,0.0,0.0,0.0,0.0,0.0,0.0,0.0,0.0,0.0,0.0,0.0,0.0,0.0,0.0,0.0,0.0,0.0,0.0,0.546,0.0,0.0,2.0,4.0,16.0
2,0.0,0.0,0.0,0.0,1.29,0.0,0.0,0.0,0.0,0.0,0.0,0.0,0.0,0.0,0.0,1.29,0.0,0.0,2.59,0.0,0.0,0.0,0.0,0.0,0.0,0.0,0.0,0.0,0.0,0.0,0.0,0.0,0.0,0.0,0.0,0.0,0.0,0.0,0.0,0.0,0.0,0.0,0.0,0.0,0.0,0.0,0.0,0.17069999999999982,0.0,0.936,0.0,0.0,4.586,24.0,133.0
1,0.59,0.59,0.0,0.0,0.0,0.0,0.0,0.0,0.0,0.0,0.0,0.0,0.0,0.0,0.0,0.0,0.0,0.0,1.19,0.0,0.59,0.0,0.0,0.0,0.0,0.0,0.0,0.0,0.0,0.0,0.0,0.0,0.0,0.0,0.0,0.0,0.0,0.0,0.0,0.0,0.0,0.0,0.0,0.0,0.59,1.166999999999998,0.0,0.0,0.212,0.212,0.0,0.106,1.7,11.0,68.0
1,0.0,0.0,0.0,0.0,0.0,0.0,0.0,0.0,0.0,0.0,0.0,0.0,0.0,0.0,0.0,0.0,0.0,0.0,1.49,0.0,3.14,0.0,0.0,0.0,0.0,0.0,1.49,0.0,0.0,0.0,0.0,0.0,0.0,0.0,0.0,0.0,0.0,0.0,0.0,0.0,0.0,0.0,0.0,0.0,0.0,0.0,0.0,0.0,0.0,0.0,0.0,0.0,1.0,1.0,16.0
1,0.0,0.0,0.34,0.0,0.34,0.0,0.0,0.0,0.0,0.0,0.0,0.34,0.34,0.0,0.0,0.0,0.0,0.0,0.34,0.0,0.34,0.0,0.0,0.0,0.34,0.69,0.0,0.0,0.0,0.0,0.0,0.0,0.0,0.0,0.0,0.34,0.95,0.0,0.0,0.0,0.0,0.0,0.31,0.0,0.0,0.0,0.0,0.0,0.149,0.0,0.0,0.0,2.35,14.0,188.0
1,0.0,0.0,0.61,0.0,0.0,0.0,0.0,0.0,0.0,0.0,0.0,1.84,0.0,0.0,0.0,0.0,0.0,0.0,0.0,0.0,0.0,0.0,0.0,0.0,0.0,0.61,0.0,0.0,0.0,0.0,0.0,0.0,0.0,0.0,0.0,0.0,0.0,0.0,0.0,0.0,0.0,0.0,0.0,0.0,0.0,0.0,0.0,0.079,0.158,0.0,0.0,0.0,2.508,17.0,143.0
2,0.0,0.0,0.94,0.0,0.31,0.0,0.0,0.0,0.31,0.0,0.0,0.62,0.0,0.0,0.0,1.25,0.62,0.0,3.14,0.0,1.25,0.0,0.73,0.0,0.0,0.0,0.0,0.0,0.0,0.0,0.0,0.0,0.0,0.0,0.0,0.0,0.0,0.0,0.0,0.0,0.0,0.0,0.0,0.0,0.31,0.0,0.0,0.0,0.146,0.39,0.38239999999999963,0.097,3.322,61.0,319.0
1,0.0,0.0,0.0,0.0,0.0,0.0,0.0,0.0,0.0,0.0,0.0,1.6,0.0,0.0,0.0,0.0,0.0,0.0,0.0,0.35,0.0,0.0,0.0,0.0,3.183999999999996,0.0,0.0,0.0,0.0,0.0,0.0,0.0,0.0,0.0,0.0,0.0,0.8,0.0,0.0,0.0,0.0,0.0,0.0,0.0,0.0,0.0,0.0,0.0,0.136,0.273,0.0,0.0,2.588,29.0,88.0
1,0.0,0.0,0.0,0.0,0.0,0.0,0.0,0.0,0.0,0.0,0.0,0.0,0.0,0.0,0.0,0.0,0.0,0.0,0.0,0.0,0.0,0.0,0.0,0.0,0.0,0.0,0.0,0.0,0.0,0.0,0.0,0.0,0.0,0.0,0.0,0.0,0.0,0.0,0.0,0.0,0.0,0.0,0.0,0.0,0.0,0.0,0.0,0.0,0.0,0.0,0.0,0.0,2.166,4.0,13.0
2,0.0,0.0,0.0,0.0,0.0,0.0,0.7839999999999964,0.0,0.0,0.0,0.0,0.0,0.0,0.0,0.0,0.0,0.0,0.0,0.0,0.0,0.0,0.0,0.0,0.0,0.0,0.0,0.0,0.0,0.0,0.0,0.0,0.0,0.0,0.0,0.0,0.0,0.0,0.0,0.0,0.0,0.0,0.0,0.0,0.0,0.0,0.0,0.0,0.0,0.0,0.0,0.0,0.0,1.8,9.0,18.0
2,0.0,0.0,0.0,0.0,0.0,0.0,0.0,0.0,0.0,0.0,0.0,0.0,0.0,0.0,0.0,1.28,0.0,0.0,3.84,0.0,3.14,0.0,0.0,0.0,0.0,0.0,0.0,0.0,0.0,0.0,0.0,0.0,0.0,0.0,0.0,0.0,0.0,0.0,0.0,0.0,0.0,0.0,0.0,0.0,1.28,0.0,0.0,0.0,0.0,0.23,0.23,0.0,5.538,41.0,72.0
1,0.09,0.0,0.09,0.0,0.0,0.09,0.0,0.09,0.67,0.0,0.0,0.29,0.0,0.0,0.0,0.0,0.0,0.0,0.38,0.0,0.19,0.0,0.0,0.0,0.58,0.68,0.09,0.0,0.0,0.0,0.0,0.0,0.29,0.0,0.0,0.0,0.0,0.0,0.0,0.0,0.0,0.0,0.0,0.0,0.0,0.0,0.0,0.17069999999999982,0.173,0.0,0.026,0.0,3.704,48.0,726.0
1,0.0,0.0,1.19,0.0,0.0,0.0,0.0,0.59,0.0,0.0,0.0,0.0,0.0,0.0,0.16,0.0,0.0,0.0,2.97,0.0,1.19,0.0,0.0,0.0,1.78,1.19,1.916999999999998,0.59,0.51,0.59,0.32,0.0,0.0,0.07,0.59,0.59,0.0,0.0,0.53,0.39,0.0,0.0,0.31,0.0,1.19,0.0,0.0,0.0,0.197,0.0,0.0,0.0,2.203,12.0,119.0
1,0.0,0.0,0.0,0.0,0.0,0.0,0.0,0.0,0.0,0.0,0.0,0.0,0.0,0.0,0.0,0.0,0.0,0.0,1.75,0.0,0.0,0.0,0.0,0.0,3.183999999999996,1.7939999999999965,0.0,0.0,0.0,0.0,0.0,0.0,0.0,0.0,0.66,0.0,0.0,0.0,0.0,0.0,0.0,0.0,0.0,0.0,0.0,0.0,0.0,0.0,0.0,0.0,0.0,0.0,1.846,11.0,48.0
1,0.0,0.0,0.0,0.0,0.0,0.0,0.0,0.0,0.0,0.0,0.0,0.0,0.0,0.0,0.0,0.38,0.0,0.38,2.31,0.0,0.77,0.0,0.0,0.0,0.0,0.0,0.0,0.0,0.0,0.0,0.0,0.0,0.0,0.0,0.0,0.0,0.0,0.0,0.0,0.0,0.0,0.0,0.0,0.0,0.38,0.0,0.0,0.0,0.216,0.162,0.0,0.054,5.07,70.0,289.0
2,0.0,0.0,0.0,0.0,0.0,0.0,0.0,0.6,0.0,0.0,0.0,0.71,0.0,0.0,0.0,1.36,0.0,0.0,4.31,0.0,1.43,0.0,0.0,0.5769999999999982,0.0,0.0,0.0,0.0,0.0,0.0,0.0,0.0,0.0,0.0,0.0,0.0,0.0,0.0,0.0,0.0,0.0,0.0,0.0,0.0,1.44,0.0,0.0,0.0,0.265,0.132,0.0,0.0,2.322,16.0,72.0
1,0.0,0.0,0.0,0.0,0.0,0.0,0.0,0.0,0.0,0.0,0.0,0.0,0.0,0.0,0.0,0.0,0.0,0.0,2.63,0.0,0.0,0.0,0.0,0.0,0.0,0.0,0.0,0.0,0.0,0.0,0.0,0.0,0.0,0.0,0.66,0.0,0.0,0.0,0.0,0.0,0.0,0.61,0.0,0.0,0.0,0.0,0.0,0.0,0.0,0.414,0.0,0.0,2.705,13.0,46.0
1,0.0,0.0,0.0,0.0,0.0,0.0,0.0,0.0,0.0,0.0,0.0,2.22,0.0,0.0,0.0,0.0,0.0,0.0,0.0,0.0,0.0,0.0,0.0,0.0,0.0,0.0,0.0,0.0,0.0,0.0,0.0,0.0,0.0,0.0,0.0,0.0,0.0,0.0,0.0,0.0,0.0,0.0,0.0,0.0,1.44,1.166999999999998,0.0,0.0,0.0,0.0,0.0,0.0,1.0,1.0,9.0
2,0.6569999999999983,0.42,1.26,0.0,0.0,0.0,0.0,0.0,0.0,0.0,0.0,0.42,0.0,0.0,0.0,0.42,0.0,0.84,3.79,0.0,1.26,0.0,0.0,0.42,0.0,0.0,0.0,0.0,0.0,0.0,0.0,0.0,0.0,0.0,0.0,0.0,0.0,0.0,0.0,0.0,0.0,0.0,0.0,0.0,0.42,0.0,0.0,0.0,0.067,0.472,0.38239999999999963,0.0,3.0,19.0,108.0
1,0.6569999999999983,0.0,0.0,0.0,0.0,0.0,0.0,0.0,0.0,0.0,0.0,0.78,0.0,0.0,0.0,0.0,0.0,0.0,2.36,0.0,0.78,0.0,0.0,0.0,0.0,0.78,0.0,0.0,0.0,0.0,0.0,0.0,0.0,0.0,0.0,0.0,0.0,0.0,0.0,0.0,0.0,0.0,0.0,0.2869999999999982,0.0,0.0,0.0,0.0,0.0,0.0,0.0,0.0,1.875,8.0,30.0
1,0.0,0.0,0.0,0.0,0.0,0.0,0.0,0.0,0.0,0.0,0.0,0.0,0.0,0.0,0.0,0.0,0.0,0.0,4.16,0.0,0.0,0.0,0.0,0.0,2.77,1.7939999999999965,1.38,0.85,0.0,0.0,0.0,0.0,0.0,0.0,0.0,0.0,0.0,0.0,0.0,0.0,0.0,0.0,0.0,0.0,1.38,0.0,0.0,0.0,0.355,0.355,0.0,0.0,2.666,12.0,64.0
1,0.0,0.0,0.0,0.0,0.0,0.0,0.0,0.0,0.0,0.0,0.0,0.0,0.0,0.0,0.0,0.0,0.0,0.0,4.76,0.0,0.0,0.0,0.0,0.0,0.0,0.0,0.0,0.0,0.0,0.0,0.0,0.0,0.0,0.0,0.0,0.0,0.0,0.0,0.0,0.0,0.0,0.0,0.0,0.0,0.0,0.0,0.0,0.0,0.0,0.0,0.0,0.0,1.0,1.0,9.0
2,0.0,0.0,0.0,0.0,0.0,0.0,0.0,0.0,0.0,0.0,0.0,0.0,0.0,0.0,0.0,0.0,0.0,0.0,4.76,0.0,0.0,0.0,0.0,0.5769999999999982,0.0,0.0,0.0,0.0,0.0,0.0,0.0,0.0,0.0,0.0,0.0,0.0,0.0,0.0,0.0,0.0,0.0,0.0,0.0,0.0,0.0,0.0,0.0,0.0,0.0,0.537,0.0,0.0,2.777,12.0,25.0
1,0.6569999999999983,0.0,0.0,0.0,1.49,0.29,0.0,0.0,0.0,0.0,0.0,1.19,0.0,0.0,0.0,0.0,0.0,0.0,0.89,0.0,0.89,0.0,0.0,0.0,0.0,0.0,0.29,0.0,0.0,0.0,0.0,0.0,0.29,0.0,0.0,0.0,0.0,0.0,0.29,0.0,0.0,0.59,0.0,0.2869999999999982,0.0,0.0,0.0,0.17069999999999982,0.162,0.0,0.0,0.0,1.583,9.0,76.0
2,0.1,0.0,0.1,0.0,0.4,0.1,0.1,0.0,0.2,0.2,0.38,0.5,0.0,0.17,0.0,0.91,0.2,0.0,1.72,0.35,1.72,0.0,0.4,0.2,0.0,0.0,0.0,0.0,0.0,0.0,0.0,0.0,0.0,0.0,0.0,0.0,0.0,0.0,0.0,0.0,0.0,0.0,0.0,0.0,0.0,0.0,0.0,0.0,0.096,0.336,0.16,0.0,6.758,156.39999999999964,1179.3999999999996
1,0.0,0.0,0.0,0.0,0.0,0.0,0.0,0.0,0.0,0.0,0.0,0.0,0.0,0.0,0.0,0.0,0.0,0.0,0.0,0.0,0.0,0.0,0.0,0.0,0.0,0.0,0.0,0.0,0.0,0.0,0.0,0.0,0.0,0.0,0.0,0.0,0.0,0.0,0.0,0.0,0.0,0.0,0.0,0.0,0.0,0.0,0.0,0.0,0.0,0.0,0.0,0.0,1.0,1.0,9.0
1,0.0,0.0,1.29,0.0,0.0,0.0,0.0,0.0,0.0,0.0,0.0,2.22,0.0,0.0,0.0,0.0,0.0,0.0,0.0,0.0,0.0,0.0,0.0,0.0,0.0,0.0,0.0,0.0,0.0,0.0,0.0,0.0,0.4669999999999982,0.0,0.0,0.0,0.0,0.0,0.0,0.0,0.0,0.61,0.0,0.0,0.0,0.0,0.0,0.0,0.0,0.0,0.0,0.0,1.0,1.0,15.0
2,0.0,0.6169999999999982,0.0,0.0,1.51,0.0,0.7839999999999964,0.0,0.0,0.0,0.0,2.08,0.0,0.0,0.0,0.0,0.0,1.19,2.08,0.0,1.04,0.0,0.0,0.0,0.0,0.0,0.0,0.0,0.0,0.0,0.0,0.0,0.0,0.0,0.0,0.0,0.0,0.0,0.0,0.0,0.0,0.0,0.0,0.0,0.0,0.0,0.0,0.0,0.0,0.263,0.0,0.0,1.428,4.0,20.0
1,0.0,0.0,0.0,0.0,0.0,0.0,0.0,0.0,0.0,0.0,0.0,1.92,0.0,0.0,0.0,0.0,0.0,0.0,0.0,0.0,0.0,0.0,0.0,0.0,0.0,0.0,0.0,0.0,0.0,0.0,0.0,0.0,0.0,0.0,0.0,0.0,0.0,0.0,0.0,0.0,0.0,0.0,0.0,0.0,0.0,0.0,0.0,0.0,0.0,0.0,0.0,0.0,1.655,8.0,48.0
1,0.6569999999999983,0.0,0.0,0.0,0.0,0.0,0.0,0.0,0.0,0.0,0.0,2.22,0.0,0.0,0.0,0.0,0.0,0.0,3.6,0.0,0.0,0.0,0.0,0.0,0.0,0.9,0.0,0.0,0.0,0.0,0.0,0.0,0.0,0.0,0.0,0.0,0.0,0.0,0.0,0.0,0.0,0.0,0.0,0.2869999999999982,0.0,0.0,0.0,0.0,0.479,0.0,0.0,0.0,2.166,8.0,52.0
1,0.0,0.0,0.0,0.0,0.0,0.64,0.0,0.0,0.0,0.0,0.0,0.0,0.0,0.0,0.0,0.0,0.0,0.0,4.76,0.0,0.0,0.0,0.0,0.0,0.0,0.0,0.0,0.0,0.0,0.0,0.0,0.0,0.0,0.0,0.0,0.0,0.0,0.0,0.0,0.0,0.0,0.0,0.0,0.0,1.42,0.0,0.0,0.0,0.267,0.0,0.0,0.0,1.0,1.0,17.0
2,0.0,0.0,0.73,0.0,0.0,0.0,0.73,0.0,0.0,0.0,0.0,0.0,0.0,0.0,0.0,1.36,0.0,0.0,1.47,0.0,1.47,0.0,0.0,0.0,0.0,0.0,0.0,0.0,0.0,0.0,0.0,0.0,0.0,0.0,0.0,0.0,0.0,0.0,0.53,0.0,0.0,0.0,0.0,0.0,0.0,0.0,0.0,0.0,0.0,0.088,0.0,0.0,3.048,29.0,125.0
1,0.6569999999999983,0.0,0.0,0.0,0.0,0.0,0.0,0.0,0.0,0.0,0.0,0.0,0.0,0.0,0.0,0.0,0.0,0.0,0.0,0.0,0.0,0.0,0.73,0.0,0.0,0.0,0.0,0.0,0.0,0.0,0.0,0.0,0.0,0.0,0.0,0.0,0.74,0.0,0.0,0.0,0.0,0.0,0.0,0.0,0.74,0.0,0.0,0.134,0.537,0.0,0.0,0.0,1.863,5.0,41.0
1,0.0,0.0,0.0,0.0,0.0,0.0,0.0,0.0,0.0,0.88,0.0,0.0,0.0,0.0,0.0,0.0,0.0,0.0,1.76,0.0,0.0,0.0,0.0,0.0,0.0,0.0,0.0,0.0,0.0,0.0,0.0,0.0,0.0,0.0,0.0,0.0,0.88,0.0,0.53,0.0,0.0,0.0,0.0,0.0,0.0,1.166999999999998,0.0,0.0,0.157,0.157,0.0,0.0,2.0,15.0,84.0
2,0.49,0.28,0.4,0.0,0.09,0.11,0.02,0.21,0.42,0.75,0.23,0.89,0.54,0.17,0.0,0.16,0.33,0.02,3.23,0.0,1.46,0.0,0.73,0.51,0.0,0.0,0.0,0.0,0.0,0.0,0.0,0.0,0.0,0.0,0.0,0.0,0.0,0.0,0.0,0.0,0.0,0.0,0.0,0.0,0.02,0.0,0.0,0.0,0.059,0.391,0.38239999999999963,0.14209999999999945,5.783,156.39999999999964,1179.3999999999996
1,0.0,0.0,0.0,0.0,0.0,0.0,0.0,0.0,0.0,0.0,0.0,0.0,0.0,0.0,0.0,0.0,0.0,0.0,1.92,0.0,0.0,0.0,0.0,0.0,0.0,0.0,0.0,0.0,0.0,0.0,0.0,0.0,0.0,0.0,0.0,0.0,0.0,0.0,0.0,0.0,0.0,0.0,0.0,0.0,0.0,0.0,0.0,0.0,0.0,0.0,0.0,0.14209999999999945,2.307,9.0,30.0
2,0.0,0.41,1.29,0.0,0.41,0.0,0.0,0.0,0.0,0.0,0.0,0.41,0.0,0.0,0.0,0.41,0.0,0.83,2.08,0.0,1.25,0.0,0.0,0.0,0.0,0.0,0.0,0.0,0.0,0.0,0.0,0.0,0.0,0.0,0.0,0.0,0.0,0.0,0.0,0.0,0.0,0.0,0.0,0.0,0.41,0.0,0.0,0.0,0.068,0.75,0.0,0.0,3.851,121.0,285.0
1,0.36,0.0,1.09,0.0,0.0,0.0,0.0,0.0,0.0,0.0,0.0,0.72,0.65,0.0,0.0,0.0,0.0,0.0,0.72,0.0,1.09,0.0,0.0,0.5769999999999982,0.0,0.0,0.0,0.0,0.0,0.0,0.0,0.0,0.0,0.0,0.0,0.0,0.0,0.0,0.0,0.0,0.0,0.0,0.0,0.0,0.0,0.0,0.0,0.063,0.126,0.063,0.126,0.0,2.562,35.0,123.0
1,0.0,0.0,0.0,0.0,1.51,0.0,0.0,0.0,0.0,0.0,0.0,0.0,0.0,0.0,0.0,0.0,0.0,0.0,0.0,0.0,0.0,0.0,0.0,0.0,0.0,0.0,0.0,0.0,0.0,0.0,0.0,0.0,0.0,0.0,0.0,0.0,0.0,0.0,0.0,0.0,0.0,0.0,0.0,0.0,0.0,0.0,0.0,0.0,0.0,0.0,0.0,0.0,2.0,6.0,10.0
2,0.0,0.44,0.44,0.0,0.0,0.0,0.0,0.0,0.0,0.0,0.0,0.88,0.65,0.0,0.0,0.0,0.0,0.88,3.96,0.0,3.08,0.0,0.44,0.0,0.0,0.0,0.0,0.0,0.0,0.0,0.0,0.0,0.0,0.0,0.0,0.0,0.0,0.0,0.0,0.0,0.0,0.0,0.0,0.0,0.0,0.0,0.0,0.0,0.074,0.669,0.297,0.0,3.666,82.0,165.0
2,0.0,0.0,0.0,0.0,0.0,0.0,0.0,0.0,0.0,0.0,0.0,0.0,0.0,0.0,0.0,1.36,0.0,0.0,0.0,0.0,0.0,0.0,0.0,0.0,0.0,0.0,0.0,0.0,0.0,0.0,0.0,0.0,0.0,0.0,0.0,0.0,0.0,0.0,0.0,0.0,0.0,0.0,0.0,0.0,0.0,0.0,0.0,0.0,0.0,0.273,0.0,0.0,5.75,25.0,69.0
2,0.0,0.0,0.0,0.0,1.51,0.0,0.0,0.0,0.0,0.0,0.0,0.0,0.0,0.0,0.0,1.36,0.0,0.0,0.0,0.0,0.0,0.0,0.0,0.0,0.0,0.0,0.0,0.0,0.0,0.0,0.0,0.0,0.0,0.0,0.0,0.0,0.0,0.0,0.0,0.0,0.0,0.0,0.0,0.0,0.0,0.0,0.0,0.17069999999999982,0.436,0.873,0.0,0.0,4.142,12.0,29.0
1,0.0,0.0,0.0,0.0,0.0,0.0,0.0,0.0,0.0,0.0,0.0,2.22,0.0,0.0,0.0,0.0,0.0,0.0,1.56,0.0,0.0,0.0,0.0,0.0,0.0,0.0,0.0,0.0,0.0,0.0,0.0,0.0,0.0,0.0,0.0,0.0,0.0,0.0,0.0,0.0,0.0,0.0,0.31,0.0,0.0,0.0,0.0,0.0,0.0,0.27,0.0,0.0,1.5,4.0,30.0
2,0.0,0.0,0.0,0.0,0.0,0.0,0.0,0.0,0.0,0.0,0.0,0.0,0.0,0.0,0.0,0.0,0.0,0.0,0.0,0.0,0.0,0.0,0.0,0.0,0.0,0.0,0.0,0.0,0.0,0.0,0.0,0.0,0.0,0.0,0.0,0.0,0.0,0.0,0.0,0.0,0.0,0.0,0.0,0.0,0.0,0.0,0.0,0.0,0.041,0.0,0.0,0.0,1.938,33.0,95.0
1,0.0,0.0,0.0,0.0,0.0,0.0,0.0,0.0,0.67,0.0,0.0,0.0,0.0,0.0,0.0,0.0,0.0,0.0,1.51,0.0,0.0,0.0,0.0,0.0,0.0,0.0,0.0,0.0,0.0,0.0,0.0,0.0,0.0,0.0,0.0,0.0,0.0,0.0,0.0,0.0,0.0,0.0,0.0,0.0,0.75,0.0,0.0,0.0,0.255,0.0,0.0,0.0,1.842,6.0,35.0
1,0.0,0.0,0.0,0.0,0.54,0.0,0.0,0.0,0.0,0.0,0.0,0.54,0.0,0.0,0.0,0.0,0.0,0.0,0.54,0.0,0.54,0.0,0.0,0.0,0.0,0.0,0.0,0.0,0.0,0.0,0.0,0.0,0.0,0.0,0.0,0.0,0.0,0.0,0.0,0.0,0.0,0.0,0.0,0.2869999999999982,0.0,0.54,0.0,0.0,0.0,0.0,0.0,0.0,1.0,1.0,22.0
2,0.34,0.42,0.25,0.0,0.08,0.42,0.08,0.25,0.08,1.32,0.34,0.51,0.65,0.0,0.16,0.08,0.0,0.0,3.0,0.0,0.94,0.0,0.34,0.34,0.0,0.0,0.0,0.0,0.0,0.0,0.0,0.0,0.0,0.0,0.0,0.0,0.0,0.0,0.0,0.0,0.0,0.0,0.0,0.0,0.17,0.0,0.0,0.0,0.063,0.287,0.223,0.079,3.314,62.0,537.0
1,0.0,0.0,0.0,0.0,0.0,0.0,0.0,0.0,0.0,0.0,0.0,0.0,0.0,0.0,0.0,0.0,0.0,0.0,4.76,0.0,0.0,0.0,0.0,0.0,0.0,0.0,0.0,0.0,0.0,0.0,0.0,0.0,0.0,0.0,0.0,0.0,0.0,0.0,0.0,0.0,0.0,0.0,0.0,0.0,0.0,0.0,0.0,0.0,0.0,0.0,0.0,0.0,1.0,1.0,9.0
2,0.6569999999999983,0.6169999999999982,0.68,0.0,0.68,0.0,0.7839999999999964,0.0,0.0,0.68,0.0,2.05,0.0,0.0,0.0,0.0,0.0,0.68,4.1,0.0,2.73,0.0,0.0,0.5769999999999982,0.0,0.0,0.0,0.0,0.0,0.0,0.0,0.0,0.0,0.0,0.0,0.0,0.68,0.0,0.0,0.0,0.0,0.0,0.0,0.0,0.0,0.0,0.0,0.0,0.0,1.1457999999999993,0.0,0.0,2.472,9.0,89.0
1,0.0,0.0,0.0,0.0,0.0,0.0,0.0,0.0,0.0,0.0,0.0,0.0,0.0,0.0,0.0,0.0,0.0,0.0,2.32,0.0,0.0,0.0,0.0,0.0,0.0,0.0,0.0,0.0,0.0,0.0,0.0,0.0,0.0,0.0,0.0,0.0,0.0,0.0,0.0,0.0,0.0,0.0,0.0,0.0,1.44,1.166999999999998,0.0,0.0,0.0,0.0,0.0,0.0,1.666,5.0,25.0
1,0.0,0.0,0.0,0.0,1.51,0.0,0.0,0.0,0.0,0.0,0.0,0.0,0.0,0.0,0.0,0.0,0.0,0.0,0.0,0.0,0.0,0.0,0.0,0.0,0.0,0.0,0.0,0.0,0.51,0.0,0.0,0.0,0.0,0.0,0.0,0.0,0.0,0.0,0.0,0.0,0.0,0.61,0.0,0.0,0.0,0.0,0.0,0.0,0.0,0.0,0.0,0.0,1.0,1.0,9.0
2,0.49,0.0,0.24,0.0,0.24,0.0,0.0,0.6,0.0,0.0,0.0,0.49,0.0,0.0,0.0,0.0,0.0,0.0,4.76,0.0,1.22,0.0,0.0,0.0,0.0,0.0,0.0,0.0,0.0,0.0,0.0,0.0,0.0,0.0,0.0,0.0,0.0,0.0,0.0,0.0,0.0,0.0,0.0,0.0,0.0,0.0,0.0,0.0,0.0,0.544,0.077,0.0,2.055,22.0,111.0
1,0.0,0.0,0.0,0.0,0.0,0.0,0.0,0.4,0.0,0.0,0.0,0.81,0.4,0.0,0.0,0.0,0.0,0.0,1.22,0.0,0.0,0.0,0.0,0.0,2.86,1.7939999999999965,0.0,0.0,0.4,0.4,0.0,0.0,0.0,0.0,0.0,0.0,0.4,0.0,0.4,0.0,0.0,0.0,0.0,0.2869999999999982,0.0,0.0,0.0,0.126,0.063,0.063,0.0,0.0,1.611,12.0,116.0
2,0.0,0.0,0.33,0.0,0.99,0.64,0.33,0.33,0.0,0.0,0.0,0.33,0.33,0.0,0.0,0.33,0.33,0.0,1.98,0.0,3.14,0.0,0.0,0.33,0.0,0.0,0.0,0.0,0.0,0.0,0.0,0.0,0.0,0.0,0.0,0.0,0.0,0.0,0.0,0.0,0.0,0.0,0.0,0.0,0.33,0.0,0.0,0.0,0.108,0.0,0.162,0.054,2.195,50.0,202.0
1,0.0,0.0,0.26,0.0,0.0,0.0,0.0,0.0,0.0,0.0,0.26,0.0,0.0,0.0,0.0,0.0,0.0,0.26,0.0,0.0,0.0,0.0,0.0,0.0,0.26,0.0,0.0,0.0,0.0,0.0,0.0,0.0,0.0,0.0,0.0,0.0,0.53,0.0,0.0,0.0,0.0,0.61,0.0,0.26,0.0,1.166999999999998,0.0,0.036,0.109,0.0,0.036,0.0,1.632,11.0,307.0
2,0.0,0.0,1.12,0.0,0.56,0.0,0.0,0.0,0.0,0.56,0.0,0.0,0.0,0.0,0.0,0.56,0.0,0.0,2.25,0.0,1.12,0.0,0.0,0.0,0.0,0.0,0.0,0.0,0.0,0.0,0.0,0.0,0.0,0.0,0.0,0.0,0.0,0.0,0.0,0.0,0.0,0.0,0.0,0.0,0.56,0.0,0.0,0.0,0.101,0.606,0.0,0.0,2.36,19.0,144.0
2,0.27,0.0,0.83,0.0,1.11,0.64,0.27,0.0,0.0,0.0,0.0,0.83,0.0,0.0,0.0,0.83,0.91,0.27,1.38,0.0,1.11,0.0,0.55,0.0,0.0,0.0,0.0,0.0,0.0,0.0,0.0,0.0,0.0,0.0,0.0,0.0,0.0,0.0,0.0,0.0,0.0,0.0,0.0,0.0,0.0,0.0,0.0,0.0,0.0,0.638,0.0,0.0,2.512,17.0,196.0
1,0.0,0.0,0.0,0.0,0.0,0.0,0.0,0.0,0.55,0.0,0.0,0.0,0.0,0.0,0.0,0.0,0.0,0.55,1.65,0.0,1.65,0.0,0.0,0.0,0.55,0.0,0.0,0.0,0.0,0.0,0.0,0.0,0.0,0.0,0.0,0.0,0.0,0.0,0.0,0.39,0.0,0.0,0.31,0.0,0.0,0.0,0.0,0.0,0.104,0.0,0.052,0.0,6.894,97.0,393.0
2,0.49,0.33,0.33,0.0,0.08,0.41,0.08,0.24,0.0,1.32,0.33,0.57,0.65,0.0,0.16,0.0,0.0,0.0,2.89,0.0,0.9,0.0,0.16,0.41,0.0,0.0,0.0,0.0,0.0,0.0,0.0,0.0,0.08,0.0,0.0,0.0,0.0,0.0,0.0,0.0,0.0,0.0,0.0,0.0,0.0,0.0,0.0,0.0,0.063,0.271,0.191,0.095,4.904,156.39999999999964,667.0
1,0.0,0.33,0.0,0.0,0.33,0.0,0.0,0.0,0.0,0.0,0.0,0.33,0.0,0.0,0.0,0.0,0.0,0.33,0.0,0.0,0.0,0.0,0.0,0.0,0.33,0.33,0.0,0.67,0.0,0.0,0.0,0.0,0.0,0.0,0.33,0.0,0.0,0.0,0.0,0.0,0.0,0.0,0.0,0.2869999999999982,0.0,0.0,0.0,0.0,0.088,0.0,0.0,0.0,1.87,15.0,116.0
1,0.0,0.0,0.0,0.0,0.0,0.0,0.0,0.0,0.0,0.0,0.0,0.0,0.0,0.0,0.0,0.0,0.0,0.0,0.0,0.0,0.0,0.0,0.0,0.0,0.0,0.0,0.0,0.0,0.0,0.0,0.0,0.0,0.0,0.0,0.0,0.0,0.0,0.0,0.0,0.0,0.0,0.61,0.0,0.0,1.44,0.0,0.0,0.0,0.0,0.0,0.0,0.0,1.25,2.0,9.0
1,0.0,0.0,0.0,0.0,0.0,0.0,0.0,0.0,0.0,0.0,0.0,0.81,0.0,0.0,0.0,0.0,0.0,0.0,0.81,0.0,0.0,0.0,0.0,0.0,2.45,1.7939999999999965,0.0,0.0,0.0,0.0,0.0,0.0,0.0,0.0,0.0,0.0,0.0,0.0,0.0,0.0,0.0,0.0,0.0,0.0,0.0,0.0,0.0,0.12,0.12,0.0,0.0,0.0,2.473,11.0,47.0
1,0.6569999999999983,0.0,1.29,0.0,0.0,0.0,0.0,0.0,0.0,0.0,0.0,1.0,0.0,0.0,0.0,0.0,0.0,0.0,4.76,0.0,1.0,0.0,0.0,0.0,0.0,0.0,0.0,0.0,0.0,0.0,0.0,0.0,0.0,0.0,0.0,0.0,0.0,0.0,0.0,0.0,0.0,0.0,0.0,0.0,0.0,0.0,0.0,0.17,0.0,0.17,0.0,0.0,1.692,4.0,22.0
1,0.0,0.0,0.0,0.0,0.0,0.0,0.0,0.0,0.0,0.0,0.0,0.0,0.0,0.0,0.0,0.0,0.0,0.0,0.0,0.0,0.0,0.0,0.0,0.0,3.183999999999996,0.0,0.0,0.0,0.0,0.0,0.0,0.0,0.0,0.0,0.0,0.0,0.0,0.0,0.0,0.0,0.0,0.0,0.0,0.0,0.0,0.0,0.0,0.0,0.0,0.0,0.0,0.0,3.125,17.0,25.0
2,0.0,0.0,0.0,0.0,1.51,0.0,0.0,0.0,0.0,0.0,0.0,0.62,0.0,0.0,0.0,0.0,0.91,0.0,3.12,0.0,0.62,0.0,0.0,0.0,0.0,0.0,0.0,0.0,0.0,0.0,0.0,0.0,0.0,0.0,0.0,0.0,0.0,0.0,0.0,0.0,0.0,0.0,0.0,0.0,0.0,0.0,0.0,0.0,0.0,0.08,0.0,0.0,2.111,18.0,57.0
1,0.0,0.0,0.0,0.0,0.84,0.0,0.0,0.0,0.0,0.0,0.0,1.68,0.0,0.0,0.0,0.42,0.0,0.42,1.68,0.0,0.42,0.0,0.0,0.0,0.0,0.0,0.0,0.0,0.51,0.0,0.0,0.0,0.0,0.0,0.0,0.0,0.0,0.0,0.0,0.0,0.0,0.61,0.0,0.2869999999999982,0.0,0.0,0.0,0.145,0.217,0.0,0.0,0.0,1.487,8.0,61.0
2,0.51,0.43,0.29,0.0,0.14,0.03,0.0,0.18,0.54,0.62,0.29,0.65,0.65,0.17,0.03,0.21,0.43,0.03,3.03,0.0,1.35,0.0,0.51,0.54,0.0,0.0,0.0,0.0,0.0,0.0,0.0,0.0,0.0,0.0,0.0,0.0,0.0,0.0,0.0,0.0,0.0,0.0,0.0,0.0,0.03,0.0,0.0,0.012,0.078,0.443,0.38239999999999963,0.133,6.59,156.39999999999964,1179.3999999999996
2,0.0,0.0,0.47,0.0,1.42,0.0,0.0,0.0,0.0,0.0,0.0,0.95,0.0,0.0,0.0,0.0,0.91,0.0,2.38,0.0,2.38,0.0,0.47,0.0,0.0,0.0,0.0,0.0,0.0,0.0,0.0,0.0,0.0,0.0,0.0,0.0,0.0,0.0,0.0,0.0,0.0,0.0,0.0,0.0,0.47,0.0,0.0,0.0,0.082,0.496,0.248,0.0,5.187,80.0,249.0
2,0.14,0.0,0.28,0.0,0.09,0.24,0.04,0.04,0.24,0.0,0.0,0.52,0.04,0.09,0.0,0.0,0.14,0.0,0.24,0.04,0.28,0.0,0.38,0.14,0.0,0.0,0.0,0.0,0.0,0.0,0.0,0.0,0.0,0.0,0.0,0.19,0.0,0.0,0.0,0.04,0.0,0.0,0.0,0.04,0.09,0.0,0.0,0.0,0.061,0.007,0.099,0.0,1.867,14.0,521.0
2,0.0,0.6169999999999982,0.0,0.0,0.0,0.0,0.0,0.0,0.0,0.0,0.0,0.0,0.0,0.0,0.0,1.26,0.0,0.0,1.26,0.0,0.0,0.0,0.0,0.0,0.0,0.0,0.0,0.0,0.0,0.0,0.0,0.0,0.0,0.0,0.0,0.0,0.0,0.0,0.0,0.0,0.0,0.0,0.0,0.0,0.0,0.0,0.0,0.0,0.0,0.416,0.0,0.0,9.018899999999988,42.0,137.0
1,0.0,0.0,0.92,0.0,0.0,0.0,0.0,0.0,0.0,0.0,0.0,0.0,0.61,0.0,0.0,0.3,0.0,0.3,0.0,0.0,0.3,0.0,0.0,0.0,0.0,0.0,0.0,0.0,0.0,0.0,0.0,0.0,0.0,0.0,0.0,0.0,0.0,0.0,0.0,0.0,0.0,0.0,0.0,0.0,0.0,0.0,0.0,0.044,0.222,0.178,0.0,0.044,4.757,70.0,314.0
1,0.0,0.0,0.0,0.0,0.0,0.0,0.0,0.0,0.0,0.0,0.0,0.0,0.0,0.0,0.0,0.0,0.0,0.0,0.0,0.0,0.0,0.0,0.0,0.0,0.0,0.0,0.0,0.0,0.0,0.0,0.0,0.0,0.0,0.0,0.0,0.0,0.95,0.0,0.0,0.0,0.0,0.0,0.0,0.2869999999999982,0.0,1.166999999999998,0.0,0.0,0.0,0.0,0.0,0.0,3.125,15.0,50.0
1,0.0,0.0,0.0,0.0,0.0,0.0,0.0,0.0,0.0,0.93,0.0,0.0,0.0,0.0,0.0,0.0,0.0,0.0,0.0,0.0,0.0,0.0,0.0,0.0,0.0,0.0,0.93,0.0,0.0,0.0,0.0,0.0,0.4669999999999982,0.0,0.0,0.0,0.0,0.0,0.0,0.0,0.0,0.0,0.0,0.0,0.0,0.0,0.0,0.0,0.475,0.0,0.0,0.0,4.393,33.0,145.0
2,0.0,0.0,0.0,0.0,0.68,0.0,0.0,0.0,0.0,1.32,0.0,0.68,0.0,0.0,0.0,0.22,0.0,0.0,3.4,0.0,1.81,0.0,0.0,0.0,0.0,0.0,0.0,0.0,0.0,0.0,0.0,0.0,0.0,0.0,0.0,0.0,0.0,0.0,0.0,0.0,0.0,0.45,0.0,0.0,0.22,0.0,0.0,0.159,0.537,0.199,0.0,0.0,6.091,83.0,530.0
2,0.0,0.0,0.0,0.0,0.0,0.0,0.0,0.4,0.0,0.0,0.0,0.0,0.0,0.0,0.0,0.0,0.0,0.4,0.4,0.0,0.4,0.0,0.73,0.0,0.0,0.0,0.0,0.0,0.0,0.0,0.0,0.0,0.0,0.0,0.0,0.0,0.0,0.0,0.0,0.0,0.0,0.0,0.0,0.0,0.0,0.0,0.0,0.0,0.133,0.601,0.133,0.14209999999999945,9.018899999999988,108.0,603.0
2,0.0,0.0,0.86,0.0,0.43,0.0,0.0,0.0,0.0,0.0,0.0,0.0,0.0,0.0,0.0,0.43,0.0,0.0,2.17,0.0,1.3,0.0,0.0,0.0,0.0,0.0,0.0,0.0,0.0,0.0,0.0,0.0,0.0,0.0,0.0,0.0,0.0,0.0,0.0,0.0,0.0,0.0,0.0,0.0,0.43,0.0,0.0,0.0,0.161,1.133,0.0,0.0,1.2,6.0,114.0
2,0.07,0.0,1.0,0.0,0.3,0.46,0.07,0.23,0.23,0.0,0.3,1.31,0.15,0.0,0.07,1.36,0.15,0.85,2.24,0.0,0.77,0.0,0.0,0.3,0.0,0.0,0.0,0.0,0.0,0.0,0.0,0.0,0.0,0.0,0.0,0.0,0.0,0.0,0.0,0.15,0.0,0.0,0.0,0.0,0.0,0.0,0.0,0.024,0.183,0.0,0.183,0.0,3.211,84.0,700.0
1,0.0,0.0,0.0,0.0,0.0,0.0,0.0,0.0,0.0,0.0,0.0,0.0,0.0,0.0,0.0,0.0,0.0,0.0,0.0,0.0,0.0,0.0,0.0,0.0,0.0,0.0,0.0,0.0,0.0,0.0,0.0,0.0,0.0,0.0,0.0,0.0,0.0,0.0,0.0,0.0,0.0,0.0,0.0,0.2869999999999982,1.44,0.0,0.0,0.0,0.409,0.0,0.0,0.0,1.0,1.0,10.0
2,0.0,0.0,0.0,0.0,1.51,0.56,0.0,0.56,0.56,0.56,0.0,0.0,0.0,0.0,0.0,0.0,0.91,0.0,0.85,0.35,0.56,0.0,0.0,0.28,0.0,0.0,0.0,0.0,0.0,0.0,0.0,0.0,0.0,0.0,0.0,0.0,0.0,0.0,0.0,0.0,0.0,0.0,0.0,0.0,0.0,0.0,0.0,0.0,0.092,0.371,0.046,0.0,9.018899999999988,97.0,452.0
1,0.0,0.0,0.5,0.0,0.0,0.0,0.0,0.5,0.0,0.0,0.0,0.5,0.0,0.0,0.0,0.5,0.0,0.0,0.5,0.0,0.0,0.0,0.0,0.0,0.5,1.0,0.0,0.0,0.0,0.0,0.0,0.0,0.0,0.0,0.0,0.0,0.5,0.0,0.0,0.0,0.0,0.0,0.0,0.0,0.0,0.0,0.0,0.0,0.062,0.188,0.0,0.0,3.461,47.0,180.0
2,0.64,0.0,0.64,0.0,1.28,0.0,0.64,0.0,0.0,0.0,0.0,0.64,0.0,0.0,0.0,0.64,0.64,0.0,1.28,0.0,2.56,0.0,0.64,0.0,0.0,0.0,0.0,0.0,0.0,0.0,0.0,0.0,0.0,0.0,0.0,0.0,0.0,0.0,0.0,0.0,0.0,0.0,0.0,0.0,0.0,0.0,0.0,0.0,0.0,0.554,0.369,0.0,2.333,22.0,119.0
1,0.15,0.0,0.15,0.0,0.0,0.0,0.0,0.0,0.07,0.0,0.0,0.07,0.15,0.0,0.0,0.07,0.0,0.07,3.6,0.0,1.3,0.0,0.0,0.0,0.0,0.0,0.0,0.0,0.0,0.0,0.0,0.0,0.0,0.0,0.0,0.0,0.0,0.0,0.0,0.0,0.0,0.0,0.0,0.0,0.15,0.0,0.0,0.013,0.123,0.082,0.0,0.0,1.111,9.0,328.0
2,0.0,0.4,0.0,0.0,0.81,0.0,0.7839999999999964,0.0,0.0,0.4,0.0,0.0,0.0,0.0,0.0,0.0,0.0,0.0,1.22,0.0,0.81,0.0,0.0,0.0,0.0,0.0,0.0,0.0,0.0,0.0,0.0,0.0,0.0,0.0,0.0,0.0,0.0,0.0,0.0,0.0,0.0,0.0,0.0,0.0,0.0,0.0,0.0,0.123,0.246,0.0,0.123,0.14209999999999945,4.793,23.0,302.0
1,0.0,0.0,0.13,0.0,0.0,0.0,0.0,0.0,0.13,0.0,0.0,0.27,0.0,0.0,0.0,0.0,0.0,0.0,0.0,0.0,0.0,0.0,0.0,0.13,0.0,0.0,0.0,0.0,0.0,0.13,0.0,0.0,0.0,0.0,0.0,0.0,0.0,0.0,0.0,0.0,0.0,0.0,0.0,0.0,0.41,0.0,0.0,0.0,0.072,0.024,0.0,0.0,1.666,8.0,190.0
2,0.0,0.0,0.0,0.0,0.0,0.0,0.0,0.0,0.0,1.32,0.0,0.0,0.0,0.0,0.0,0.0,0.0,0.0,0.0,0.0,0.0,0.0,0.0,0.0,0.0,0.0,0.0,0.0,0.0,0.0,0.0,0.0,0.0,0.0,0.0,0.0,0.0,0.0,0.0,0.0,0.0,0.0,0.0,0.0,0.0,0.0,0.0,0.17069999999999982,0.0,0.0,0.0,0.0,4.333,13.0,78.0
1,0.0,0.0,0.0,0.0,0.0,0.0,0.0,0.0,0.0,0.0,0.0,0.0,0.0,0.0,0.0,0.0,0.0,0.0,1.81,0.0,0.0,0.0,0.0,0.0,3.183999999999996,1.7939999999999965,0.0,0.0,0.0,0.7139999999999963,0.0,0.0,0.0,0.0,0.66,0.0,0.0,0.0,0.0,0.0,0.0,0.0,0.0,0.0,0.0,0.0,0.0,0.0,0.0,0.0,0.0,0.0,2.227,11.0,49.0
2,0.6569999999999983,0.0,0.32,0.0,0.98,0.0,0.0,0.0,0.0,0.0,0.0,0.0,0.65,0.0,0.0,0.65,0.0,0.0,3.6,0.0,3.14,0.0,0.32,0.5769999999999982,0.0,0.0,0.0,0.0,0.0,0.0,0.0,0.0,0.0,0.0,0.0,0.0,0.0,0.0,0.0,0.0,0.0,0.0,0.0,0.0,0.0,0.0,0.0,0.0,0.0,0.529,0.38239999999999963,0.0,3.964,132.0,222.0
1,0.0,0.0,0.0,0.0,1.05,0.0,0.0,0.0,0.0,0.0,0.0,0.0,0.0,0.0,0.0,0.0,0.0,0.0,1.05,0.0,0.0,0.0,0.0,0.0,0.0,0.0,1.05,0.0,0.0,0.0,0.0,0.0,0.0,0.0,0.0,0.0,0.0,0.0,0.0,0.0,0.0,0.0,0.0,0.0,0.0,0.0,0.0,0.0,0.0,0.181,0.0,0.0,2.0,7.0,22.0
1,0.0,0.0,0.35,0.0,0.35,0.0,0.0,0.0,0.35,0.0,0.0,0.0,0.0,0.0,0.0,0.0,0.0,0.0,1.4,0.0,3.14,0.0,0.0,0.0,0.0,0.0,0.0,0.0,0.0,0.0,0.0,0.0,0.0,0.0,0.0,0.0,0.35,0.0,0.0,0.0,0.0,0.0,0.0,0.0,0.0,0.35,0.0,0.0,0.537,0.0,0.0,0.05,2.483,17.0,226.0
1,0.0,0.0,0.0,0.0,0.0,0.0,0.0,0.0,0.0,0.0,0.0,0.0,0.0,0.0,0.0,0.0,0.0,0.0,1.7,0.0,0.85,0.0,0.0,0.0,0.85,0.0,0.0,0.0,0.0,0.0,0.0,0.0,0.4669999999999982,0.0,0.0,0.0,0.0,0.0,0.0,0.0,0.0,0.61,0.0,0.2869999999999982,0.0,0.0,0.0,0.0,0.0,0.0,0.0,0.0,1.228,4.0,43.0
1,0.0,0.0,0.85,0.0,1.36,0.0,0.0,0.0,0.0,0.17,0.0,0.34,0.17,0.0,0.0,0.0,0.0,0.0,0.85,0.0,0.0,0.0,0.0,0.0,0.0,0.0,0.0,0.0,0.0,0.0,0.0,0.0,0.0,0.0,0.0,0.0,0.0,0.0,0.0,0.0,0.0,0.0,0.0,0.0,0.0,0.0,0.0,0.034,0.0,0.0,0.0,0.0,1.085,3.0,89.0
2,0.0,0.1,0.62,0.0,0.31,0.0,0.1,0.0,0.2,0.62,0.1,0.62,0.41,0.0,0.0,0.1,0.1,0.2,3.43,0.1,1.66,0.0,0.1,0.5769999999999982,0.0,0.0,0.0,0.0,0.0,0.0,0.0,0.0,0.0,0.0,0.0,0.0,0.0,0.0,0.0,0.0,0.0,0.0,0.0,0.0,0.1,0.0,0.0,0.0,0.0,0.611,0.264,0.049,3.794,69.0,702.0
1,0.29,0.0,0.44,0.0,0.73,0.0,0.0,0.0,0.0,0.0,0.0,0.58,0.0,0.0,0.0,0.14,0.0,0.0,0.73,0.14,0.29,0.0,0.0,0.0,0.0,0.0,0.0,0.0,0.0,0.0,0.0,0.0,0.0,0.0,0.0,0.0,0.29,0.0,0.0,0.0,0.0,0.14,0.0,0.14,0.0,0.0,0.0,0.02,0.321,0.14,0.0,0.0,1.891,24.0,522.0
1,0.42,0.0,0.0,0.0,0.0,0.0,0.0,0.0,0.0,0.0,0.0,0.0,0.65,0.0,0.0,0.0,0.0,0.0,4.25,0.0,0.85,0.0,0.0,0.0,0.42,0.0,0.0,0.0,0.0,0.0,0.0,0.0,0.0,0.0,0.0,0.0,0.0,0.0,0.0,0.0,0.0,0.0,0.0,0.0,0.0,0.0,0.0,0.0,0.374,0.0,0.124,0.0,1.772,18.0,78.0
1,0.0,0.0,0.0,0.0,0.0,0.0,0.0,0.0,0.0,0.0,0.0,0.0,0.0,0.0,0.0,0.0,0.0,0.0,0.43,0.0,0.28,0.0,0.0,0.0,1.43,1.15,0.86,0.28,0.28,0.28,0.28,0.0,0.14,0.07,0.28,0.28,0.28,0.0,0.14,0.28,0.0,0.0,0.31,0.0,0.57,0.28,0.0,0.023,0.324,0.0,0.0,0.0,2.24,12.0,372.0
1,0.0,0.0,0.0,0.0,0.0,0.0,0.0,0.0,0.0,0.0,0.0,0.0,0.65,0.0,0.0,0.0,0.0,0.0,0.0,0.0,2.81,0.0,0.0,0.0,0.0,0.0,1.4,0.0,0.0,0.0,0.0,0.0,0.0,0.0,0.0,0.0,0.0,0.0,0.0,0.0,0.0,0.0,0.0,0.0,0.0,0.0,0.0,0.0,0.0,0.0,0.0,0.0,1.125,2.0,18.0
2,0.0,0.0,0.0,0.0,0.0,0.64,0.0,0.0,0.0,0.0,0.0,0.0,0.0,0.0,0.0,0.0,0.0,0.0,2.24,0.0,0.0,0.0,0.0,0.0,0.0,0.0,0.0,0.0,0.0,0.0,0.0,0.0,0.0,0.0,0.0,0.0,0.0,0.0,0.0,0.0,0.0,0.0,0.0,0.0,0.0,0.0,0.0,0.0,0.392,1.1457999999999993,0.0,0.0,2.551,12.0,74.0
2,0.0,0.0,1.29,0.0,0.0,0.64,0.0,0.0,0.0,0.0,0.0,0.0,0.0,0.0,0.0,1.36,0.0,0.0,1.29,0.0,1.29,0.0,0.73,0.0,0.0,0.0,0.0,0.0,0.0,0.0,0.0,0.0,0.0,0.0,0.0,0.0,0.0,0.0,0.0,0.0,0.0,0.0,0.0,0.0,0.0,0.0,0.0,0.0,0.439,1.098,0.0,0.14209999999999945,3.571,36.0,125.0
1,0.1,0.0,0.3,0.0,0.05,0.15,0.0,0.25,0.3,0.1,0.2,0.65,0.0,0.0,0.0,0.25,0.05,0.0,0.55,0.0,0.65,0.0,0.05,0.0,1.3,0.35,0.0,0.15,0.0,0.25,0.2,0.0,0.0,0.0,0.2,0.05,0.25,0.0,0.0,0.05,0.0,0.0,0.0,0.2869999999999982,0.15,0.0,0.0,0.014,0.139,0.022,0.058,0.0,1.979,23.0,1081.0
1,0.0,0.0,0.28,0.0,0.28,0.0,0.0,0.0,0.0,0.0,0.0,0.84,0.0,0.0,0.0,0.0,0.0,0.0,0.28,0.0,0.0,0.0,0.0,0.0,1.69,0.0,0.0,0.56,0.0,0.0,0.0,0.0,0.0,0.0,0.56,0.63,0.28,0.0,0.28,0.0,0.0,0.0,0.0,0.28,0.0,0.0,0.0,0.17069999999999982,0.072,0.0,0.0,0.0,1.948,55.0,191.0
2,0.0,0.26,0.78,0.0,0.26,0.26,0.08,0.6,0.52,1.32,0.26,0.69,0.17,0.08,0.16,0.86,0.34,0.0,1.82,0.17,1.3,0.0,0.08,0.34,0.0,0.0,0.0,0.0,0.0,0.0,0.0,0.0,0.08,0.0,0.0,0.08,0.0,0.0,0.0,0.0,0.0,0.0,0.0,0.0,0.08,0.08,0.0,0.096,0.234,0.358,0.261,0.11,3.554,54.0,981.0
1,0.0,0.0,0.0,0.0,0.0,0.0,0.0,0.0,0.0,0.0,0.0,0.0,0.0,0.0,0.0,0.0,0.0,0.0,0.0,0.0,0.0,0.0,0.0,0.0,3.183999999999996,0.0,0.0,0.0,0.0,0.0,0.0,0.0,0.0,0.0,0.0,0.0,0.0,0.0,0.0,0.0,0.0,0.0,0.0,0.0,0.0,0.0,0.0,0.0,0.0,0.0,0.0,0.0,1.4,2.0,9.0
2,0.0,0.0,0.0,0.0,0.68,0.0,0.7839999999999964,0.0,0.0,0.0,0.0,0.0,0.0,0.0,0.0,0.0,0.0,1.19,1.36,0.35,2.04,0.0,0.0,0.0,0.0,0.0,0.0,0.0,0.0,0.0,0.0,0.0,0.0,0.0,0.0,0.0,0.0,0.0,0.0,0.0,0.0,0.0,0.0,0.0,0.0,0.0,0.0,0.0,0.0,0.309,0.0,0.0,2.111,14.0,95.0
1,0.0,0.0,0.0,0.0,0.54,0.54,0.0,0.0,0.0,0.0,0.0,1.09,0.0,0.0,0.0,0.0,0.0,0.0,1.63,0.0,0.54,0.0,0.0,0.0,0.0,0.0,0.0,0.0,0.0,0.0,0.0,0.0,0.0,0.0,0.0,0.0,0.0,0.0,0.0,0.0,0.0,0.54,0.0,0.0,0.0,0.0,0.0,0.17069999999999982,0.199,0.0,0.0,0.0,1.0,1.0,14.0
1,0.6,0.0,0.0,0.0,0.91,0.0,0.0,0.0,0.0,0.0,0.0,0.91,0.6,0.0,0.0,0.0,0.0,0.0,1.21,0.0,1.82,0.0,0.0,0.0,0.3,0.3,0.0,0.0,0.0,0.0,0.0,0.0,0.0,0.0,0.0,0.0,0.6,0.0,0.0,0.0,0.0,0.61,0.0,0.0,0.3,0.0,0.0,0.088,0.044,0.044,0.0,0.0,2.222,22.0,120.0
1,0.0,0.0,0.0,0.0,0.0,0.0,0.0,0.0,0.0,0.37,0.0,0.75,0.0,0.0,0.0,0.0,0.0,0.0,2.63,0.0,0.75,0.0,0.0,0.0,0.0,0.0,0.37,0.0,0.0,0.0,0.0,0.0,0.0,0.0,0.0,0.0,0.0,0.0,0.0,0.0,0.0,0.0,0.0,0.0,0.0,0.0,0.0,0.0,0.066,0.0,0.0,0.0,1.433,5.0,86.0
1,0.0,0.6169999999999982,0.0,0.0,0.0,0.0,0.0,0.0,0.0,0.0,0.0,0.0,0.0,0.0,0.0,0.0,0.0,0.0,2.12,0.0,2.12,0.0,0.0,0.0,0.0,0.0,0.0,0.0,0.0,0.0,0.0,0.0,0.0,0.0,0.0,0.0,0.0,0.0,0.0,0.0,0.0,0.0,0.0,0.0,0.0,1.166999999999998,0.0,0.0,0.0,0.0,0.0,0.0,4.117,47.0,70.0
1,0.0,0.0,0.0,0.0,0.0,0.0,0.0,0.0,0.0,0.0,0.0,0.0,0.0,0.0,0.0,0.0,0.0,0.0,2.68,0.0,1.34,0.0,0.0,0.0,0.0,0.0,0.0,0.0,0.0,0.0,0.0,0.0,0.0,0.0,0.0,0.0,0.0,0.0,0.0,0.0,0.0,0.0,0.0,0.0,0.67,0.0,0.0,0.0,0.0,0.471,0.0,0.0,1.033,2.0,31.0
1,0.0,0.0,0.0,0.0,0.0,0.0,0.0,0.0,0.0,0.0,0.0,0.0,0.0,0.0,0.0,0.0,0.0,0.0,4.76,0.0,0.0,0.0,0.0,0.0,0.0,0.0,0.0,0.0,0.0,0.0,0.0,0.0,0.0,0.0,0.0,0.0,0.0,0.0,0.0,0.0,0.0,0.0,0.0,0.0,1.44,0.0,0.0,0.0,0.0,0.0,0.0,0.0,1.444,5.0,13.0
1,0.25,0.0,0.0,0.0,0.25,0.25,0.0,0.0,0.0,0.0,0.0,0.51,0.0,0.17,0.0,0.0,0.0,0.25,0.51,0.0,0.25,0.0,0.0,0.0,0.0,0.25,0.0,0.0,0.0,0.0,0.0,0.0,0.25,0.0,0.0,0.0,0.0,0.0,0.0,0.0,0.0,0.0,0.0,0.0,0.0,0.25,0.0,0.0,0.082,0.0,0.0,0.041,1.287,4.0,85.0
1,0.0,0.0,0.0,0.0,0.0,0.0,0.0,0.0,0.0,0.0,0.0,0.0,0.0,0.0,0.0,0.0,0.0,0.0,2.66,0.0,0.0,0.0,0.0,0.0,1.33,0.0,0.0,0.85,0.0,0.0,0.0,0.0,0.0,0.0,0.0,0.0,0.0,0.0,0.0,0.0,0.0,0.0,0.0,0.0,0.0,0.0,0.0,0.0,0.478,0.0,0.0,0.0,2.166,18.0,52.0
2,0.6569999999999983,0.38,0.77,0.0,0.0,0.57,0.0,0.57,0.67,1.32,0.0,0.38,0.38,0.0,0.16,0.19,0.19,1.19,2.11,0.35,1.15,0.0,0.73,0.5769999999999982,0.0,0.0,0.0,0.0,0.0,0.0,0.0,0.0,0.0,0.0,0.19,0.0,0.0,0.0,0.0,0.0,0.0,0.0,0.0,0.0,0.0,0.0,0.0,0.027,0.027,0.438,0.191,0.054,9.018899999999988,156.39999999999964,921.0
1,0.0,0.0,0.0,0.0,0.0,0.0,0.0,0.0,0.0,0.0,0.0,0.0,0.0,0.0,0.0,0.0,0.0,0.0,4.0,0.0,2.0,0.0,0.0,0.0,0.0,0.0,0.0,0.0,0.0,0.0,0.0,0.0,0.0,0.0,0.0,0.0,0.0,0.0,0.0,0.0,0.0,0.0,0.0,0.0,1.44,1.166999999999998,0.0,0.0,0.0,0.0,0.0,0.0,1.0,1.0,9.0
1,0.0,0.0,0.0,0.0,0.0,0.0,0.0,0.0,0.0,0.0,0.0,0.0,0.0,0.0,0.0,0.0,0.0,0.0,0.0,0.0,0.0,0.0,0.0,0.0,0.0,0.0,1.916999999999998,0.0,0.0,0.0,0.0,0.0,0.0,0.0,0.0,0.0,0.0,0.0,0.0,0.0,0.0,0.0,0.0,0.0,0.0,0.0,0.0,0.0,0.0,0.0,0.0,0.0,1.222,2.0,11.0
2,0.6569999999999983,0.0,0.0,0.0,0.0,0.0,0.7839999999999964,0.0,0.0,0.0,0.0,0.0,0.0,0.0,0.0,0.0,0.9,0.9,1.81,0.0,2.72,0.0,0.0,0.5769999999999982,0.0,0.0,0.0,0.0,0.0,0.0,0.0,0.0,0.0,0.0,0.0,0.0,0.0,0.0,0.0,0.0,0.0,0.0,0.0,0.0,0.0,0.0,0.0,0.0,0.0,0.546,0.0,0.0,2.818,19.0,62.0
1,0.0,0.0,0.0,0.0,0.0,0.0,0.0,0.0,0.0,0.0,0.0,0.0,0.0,0.0,0.0,0.0,0.0,0.0,0.0,0.0,0.0,0.0,0.0,0.0,2.4,1.2,1.2,0.85,0.51,0.7139999999999963,0.32,0.0,0.4669999999999982,0.07,0.66,0.63,0.0,0.0,0.0,0.39,0.0,0.0,0.0,0.2869999999999982,0.0,0.0,0.0,0.0,0.446,0.0,0.0,0.0,2.166,11.0,39.0
1,0.0,0.0,0.0,0.0,0.0,0.0,0.0,0.0,0.0,0.0,0.0,0.0,0.0,0.0,0.0,0.0,0.0,0.0,1.08,0.0,1.08,0.0,0.0,0.0,0.0,0.0,1.08,0.0,0.0,0.0,0.0,0.0,0.0,0.0,0.0,0.0,0.0,0.0,0.0,0.0,0.0,0.0,0.0,0.0,0.0,0.0,0.0,0.0,0.0,0.0,0.0,0.0,1.263,4.0,24.0
1,0.0,0.22,0.33,0.0,0.22,0.11,0.0,0.0,0.0,0.0,0.11,0.44,0.0,0.0,0.0,0.0,0.0,0.0,0.44,0.0,0.11,0.0,0.0,0.0,0.11,0.11,0.0,0.0,0.0,0.0,0.0,0.0,0.11,0.0,0.0,0.0,0.0,0.0,0.11,0.0,0.0,0.0,0.0,0.0,0.66,0.0,0.0,0.019,0.253,0.0,0.0,0.0,2.068,11.0,395.0
1,0.0,0.0,0.0,0.0,0.0,0.0,0.0,0.0,0.0,0.0,0.0,0.0,0.0,0.0,0.0,0.0,0.0,0.0,0.7,0.0,0.0,0.0,0.0,0.0,0.0,0.0,0.0,0.0,0.0,0.0,0.0,0.0,0.0,0.0,0.0,0.0,0.0,0.0,0.0,0.0,0.0,0.0,0.0,0.0,0.0,0.0,0.0,0.0,0.191,0.0,0.095,0.095,1.688,11.0,103.0
1,0.0,0.0,0.0,0.0,0.0,0.0,0.0,0.0,0.0,0.0,0.0,1.07,0.0,0.0,0.0,0.0,0.0,0.0,1.07,0.0,0.0,0.0,0.0,0.0,0.0,0.0,0.0,0.0,0.0,0.0,0.0,0.0,0.4669999999999982,0.0,0.0,0.0,0.0,0.0,0.0,0.0,0.0,0.0,0.0,0.2869999999999982,0.0,0.0,0.0,0.0,0.0,0.0,0.0,0.0,1.416,6.0,68.0
2,0.6,0.0,0.36,0.0,1.44,0.0,0.0,0.0,0.24,1.32,0.38,2.22,0.6,0.0,0.0,0.6,0.24,0.0,4.44,0.0,1.8,0.0,0.72,0.5769999999999982,0.0,0.0,0.0,0.0,0.0,0.0,0.0,0.0,0.0,0.0,0.0,0.0,0.0,0.0,0.0,0.0,0.0,0.0,0.0,0.0,0.12,0.0,0.0,0.0,0.041,0.102,0.205,0.0,3.548,54.0,479.0
2,0.36,0.27,0.63,0.0,0.82,0.36,0.0,0.36,0.27,1.32,0.09,1.27,0.45,0.0,0.16,1.18,0.27,1.19,2.73,0.0,2.83,0.0,0.09,0.27,0.0,0.0,0.0,0.0,0.0,0.0,0.0,0.0,0.0,0.0,0.0,0.09,0.0,0.0,0.0,0.09,0.0,0.0,0.0,0.0,0.0,0.0,0.0,0.0,0.101,0.611,0.014,0.0,3.707,127.0,875.0
1,0.0,0.0,0.0,0.0,0.0,0.0,0.0,0.0,0.0,0.9,0.0,1.81,0.0,0.0,0.0,0.0,0.0,0.0,0.0,0.0,0.0,0.0,0.0,0.0,0.9,0.9,0.0,0.85,0.0,0.0,0.0,0.0,0.0,0.0,0.0,0.63,0.0,0.0,0.53,0.0,0.0,0.0,0.0,0.0,0.0,0.0,0.0,0.0,0.537,0.0,0.0,0.0,5.111,58.0,138.0
1,0.0,0.0,0.0,0.0,0.0,0.0,0.0,0.0,0.0,0.0,0.0,0.0,0.0,0.0,0.0,0.0,0.0,0.0,0.0,0.0,0.0,0.0,0.0,0.0,0.0,0.0,0.09,0.0,0.19,0.0,0.0,0.0,0.09,0.0,0.0,0.0,0.0,0.0,0.0,0.09,0.0,0.0,0.0,0.0,0.0,0.0,0.0,0.0,0.046,0.0,0.0,0.031,4.413,28.0,1179.3999999999996
2,0.0,0.0,0.85,0.0,0.42,0.0,0.0,0.0,0.0,0.0,0.0,0.0,0.0,0.0,0.0,0.42,0.0,0.0,2.14,0.0,1.28,0.0,0.0,0.0,0.0,0.0,0.0,0.0,0.0,0.0,0.0,0.0,0.0,0.0,0.0,0.0,0.0,0.0,0.0,0.0,0.0,0.0,0.0,0.0,0.42,0.0,0.0,0.0,0.159,1.117,0.0,0.0,1.206,7.0,117.0
2,0.0,0.0,0.0,0.0,0.0,0.0,0.0,0.6,0.67,0.0,0.0,0.0,0.0,0.0,0.0,0.0,0.91,0.0,0.0,0.0,3.14,0.0,0.0,0.0,0.0,0.0,0.0,0.0,0.0,0.0,0.0,0.0,0.0,0.0,0.0,0.0,0.0,0.0,0.0,0.0,0.0,0.0,0.0,0.0,0.0,0.0,0.0,0.0,0.0,0.396,0.0,0.14209999999999945,3.714,11.0,26.0
1,0.0,0.0,0.0,0.0,0.0,0.0,0.0,0.0,0.0,0.0,0.0,0.0,0.0,0.0,0.0,0.0,0.0,0.0,0.0,0.0,0.0,0.0,0.0,0.0,0.0,0.0,0.0,0.0,0.0,0.0,0.0,0.0,0.0,0.0,0.0,0.0,0.0,0.0,0.0,0.0,0.0,0.0,0.0,0.0,0.0,1.166999999999998,0.0,0.0,0.537,0.0,0.0,0.0,1.125,2.0,9.0
1,0.0,0.0,0.0,0.0,0.0,0.0,0.0,0.0,0.0,0.0,0.0,0.0,0.0,0.0,0.0,0.0,0.0,0.0,0.0,0.0,0.0,0.0,0.0,0.0,0.0,0.0,0.28,0.0,0.0,0.0,0.0,0.0,0.0,0.0,0.0,0.0,0.0,0.0,0.0,0.0,0.0,0.0,0.0,0.0,0.0,0.0,0.0,0.0,0.537,0.0,0.0,0.0,4.226,8.0,317.0
1,0.0,0.0,0.0,0.0,0.0,0.0,0.0,0.0,0.0,0.0,0.0,0.0,0.0,0.0,0.0,0.0,0.0,0.0,0.0,0.0,0.0,0.0,0.0,0.0,0.42,0.42,0.85,0.0,0.0,0.0,0.0,0.0,0.0,0.07,0.0,0.0,0.0,0.0,0.0,0.0,0.0,0.0,0.0,0.0,0.85,0.0,0.0,0.17069999999999982,0.537,0.0,0.0,0.0,5.0,14.0,270.0
1,0.0,0.0,0.78,0.0,0.0,0.0,0.0,0.0,0.0,0.0,0.0,0.0,0.65,0.0,0.0,0.0,0.0,0.0,0.0,0.0,0.78,0.0,0.0,0.0,0.0,0.0,0.78,0.0,0.0,0.0,0.0,0.0,0.0,0.0,0.0,0.0,0.0,0.0,0.0,0.0,0.0,0.0,0.0,0.0,0.78,0.0,0.0,0.0,0.401,0.133,0.0,0.0,1.565,4.0,36.0
1,0.0,0.6169999999999982,0.0,0.0,1.51,0.35,0.0,0.0,0.0,0.35,0.0,0.0,0.35,0.0,0.0,0.0,0.0,0.0,0.71,0.0,1.07,0.0,0.0,0.0,0.35,0.35,0.71,0.0,0.0,0.0,0.0,0.0,0.0,0.07,0.0,0.0,0.71,0.0,0.53,0.0,0.0,0.0,0.31,0.0,0.35,0.0,0.0,0.0,0.244,0.244,0.0,0.0,1.974,22.0,152.0
1,0.0,0.0,0.58,0.0,0.0,0.0,0.0,0.0,0.0,0.0,0.0,0.0,0.0,0.0,0.0,0.0,0.91,0.58,0.58,0.0,0.0,0.0,0.0,0.0,1.16,0.58,1.16,0.85,0.51,0.58,0.32,0.0,0.0,0.07,0.58,0.58,0.0,0.0,0.0,0.39,0.0,0.0,0.0,0.0,0.58,0.0,0.0,0.0,0.537,0.282,0.0,0.0,1.932,11.0,114.0
2,0.05,0.05,0.4,0.0,0.34,0.0,0.0,0.0,0.57,0.05,0.0,0.28,0.11,0.0,0.0,0.17,0.0,0.0,1.04,0.05,0.92,0.0,0.0,0.05,0.0,0.0,0.0,0.0,0.05,0.0,0.0,0.0,0.0,0.0,0.0,0.0,0.0,0.0,0.0,0.0,0.0,0.11,0.0,0.0,0.05,0.0,0.0,0.019,0.099,0.089,0.079,0.009,4.924,95.0,1179.3999999999996
1,0.0,0.6169999999999982,0.77,0.0,0.77,0.38,0.0,0.0,0.0,0.0,0.0,1.16,0.0,0.0,0.16,0.0,0.0,0.38,3.48,0.0,1.16,0.0,0.0,0.0,0.0,0.0,0.0,0.0,0.0,0.0,0.0,0.0,0.0,0.0,0.0,0.0,0.38,0.0,0.0,0.0,0.0,0.0,0.0,0.0,0.0,0.0,0.0,0.0,0.067,0.0,0.0,0.0,1.225,5.0,49.0
1,0.0,0.0,0.0,0.0,0.0,0.0,0.0,0.0,0.0,0.0,0.0,0.0,0.0,0.0,0.0,0.0,0.0,0.0,0.0,0.0,0.0,0.0,0.0,0.0,0.0,0.0,0.0,0.0,0.0,0.0,0.0,0.0,0.0,0.0,0.0,0.0,0.0,0.0,0.0,0.0,0.0,0.0,0.0,0.0,1.44,1.166999999999998,0.0,0.0,0.537,0.0,0.0,0.0,1.5,4.0,33.0
2,0.0,0.0,0.66,0.0,0.33,0.0,0.33,0.33,0.67,1.32,0.0,0.66,0.0,0.17,0.16,0.33,0.0,0.66,2.67,0.0,1.0,0.0,0.73,0.0,0.0,0.0,0.0,0.0,0.0,0.0,0.0,0.0,0.33,0.0,0.0,0.0,0.0,0.0,0.0,0.0,0.0,0.0,0.0,0.0,0.33,0.0,0.0,0.0,0.23,0.057,0.23,0.0,5.279,82.0,227.0
1,0.0,0.0,0.0,0.0,0.0,0.0,0.0,0.0,0.0,0.0,0.0,0.0,0.0,0.0,0.0,0.0,0.0,0.0,0.0,0.0,0.0,0.0,0.0,0.0,3.183999999999996,1.7939999999999965,0.0,0.0,0.0,0.0,0.0,0.0,0.0,0.0,0.0,0.0,0.0,0.0,0.0,0.0,0.0,0.0,0.0,0.0,1.44,0.0,0.0,0.0,0.0,0.0,0.0,0.0,7.0,17.0,35.0
1,0.0,0.0,0.0,0.0,1.51,0.0,0.0,0.0,0.0,0.0,0.0,2.22,0.0,0.0,0.0,0.0,0.0,0.0,0.0,0.0,0.0,0.0,0.0,0.0,0.0,0.0,0.0,0.0,0.51,0.0,0.0,0.0,0.0,0.0,0.0,0.0,0.0,0.0,0.0,0.0,0.0,0.61,0.0,0.0,0.0,0.0,0.0,0.0,0.0,0.955,0.0,0.0,1.5,5.0,24.0
2,0.0,0.0,0.0,0.0,0.0,0.0,0.0,0.0,0.0,1.32,0.0,0.0,0.0,0.0,0.0,0.0,0.0,0.0,0.0,0.0,0.0,0.0,0.0,0.0,0.0,0.0,0.0,0.0,0.0,0.0,0.0,0.0,0.0,0.0,0.0,0.0,0.0,0.0,0.0,0.0,0.0,0.0,0.0,0.0,0.0,0.0,0.0,0.17069999999999982,0.0,0.785,0.0,0.0,4.333,13.0,78.0
1,0.0,0.0,0.0,0.0,0.5,0.0,0.0,0.0,0.0,0.0,0.0,0.5,0.0,0.0,0.0,0.0,0.0,0.0,1.01,0.0,0.0,0.0,0.0,0.0,1.01,0.5,1.916999999999998,0.5,0.5,0.5,0.32,0.0,0.0,0.07,0.5,0.5,0.5,0.0,0.5,0.39,0.0,0.0,0.31,0.0,0.5,0.0,0.0,0.083,0.167,0.502,0.0,0.0,1.547,11.0,113.0
1,0.0,0.0,0.2,0.0,0.0,0.1,0.0,0.51,0.0,0.1,0.0,1.33,0.1,0.17,0.0,0.0,0.82,0.0,0.0,0.0,0.0,0.0,0.0,0.0,2.97,0.0,0.0,0.0,0.0,0.0,0.0,0.0,0.1,0.0,0.0,0.2,0.1,0.0,0.0,0.0,0.0,0.0,0.0,0.0,0.0,0.0,0.0,0.08,0.16,0.0,0.053,0.0,2.224,19.0,574.0
2,0.0,0.0,1.03,0.0,1.03,0.0,0.0,0.0,0.0,0.0,0.0,0.0,0.0,0.0,0.0,0.0,0.91,1.03,4.12,0.0,0.0,0.0,0.0,0.0,0.0,0.0,0.0,0.0,0.0,0.0,0.0,0.0,0.0,0.0,0.0,0.0,0.0,0.0,0.0,0.0,0.0,0.0,0.0,0.0,0.0,0.0,0.0,0.0,0.0,1.1457999999999993,0.0,0.0,1.461,3.0,19.0
2,0.0,0.0,0.0,0.0,0.0,0.0,0.0,0.0,0.0,0.0,0.0,0.0,0.0,0.0,0.0,0.0,0.0,0.0,4.34,0.0,0.0,0.0,0.0,0.0,0.0,0.0,0.0,0.0,0.0,0.0,0.0,0.0,0.0,0.0,0.0,0.0,0.0,0.0,0.0,0.0,0.0,0.0,0.0,0.0,0.0,0.0,0.0,0.0,0.0,1.1457999999999993,0.0,0.0,1.666,5.0,15.0
1,0.0,0.0,0.0,0.0,0.0,0.0,0.0,0.0,0.0,0.0,0.0,0.72,0.0,0.0,0.0,0.0,0.0,0.0,1.45,0.0,2.18,0.0,0.0,0.0,1.45,0.72,1.45,0.72,0.51,0.7139999999999963,0.32,0.0,0.0,0.07,0.66,0.63,0.72,0.0,0.53,0.39,0.0,0.0,0.31,0.0,0.72,0.0,0.0,0.0,0.367,0.0,0.0,0.0,1.897,12.0,74.0
1,0.0,0.0,0.0,0.0,0.0,0.0,0.0,0.0,0.0,0.0,0.0,0.0,0.0,0.0,0.0,0.0,0.0,1.19,0.0,0.0,0.0,0.0,0.0,0.0,3.183999999999996,1.7939999999999965,0.0,0.85,0.0,0.7139999999999963,0.32,0.0,0.0,0.0,0.66,0.63,0.0,0.0,0.0,0.0,0.0,0.0,0.0,0.0,0.0,0.0,0.0,0.0,0.24,0.24,0.0,0.0,1.687,10.0,27.0
1,0.0,0.0,0.0,0.0,0.0,0.0,0.0,0.0,0.0,0.0,0.0,2.22,0.0,0.0,0.0,0.0,0.0,0.0,0.0,0.0,3.14,0.0,0.0,0.0,0.0,0.0,1.916999999999998,0.0,0.0,0.0,0.0,0.0,0.0,0.0,0.0,0.0,0.0,0.0,0.0,0.0,0.0,0.0,0.0,0.0,0.0,0.0,0.0,0.0,0.0,0.0,0.0,0.0,1.0,1.0,9.0
1,0.0,0.0,0.0,0.0,0.0,0.0,0.0,0.0,0.0,0.0,0.0,0.0,0.0,0.0,0.0,0.0,0.0,0.0,1.86,0.0,0.0,0.0,0.0,0.0,3.183999999999996,0.0,1.86,0.0,0.51,0.7139999999999963,0.0,0.0,0.0,0.0,0.0,0.0,0.0,0.0,0.0,0.0,0.0,0.0,0.0,0.0,0.0,0.0,0.0,0.0,0.173,0.0,0.0,0.0,1.9,5.0,38.0
1,0.0,0.0,0.0,0.0,0.0,0.0,0.0,0.0,0.0,0.0,0.0,0.0,0.0,0.0,0.0,0.0,0.0,0.0,3.57,0.0,0.0,0.0,0.0,0.0,0.0,0.0,0.0,0.0,0.0,0.0,0.0,0.0,0.0,0.0,0.66,0.0,0.0,0.0,0.0,0.0,0.0,0.0,0.0,0.0,0.0,0.0,0.0,0.0,0.0,0.523,0.0,0.0,2.272,9.0,25.0
2,0.17,0.0,0.08,0.0,0.42,0.08,0.08,0.42,0.08,0.08,0.0,0.6,0.17,0.17,0.0,0.0,0.17,0.08,1.2,0.0,3.14,0.0,0.34,0.08,0.0,0.0,0.0,0.0,0.0,0.0,0.0,0.0,0.0,0.0,0.0,0.0,0.0,0.0,0.0,0.0,0.0,0.0,0.0,0.0,0.0,0.0,0.0,0.0,0.084,0.098,0.014,0.0,4.049,48.0,575.0
2,0.0,0.6169999999999982,0.0,0.0,1.51,0.0,0.68,0.0,0.0,0.68,0.38,1.36,0.0,0.0,0.0,0.0,0.68,0.68,2.72,0.0,1.36,0.0,0.0,0.0,0.0,0.0,0.0,0.0,0.0,0.0,0.0,0.0,0.0,0.0,0.0,0.0,0.0,0.0,0.0,0.0,0.0,0.0,0.0,0.0,0.0,0.0,0.0,0.0,0.0,0.0,0.111,0.0,6.588,68.0,112.0
2,0.0,0.0,0.0,0.0,1.16,0.0,0.0,0.0,0.0,0.0,0.0,0.58,0.0,0.0,0.0,1.16,0.0,1.16,1.16,0.0,1.75,0.0,0.0,0.0,0.0,0.0,0.0,0.0,0.0,0.0,0.0,0.0,0.0,0.0,0.0,0.0,0.0,0.0,0.0,0.0,0.0,0.0,0.0,0.0,0.0,0.0,0.0,0.0,0.133,0.667,0.0,0.0,1.131,5.0,69.0
1,0.0,0.0,0.0,0.0,0.0,0.64,0.0,0.0,0.0,0.0,0.0,0.0,0.0,0.0,0.0,0.0,0.0,0.67,1.34,0.0,0.0,0.0,0.0,0.0,0.0,0.0,0.67,0.0,0.0,0.0,0.0,0.0,0.4669999999999982,0.0,0.0,0.0,0.0,0.0,0.0,0.0,0.0,0.0,0.0,0.2869999999999982,0.67,0.0,0.0,0.0,0.111,0.0,0.0,0.0,1.285,5.0,27.0
2,0.0,0.0,0.61,0.0,0.0,0.0,0.61,0.0,0.0,0.0,0.0,0.0,0.0,0.0,0.0,0.0,0.91,1.19,2.46,0.0,1.23,0.0,0.0,0.0,0.0,0.0,0.0,0.0,0.0,0.0,0.0,0.0,0.0,0.0,0.0,0.0,0.0,0.0,0.0,0.0,0.0,0.0,0.0,0.0,0.0,0.0,0.0,0.0,0.176,0.353,0.0,0.0,2.25,13.0,81.0
2,0.0,0.0,0.56,0.0,1.12,0.0,0.0,0.0,0.0,0.0,0.0,0.0,0.65,0.0,0.16,0.0,0.37,0.37,3.18,0.0,0.93,0.0,0.0,0.0,0.0,0.0,0.0,0.0,0.0,0.0,0.0,0.0,0.0,0.0,0.0,0.0,0.0,0.0,0.0,0.0,0.0,0.0,0.0,0.0,0.0,0.0,0.0,0.0,0.189,0.441,0.0,0.0,1.372,4.0,70.0
1,0.25,0.0,0.0,0.0,0.0,0.0,0.0,0.0,0.25,0.0,0.0,0.0,0.0,0.0,0.0,0.25,0.0,0.0,0.25,0.0,0.0,0.0,0.0,0.0,2.06,1.03,0.25,0.25,0.25,0.25,0.25,0.0,0.4669999999999982,0.07,0.25,0.25,0.25,0.0,0.0,0.25,0.0,0.0,0.25,0.0,0.25,0.0,0.0,0.17069999999999982,0.473,0.043,0.0,0.0,2.111,17.0,190.0
1,0.0,0.0,0.55,0.0,0.0,0.0,0.0,0.0,0.0,0.0,0.0,0.0,0.0,0.0,0.0,0.0,0.0,1.11,4.45,0.0,0.83,0.0,0.0,0.0,0.0,0.0,0.0,0.0,0.0,0.0,0.0,0.0,0.0,0.0,0.0,0.0,0.0,0.0,0.0,0.0,0.0,0.0,0.0,0.0,0.27,0.27,0.0,0.0,0.052,0.0,0.0,0.0,1.2,4.0,54.0
2,0.0,0.0,1.06,0.0,0.0,0.0,0.0,0.0,0.67,0.0,0.0,0.0,0.0,0.0,0.0,0.0,0.0,0.0,3.19,0.0,0.0,0.0,0.0,0.0,0.0,0.0,0.0,0.0,0.0,0.0,0.0,0.0,0.0,0.0,0.0,0.0,0.0,0.0,0.0,0.0,0.0,0.0,0.0,0.0,1.06,0.0,0.0,0.0,0.0,0.0,0.353,0.0,3.904,12.0,82.0
1,0.0,0.0,0.0,0.0,0.0,0.0,0.0,0.0,0.0,0.0,0.0,0.0,0.0,0.0,0.0,0.0,0.0,0.0,4.76,0.0,3.14,0.0,0.0,0.0,0.0,0.0,0.0,0.0,0.0,0.0,0.0,0.0,0.0,0.0,0.0,0.0,0.0,0.0,0.0,0.0,0.0,0.0,0.0,0.0,0.0,1.166999999999998,0.0,0.0,0.0,0.0,0.0,0.0,1.125,2.0,9.0
2,0.2,0.41,0.2,0.0,1.44,0.0,0.0,0.41,0.41,0.62,0.0,1.86,0.2,0.17,0.0,0.2,0.41,0.0,2.69,0.35,2.48,0.0,0.0,0.0,0.0,0.0,0.0,0.0,0.0,0.0,0.0,0.0,0.0,0.0,0.0,0.0,0.0,0.0,0.0,0.0,0.0,0.0,0.0,0.0,0.0,0.0,0.0,0.0,0.249,0.996,0.106,0.0,7.836,116.0,384.0
1,0.0,0.0,0.0,0.0,0.0,0.64,0.0,0.0,0.0,0.0,0.0,1.61,0.0,0.0,0.0,0.0,0.0,0.0,0.8,0.0,0.8,0.0,0.0,0.0,0.8,0.0,0.0,0.0,0.0,0.0,0.0,0.0,0.0,0.0,0.0,0.0,0.0,0.0,0.0,0.0,0.0,0.0,0.0,0.0,0.0,0.0,0.0,0.0,0.417,0.139,0.0,0.0,1.411,5.0,24.0
2,0.0,0.0,0.0,0.0,1.13,0.0,0.7839999999999964,0.0,0.0,0.0,0.0,0.0,0.0,0.0,0.0,1.13,0.91,0.0,1.13,0.0,0.0,0.0,0.0,0.0,0.0,0.0,0.0,0.0,0.0,0.0,0.0,0.0,0.4669999999999982,0.0,0.0,0.0,0.0,0.0,0.0,0.0,0.0,0.0,0.0,0.0,0.0,0.0,0.0,0.0,0.319,0.0,0.0,0.14209999999999945,3.925,17.0,106.0
1,0.0,0.0,0.0,0.0,0.0,0.0,0.0,0.0,0.0,0.45,0.0,0.0,0.0,0.0,0.0,0.0,0.0,0.0,0.45,0.0,1.35,0.0,0.0,0.0,1.35,1.35,1.35,0.85,0.51,0.45,0.32,0.0,0.0,0.07,0.66,0.45,0.45,0.0,0.45,0.39,0.0,0.45,0.31,0.0,0.45,0.0,0.0,0.0,0.358,0.0,0.0,0.071,2.236,12.0,161.0
1,0.0,0.0,0.34,0.0,0.34,0.0,0.0,0.0,0.34,0.0,0.0,0.34,0.0,0.0,0.0,0.0,0.0,0.0,0.0,0.0,0.0,0.0,0.0,0.0,0.0,0.0,0.0,0.0,0.0,0.0,0.0,0.0,0.0,0.0,0.0,0.0,0.0,0.0,0.0,0.0,0.0,0.0,0.0,0.2869999999999982,0.0,0.0,0.0,0.0,0.0,0.0,0.0,0.0,1.583,6.0,95.0
1,0.0,0.0,0.0,0.0,0.0,0.0,0.0,0.0,0.0,0.0,0.0,0.0,0.0,0.0,0.0,0.0,0.0,0.0,0.0,0.0,0.0,0.0,0.0,0.0,0.0,0.0,0.0,0.0,0.0,0.0,0.0,0.0,0.0,0.0,0.0,0.0,0.0,0.0,0.0,0.0,0.0,0.61,0.0,0.0,1.44,0.0,0.0,0.0,0.0,0.0,0.0,0.0,1.0,1.0,9.0
1,0.0,0.0,0.0,0.0,0.0,0.0,0.0,0.0,0.0,0.0,0.0,0.0,0.0,0.0,0.0,0.0,0.0,0.0,1.57,0.0,0.0,0.0,0.0,0.0,0.0,0.0,0.0,0.0,0.0,0.0,0.0,0.0,0.0,0.0,0.0,0.63,0.0,0.0,0.0,0.0,0.0,0.0,0.0,0.0,0.0,0.0,0.0,0.0,0.0,0.0,0.0,0.0,1.0,1.0,16.0
2,0.0,0.0,0.0,0.0,0.0,0.0,0.0,0.0,0.0,0.0,0.0,0.0,0.65,0.0,0.0,0.0,0.0,0.0,0.0,0.0,0.0,0.0,0.0,0.0,0.0,0.0,0.0,0.0,0.0,0.0,0.0,0.0,0.0,0.0,0.0,0.0,0.0,0.0,0.0,0.0,0.0,0.0,0.0,0.0,0.0,0.0,0.0,0.0,0.0,0.0,0.38239999999999963,0.0,2.411,10.0,41.0
2,0.6569999999999983,0.28,0.31,0.0,0.07,0.21,0.0,0.14,0.49,0.35,0.17,0.74,0.56,0.17,0.0,0.17,0.49,0.03,3.24,0.0,1.23,0.0,0.56,0.5769999999999982,0.0,0.0,0.0,0.0,0.0,0.0,0.0,0.0,0.0,0.0,0.0,0.0,0.0,0.0,0.0,0.0,0.0,0.0,0.0,0.03,0.07,0.0,0.0,0.006,0.054,0.678,0.38239999999999963,0.14209999999999945,5.648,154.0,1179.3999999999996
2,0.0,0.0,0.76,0.0,0.76,0.0,0.5,0.5,0.0,1.01,0.0,0.25,0.65,0.0,0.16,0.0,0.0,1.19,2.03,0.0,1.52,0.0,0.73,0.0,0.0,0.0,0.0,0.0,0.0,0.0,0.0,0.0,0.0,0.0,0.0,0.0,0.0,0.0,0.0,0.39,0.0,0.0,0.0,0.0,0.0,0.0,0.0,0.0,0.074,0.412,0.38239999999999963,0.0,2.441,19.0,249.0
1,0.3,0.0,0.3,0.0,0.0,0.0,0.0,0.0,0.0,0.0,0.0,1.8,0.3,0.0,0.0,0.0,0.0,0.9,1.5,0.0,0.3,0.0,0.0,0.0,0.0,0.0,0.0,0.0,0.0,0.0,0.0,0.0,0.0,0.0,0.0,0.0,0.0,0.0,0.0,0.0,0.0,0.0,0.0,0.0,0.0,1.166999999999998,0.0,0.102,0.537,0.0,0.0,0.0,1.404,6.0,118.0
1,0.0,0.0,0.0,0.0,1.51,0.0,0.0,0.0,0.0,0.0,0.0,2.22,0.0,0.0,0.0,0.0,0.0,0.0,0.0,0.0,0.0,0.0,0.0,0.0,0.0,0.0,0.0,0.0,0.51,0.0,0.0,0.0,0.0,0.0,0.0,0.0,0.0,0.0,0.0,0.0,0.0,0.61,0.0,0.0,0.0,0.0,0.0,0.0,0.0,0.0,0.0,0.0,1.23,3.0,16.0
1,0.0,0.0,0.0,0.0,0.0,0.34,0.0,0.0,0.0,0.0,0.0,0.69,0.0,0.0,0.0,0.0,0.0,0.0,4.19,0.0,1.39,0.0,0.0,0.0,0.0,0.0,0.0,0.0,0.0,0.0,0.0,0.0,0.0,0.0,0.0,0.0,0.0,0.0,0.0,0.0,0.0,0.0,0.0,0.0,0.34,0.34,0.0,0.0,0.0,0.0,0.0,0.0,1.206,5.0,70.0
1,0.0,0.0,0.0,0.0,0.0,0.0,0.0,0.0,0.0,0.0,0.0,0.0,0.0,0.0,0.0,0.0,0.0,0.0,1.36,0.0,0.0,0.0,0.0,0.0,0.0,0.0,1.36,0.0,0.0,0.0,0.0,0.0,0.0,0.0,0.0,0.0,0.0,0.0,0.0,0.0,0.0,0.0,0.0,0.0,0.0,0.0,0.0,0.0,0.0,0.0,0.0,0.0,1.0,1.0,17.0
1,0.0,0.0,0.58,0.0,1.16,0.0,0.0,0.0,0.0,0.0,0.0,0.0,0.0,0.0,0.0,0.0,0.58,0.0,2.33,0.0,0.0,0.0,0.0,0.0,2.33,0.0,0.58,0.0,0.0,0.0,0.0,0.0,0.4669999999999982,0.0,0.0,0.0,0.0,0.0,0.0,0.0,0.0,0.0,0.0,0.2869999999999982,0.58,0.0,0.0,0.0,0.203,0.407,0.38239999999999963,0.0,3.294,17.0,112.0
2,0.0,0.6169999999999982,1.29,0.0,1.51,0.0,0.0,0.0,0.0,0.81,0.0,0.0,0.0,0.0,0.0,0.81,0.0,0.81,2.43,0.35,0.81,0.0,0.0,0.0,0.0,0.0,0.0,0.0,0.0,0.0,0.0,0.0,0.0,0.0,0.0,0.0,0.0,0.0,0.0,0.0,0.0,0.0,0.0,0.0,0.0,0.0,0.0,0.0,0.121,0.121,0.0,0.0,4.035,43.0,113.0
1,0.0,0.6169999999999982,1.29,0.0,0.0,0.0,0.0,0.0,0.0,0.0,0.0,1.61,0.0,0.0,0.0,0.0,0.0,1.19,3.22,0.0,0.0,0.0,0.0,0.0,0.0,0.0,1.61,0.0,0.0,0.0,0.0,0.0,0.0,0.0,0.0,0.0,0.0,0.0,0.0,0.0,0.0,0.0,0.0,0.0,1.44,1.166999999999998,0.0,0.0,0.0,0.0,0.0,0.0,1.083,2.0,13.0
2,0.0,0.6169999999999982,0.0,0.0,0.9,0.0,0.7839999999999964,0.0,0.0,0.9,0.0,0.0,0.0,0.0,0.0,1.36,0.0,1.19,1.81,0.0,0.0,0.0,0.0,0.0,0.0,0.0,0.0,0.0,0.0,0.0,0.0,0.0,0.0,0.0,0.0,0.63,0.0,0.0,0.0,0.0,0.0,0.0,0.0,0.0,0.0,0.0,0.0,0.0,0.319,1.1457999999999993,0.0,0.14209999999999945,5.3,66.0,106.0
1,0.1,0.6169999999999982,0.62,0.0,0.62,0.1,0.2,0.2,0.0,0.0,0.1,0.51,0.0,0.0,0.0,0.0,0.0,0.82,3.61,0.0,0.93,0.0,0.1,0.0,0.0,0.0,0.0,0.0,0.0,0.0,0.0,0.0,0.0,0.0,0.0,0.0,0.0,0.0,0.0,0.0,0.0,0.0,0.2,0.0,0.0,0.41,0.0,0.0,0.122,0.157,0.0,0.0,2.213,29.0,425.0
1,0.0,0.0,0.0,0.0,0.0,0.0,0.0,0.0,0.0,0.0,0.0,0.0,0.0,0.0,0.0,0.0,0.0,0.0,2.77,0.0,0.0,0.0,0.0,0.0,0.0,0.0,0.0,0.0,0.0,0.0,0.0,0.0,0.0,0.0,0.0,0.0,0.0,0.0,0.0,0.0,0.0,0.0,0.0,0.2869999999999982,1.44,0.0,0.0,0.0,0.0,0.0,0.0,0.0,1.0,1.0,9.0
1,0.0,0.0,1.29,0.0,0.0,0.0,0.0,0.0,0.0,0.0,0.0,0.0,0.0,0.0,0.0,0.0,0.0,1.19,4.76,0.0,3.14,0.0,0.0,0.0,0.0,0.0,0.0,0.0,0.0,0.0,0.0,0.0,0.0,0.0,0.0,0.0,0.0,0.0,0.0,0.0,0.0,0.0,0.0,0.0,0.0,0.0,0.0,0.0,0.0,0.0,0.0,0.0,1.333,3.0,9.0
1,0.27,0.0,0.0,0.0,0.13,0.0,0.0,0.0,0.13,0.0,0.0,1.1,0.55,0.0,0.0,0.0,0.0,0.0,0.13,0.0,0.0,0.0,0.0,0.0,0.13,0.13,0.0,0.0,0.0,0.0,0.0,0.0,0.0,0.0,0.0,0.13,0.27,0.0,0.0,0.0,0.0,0.0,0.0,0.27,0.0,0.0,0.0,0.0,0.04,0.0,0.0,0.0,2.496,16.0,322.0
1,0.0,0.0,0.0,0.0,0.0,0.0,0.0,0.0,0.0,0.0,0.0,0.0,0.0,0.0,0.0,0.0,0.0,0.0,0.0,0.0,0.0,0.0,0.0,0.0,0.0,0.0,0.0,0.0,0.0,0.0,0.0,0.0,0.0,0.0,0.0,0.0,0.0,0.0,0.0,0.0,0.0,0.0,0.0,0.0,0.0,0.0,0.0,0.0,0.0,1.1457999999999993,0.0,0.0,1.0,1.0,9.0
1,0.0,0.0,0.0,0.0,0.0,0.0,0.0,0.0,0.0,0.0,0.0,0.0,0.0,0.0,0.0,0.0,0.0,0.0,0.0,0.0,0.0,0.0,0.0,0.0,0.0,0.0,0.0,0.0,0.0,0.0,0.0,0.0,0.0,0.0,0.0,0.0,0.0,0.0,0.0,0.0,0.0,0.0,0.0,0.0,0.0,0.0,0.0,0.0,0.0,0.0,0.0,0.0,1.625,9.0,26.0
2,0.0,0.0,0.38,0.0,1.15,0.0,0.0,0.0,0.0,0.77,0.0,0.38,0.0,0.0,0.0,0.38,0.77,0.0,2.7,0.0,1.15,0.0,0.38,0.0,0.0,0.0,0.0,0.0,0.0,0.0,0.0,0.0,0.0,0.0,0.0,0.0,0.0,0.0,0.0,0.0,0.0,0.0,0.0,0.0,1.15,0.0,0.0,0.0,0.061,0.985,0.184,0.0,3.923,78.0,255.0
1,0.0,0.0,0.0,0.0,0.0,0.0,0.0,0.0,0.0,0.0,0.0,1.01,0.0,0.0,0.0,0.0,0.0,0.0,0.0,0.0,1.01,0.0,0.0,0.0,1.01,0.0,0.0,0.0,0.0,0.0,0.0,0.0,0.0,0.0,0.66,0.63,0.0,0.0,0.53,0.0,0.0,0.0,0.0,0.0,0.0,0.0,0.0,0.0,0.0,0.0,0.0,0.0,3.108,25.0,115.0
1,0.0,0.0,0.0,0.0,0.0,0.0,0.0,0.0,0.0,0.73,0.0,0.0,0.0,0.0,0.0,0.0,0.0,0.0,0.0,0.0,0.0,0.0,0.0,0.0,2.2,1.7939999999999965,1.47,0.85,0.51,0.7139999999999963,0.32,0.0,0.0,0.07,0.66,0.63,0.73,0.0,0.53,0.39,0.0,0.61,0.31,0.0,0.73,0.0,0.0,0.0,0.537,0.0,0.0,0.111,2.351,12.0,127.0
2,0.0,0.0,0.15,0.0,0.31,0.0,0.15,0.0,0.63,0.15,0.15,0.0,0.0,0.0,0.0,1.11,0.0,1.19,0.79,0.0,0.0,0.0,0.0,0.0,0.95,0.0,0.0,0.0,0.0,0.0,0.0,0.0,0.0,0.0,0.0,0.0,0.31,0.0,0.0,0.15,0.0,0.0,0.0,0.0,0.0,0.0,0.0,0.0,0.088,0.862,0.38239999999999963,0.022,5.423,51.0,1128.0
2,0.0,0.0,0.0,0.0,0.73,0.0,0.0,0.0,0.0,0.0,0.0,0.36,0.65,0.0,0.0,0.36,0.0,0.0,3.69,0.0,0.73,0.0,0.0,0.36,0.0,0.0,0.0,0.0,0.0,0.0,0.0,0.0,0.0,0.0,0.0,0.0,0.0,0.0,0.0,0.0,0.0,0.0,0.0,0.0,0.0,0.0,0.0,0.0,0.119,0.238,0.059,0.0,2.93,29.0,211.0
1,0.06,0.04,0.29,0.0,0.08,0.06,0.0,0.13,0.02,0.11,0.0,0.47,0.0,0.02,0.02,0.13,0.13,0.08,0.24,0.0,0.17,0.0,0.0,0.0,0.0,0.0,0.0,0.02,0.02,0.0,0.0,0.0,0.4669999999999982,0.0,0.0,0.22,0.83,0.0,0.0,0.0,0.0,0.04,0.02,0.06,0.0,0.29,0.0,0.032,0.176,0.003,0.003,0.0,2.201,79.0,1179.3999999999996
1,0.0,0.0,0.0,0.0,0.0,0.0,0.0,0.0,0.0,0.0,0.0,0.0,0.0,0.0,0.0,0.0,0.0,0.0,4.76,0.0,0.0,0.0,0.0,0.0,0.0,0.0,1.916999999999998,0.0,0.0,0.0,0.0,0.0,0.0,0.0,0.0,0.0,0.0,0.0,0.0,0.0,0.0,0.0,0.0,0.0,0.0,0.0,0.0,0.0,0.0,0.0,0.0,0.0,1.285,2.0,9.0
2,0.0,0.0,0.0,0.0,0.0,0.0,0.0,0.0,0.67,0.0,0.0,0.0,0.0,0.0,0.0,0.0,0.0,0.0,0.93,0.0,3.14,0.0,0.0,0.0,0.0,0.0,0.0,0.0,0.0,0.0,0.0,0.0,0.0,0.0,0.0,0.0,0.0,0.0,0.0,0.0,0.0,0.0,0.0,0.0,0.0,0.0,0.0,0.0,0.134,0.536,0.0,0.0,2.166,23.0,65.0
1,0.0,0.0,1.29,0.0,0.0,0.0,0.0,0.0,0.0,0.0,0.0,1.03,0.0,0.0,0.0,0.0,0.0,0.0,4.12,0.0,1.03,0.0,0.0,0.0,0.0,0.0,0.0,0.0,0.0,0.0,0.0,0.0,0.0,0.0,0.0,0.0,0.0,0.0,0.0,0.0,0.0,0.0,0.0,0.0,0.0,1.03,0.0,0.0,0.0,0.0,0.0,0.0,1.0,1.0,16.0
1,0.0,0.0,0.0,0.0,0.0,0.0,0.0,0.6,0.0,0.0,0.0,0.0,0.0,0.0,0.0,0.0,0.0,0.0,0.0,0.0,0.0,0.0,0.0,0.0,2.73,1.7939999999999965,1.36,0.0,0.0,0.0,0.0,0.0,0.0,0.0,0.66,0.0,0.0,0.0,0.0,0.0,0.0,0.0,0.0,0.0,0.0,0.0,0.0,0.0,0.0,0.0,0.0,0.0,1.541,7.0,37.0
2,0.6569999999999983,0.0,0.0,0.0,0.0,0.0,0.0,0.0,0.0,0.0,0.0,1.17,0.0,0.0,0.0,0.0,0.91,0.0,3.52,0.0,0.0,0.0,0.0,0.0,0.0,0.0,0.0,0.0,0.0,0.0,0.0,0.0,0.0,0.0,0.0,0.0,0.0,0.0,0.0,0.0,0.0,0.0,0.0,0.0,1.17,0.0,0.0,0.0,0.0,0.924,0.0,0.0,1.966,10.0,59.0
1,0.0,0.0,0.08,0.0,0.0,0.17,0.0,0.0,0.0,0.0,0.0,0.17,0.0,0.0,0.0,0.08,0.0,0.08,0.17,0.0,0.25,0.0,0.0,0.08,0.0,0.0,0.0,0.0,0.0,0.0,0.0,0.0,0.0,0.0,0.0,0.0,0.08,0.0,0.0,0.0,0.0,0.0,0.0,0.0,0.0,0.59,0.0,0.0,0.075,0.012,0.012,0.0,2.057,70.0,605.0
2,0.25,0.0,0.51,0.0,0.25,0.64,0.0,0.0,0.67,0.51,0.0,0.25,0.0,0.0,0.0,0.0,0.0,0.51,1.79,0.0,0.77,0.0,0.73,0.0,0.51,0.51,0.0,0.0,0.0,0.0,0.0,0.0,0.0,0.0,0.0,0.0,0.25,0.0,0.0,0.0,0.0,0.0,0.0,0.0,0.0,0.0,0.0,0.0,0.086,0.26,0.173,0.0,3.298,16.0,287.0
1,0.0,0.0,0.0,0.0,0.0,0.0,0.0,0.0,0.0,0.79,0.0,0.79,0.0,0.0,0.0,0.0,0.0,0.79,1.58,0.0,2.38,0.0,0.0,0.0,0.0,0.0,0.0,0.0,0.0,0.0,0.0,0.0,0.0,0.0,0.0,0.0,0.79,0.0,0.0,0.0,0.0,0.0,0.0,0.0,1.44,0.0,0.0,0.135,0.405,0.27,0.0,0.0,1.608,13.0,37.0
1,0.0,0.0,0.0,0.0,0.0,0.0,0.0,0.0,0.0,0.0,0.0,0.0,0.0,0.17,0.0,0.0,0.0,0.0,0.0,0.0,0.0,0.0,0.0,0.0,0.0,0.0,0.0,0.0,0.0,0.0,0.0,0.0,0.0,0.0,0.0,0.0,0.0,0.0,0.0,0.0,0.0,0.0,0.0,0.0,0.0,0.0,0.0,0.0,0.0,0.0,0.0,0.0,3.888,13.0,35.0
1,0.0,0.0,0.0,0.0,0.0,0.0,0.0,0.0,0.0,0.0,0.0,0.0,0.0,0.0,0.0,0.0,0.0,0.0,1.49,0.0,0.0,0.0,0.0,0.0,3.183999999999996,1.7939999999999965,0.0,0.0,0.0,0.7139999999999963,0.0,0.0,0.0,0.0,0.66,0.0,0.0,0.0,0.0,0.0,0.0,0.0,0.0,0.0,0.0,0.0,0.0,0.0,0.0,0.0,0.0,0.0,1.961,11.0,51.0
1,0.0,0.0,0.87,0.0,0.0,0.0,0.0,0.0,0.0,1.32,0.38,0.87,0.0,0.0,0.0,0.0,0.0,0.0,1.75,0.0,0.0,0.0,0.0,0.0,1.75,0.87,1.916999999999998,0.85,0.51,0.7139999999999963,0.32,0.0,0.0,0.07,0.66,0.63,0.87,0.0,0.53,0.39,0.0,0.0,0.31,0.0,0.87,0.0,0.0,0.139,0.537,0.139,0.0,0.0,1.767,12.0,76.0
2,0.34,0.6169999999999982,0.34,0.0,1.03,0.0,0.7839999999999964,0.34,0.0,1.32,0.38,2.06,0.65,0.0,0.16,0.0,0.0,1.19,4.13,0.0,2.06,0.0,0.0,0.0,0.0,0.0,0.0,0.0,0.0,0.0,0.0,0.0,0.0,0.0,0.0,0.0,0.0,0.0,0.0,0.0,0.0,0.0,0.0,0.0,0.0,0.0,0.0,0.0,0.116,0.0,0.0,0.0,1.888,6.0,68.0
2,0.0,0.0,0.0,0.0,0.0,0.0,0.0,0.0,0.0,0.0,0.0,0.0,0.0,0.0,0.0,0.0,0.0,0.0,4.44,0.0,0.0,0.0,0.0,0.0,0.0,0.0,0.0,0.0,0.0,0.0,0.0,0.0,0.0,0.0,0.0,0.0,0.0,0.0,0.0,0.0,0.0,0.0,0.0,0.0,0.0,0.0,0.0,0.0,0.0,1.1457999999999993,0.0,0.0,9.018899999999988,156.39999999999964,180.0
2,0.53,0.0,1.07,0.0,0.53,0.0,0.7839999999999964,0.0,0.0,0.0,0.0,0.53,0.0,0.0,0.0,0.53,0.53,0.0,4.3,0.0,1.07,0.0,0.73,0.0,0.0,0.0,0.0,0.0,0.0,0.0,0.0,0.0,0.0,0.0,0.0,0.0,0.0,0.0,0.0,0.0,0.0,0.0,0.0,0.0,0.53,0.0,0.0,0.0,0.0,1.1457999999999993,0.253,0.0,5.454,68.0,180.0
1,0.0,0.0,0.0,0.0,0.0,0.0,0.0,0.0,0.0,0.0,0.0,0.0,0.0,0.0,0.0,0.0,0.0,0.0,3.84,0.0,0.0,0.0,0.0,0.0,0.0,0.0,0.0,0.0,0.0,0.0,0.0,0.0,0.0,0.0,0.0,0.0,0.0,0.0,0.0,0.0,0.0,0.0,0.0,0.0,0.0,0.0,0.0,0.0,0.0,0.0,0.0,0.0,1.8,6.0,18.0
1,0.0,0.0,0.0,0.0,0.0,0.0,0.0,0.0,0.0,0.0,0.0,0.0,0.0,0.0,0.0,0.0,0.0,0.0,1.92,0.0,1.92,0.0,0.0,0.0,0.0,0.0,0.0,0.0,0.0,0.0,0.0,0.0,0.0,0.0,0.0,0.0,0.95,0.0,0.0,0.0,0.0,0.0,0.0,0.0,0.0,1.166999999999998,0.0,0.0,0.336,0.0,0.0,0.0,2.352,15.0,40.0
1,0.0,0.0,0.0,0.0,0.0,0.0,0.0,0.0,0.0,0.0,0.0,0.0,0.0,0.0,0.0,0.0,0.0,0.0,0.0,0.0,0.0,0.0,0.0,0.0,0.0,0.0,0.5,0.0,0.5,0.0,0.0,0.0,0.0,0.0,0.0,0.0,0.0,0.0,0.0,0.0,0.0,0.0,0.0,0.0,0.0,0.0,0.0,0.0,0.501,0.0,0.0,0.083,3.983,28.0,239.0
1,0.0,0.0,0.0,0.0,0.0,0.13,0.0,0.27,0.0,0.0,0.0,0.54,0.13,0.0,0.0,0.0,0.68,0.0,0.0,0.0,0.0,0.0,0.0,0.0,1.9,0.13,0.0,0.0,0.0,0.0,0.0,0.0,0.13,0.0,0.0,0.54,0.27,0.0,0.0,0.0,0.0,0.0,0.0,0.0,0.0,0.0,0.0,0.161,0.143,0.0,0.0,0.0,2.296,21.0,473.0
2,0.0,0.29,0.87,0.0,0.29,0.0,0.14,0.0,0.0,0.43,0.14,0.0,0.14,0.0,0.14,0.14,0.0,0.72,0.43,0.14,0.58,0.0,0.0,0.0,0.0,0.0,0.0,0.0,0.0,0.0,0.0,0.0,0.0,0.0,0.0,0.0,0.0,0.0,0.0,0.14,0.0,0.0,0.0,0.0,0.0,0.0,0.0,0.0,0.0,0.585,0.046,0.046,5.02,132.0,979.0
2,0.27,0.0,0.27,0.0,0.0,0.0,0.0,0.0,0.0,0.27,0.27,0.55,0.0,0.0,0.0,0.0,0.0,0.0,2.2,0.0,0.27,0.0,0.0,0.0,0.0,0.0,0.0,0.0,0.0,0.0,0.0,0.0,0.0,0.0,0.0,0.0,0.95,0.0,0.0,0.0,0.0,0.0,0.0,0.0,0.0,0.0,0.0,0.0,0.0,0.136,0.182,0.0,8.207,30.0,435.0
1,0.0,0.0,0.35,0.0,0.35,0.64,0.0,0.0,0.0,0.0,0.0,0.71,0.0,0.0,0.0,0.0,0.0,0.0,0.71,0.0,0.35,0.0,0.0,0.0,0.0,0.0,0.0,0.0,0.0,0.0,0.0,0.0,0.35,0.0,0.0,0.0,0.35,0.0,0.35,0.0,0.0,0.0,0.31,0.0,0.35,0.0,0.0,0.0,0.124,0.372,0.0,0.0,1.641,12.0,110.0
2,0.65,0.0,0.65,0.0,1.3,0.0,0.0,0.0,0.0,0.0,0.0,0.65,0.0,0.0,0.0,1.3,0.65,0.0,1.96,0.0,2.61,0.0,0.65,0.0,0.0,0.0,0.0,0.0,0.0,0.0,0.0,0.0,0.0,0.0,0.0,0.0,0.0,0.0,0.0,0.0,0.0,0.0,0.0,0.0,0.0,0.0,0.0,0.0,0.0,0.834,0.38239999999999963,0.0,2.44,22.0,122.0
2,0.52,0.0,1.29,0.0,0.26,0.0,0.26,0.0,0.52,0.0,0.26,0.0,0.0,0.0,0.0,0.79,0.0,0.0,1.32,0.0,1.05,0.0,0.0,0.52,0.0,0.0,0.0,0.0,0.0,0.0,0.0,0.0,0.26,0.0,0.0,0.26,0.26,0.0,0.52,0.0,0.0,0.0,0.0,0.0,0.0,0.0,0.0,0.0,0.537,0.31,0.0,0.0,5.549,71.0,566.0
2,0.0,0.5,0.0,0.0,0.0,0.0,0.0,0.0,0.67,0.0,0.0,0.0,0.0,0.0,0.0,0.0,0.0,0.0,0.5,0.0,1.0,0.0,0.0,0.5,0.0,0.0,0.0,0.0,0.0,0.0,0.0,0.0,0.0,0.0,0.0,0.0,0.0,0.0,0.0,0.0,0.0,0.0,0.0,0.0,0.0,0.0,0.0,0.0,0.178,0.0,0.267,0.089,9.018899999999988,114.0,446.0
1,0.0,0.0,0.64,0.0,0.0,0.0,0.0,0.0,0.0,0.0,0.0,0.0,0.0,0.0,0.0,0.0,0.0,0.0,3.22,0.0,0.0,0.0,0.0,0.0,0.64,0.0,0.0,0.0,0.0,0.0,0.0,0.0,0.0,0.0,0.0,0.0,0.64,0.0,0.53,0.0,0.0,0.0,0.0,0.0,1.29,1.166999999999998,0.0,0.0,0.348,1.1457999999999993,0.0,0.0,3.121,15.0,103.0
1,0.27,0.05,0.1,0.0,0.0,0.0,0.0,0.0,0.0,0.0,0.0,0.48,0.0,0.0,0.0,0.0,0.0,0.1,0.97,0.0,0.1,0.0,0.0,0.0,0.0,0.0,0.0,0.0,0.0,0.0,0.0,0.0,0.0,0.0,0.0,0.0,0.27,0.0,0.0,0.0,0.0,0.0,0.0,0.0,0.0,0.76,0.0,0.17069999999999982,0.064,0.055,0.0,0.14209999999999945,3.766,43.0,1179.3999999999996
2,0.6569999999999983,0.16,0.41,0.0,0.08,0.24,0.0,0.08,0.0,0.49,0.08,0.57,0.65,0.0,0.16,0.0,0.0,0.32,2.46,0.0,1.14,0.0,0.49,0.5769999999999982,0.0,0.0,0.0,0.0,0.0,0.0,0.0,0.0,0.0,0.0,0.0,0.0,0.0,0.0,0.0,0.0,0.0,0.0,0.0,0.0,0.0,0.0,0.0,0.0,0.095,0.751,0.255,0.095,4.163,84.0,712.0
2,0.0,0.0,0.48,0.0,1.45,0.0,0.0,0.0,0.0,0.0,0.0,0.97,0.0,0.0,0.0,0.0,0.91,0.0,2.42,0.0,2.42,0.0,0.48,0.0,0.0,0.0,0.0,0.0,0.0,0.0,0.0,0.0,0.0,0.0,0.0,0.0,0.0,0.0,0.0,0.0,0.0,0.0,0.0,0.0,0.48,0.0,0.0,0.0,0.084,0.421,0.252,0.0,5.173,80.0,238.0
1,0.0,0.0,0.0,0.0,0.61,0.0,0.0,0.0,0.0,0.0,0.0,0.0,0.0,0.0,0.0,0.0,0.0,0.0,0.61,0.0,0.0,0.0,0.0,0.0,0.0,0.0,1.85,0.0,0.0,0.0,0.0,0.0,0.0,0.0,0.0,0.0,0.61,0.0,0.0,0.0,0.0,0.0,0.0,0.0,0.61,0.0,0.0,0.17069999999999982,0.098,0.098,0.0,0.0,1.312,6.0,63.0
2,0.0,0.6169999999999982,0.0,0.0,1.51,0.0,0.0,0.0,0.0,0.0,0.38,0.72,0.0,0.0,0.0,0.0,0.0,0.0,2.17,0.0,1.44,0.0,0.0,0.0,0.0,0.0,0.0,0.0,0.0,0.0,0.0,0.0,0.0,0.0,0.0,0.0,0.0,0.0,0.0,0.0,0.0,0.0,0.0,0.0,0.0,0.0,0.0,0.0,0.0,0.0,0.0,0.0,1.379,7.0,40.0
1,0.6569999999999983,0.0,0.0,0.0,0.0,0.0,0.0,0.0,0.0,0.0,0.0,0.0,0.0,0.0,0.0,0.0,0.91,0.0,0.0,0.0,0.0,0.0,0.0,0.0,0.0,0.0,1.916999999999998,0.0,0.0,0.0,0.0,0.0,0.0,0.0,0.0,0.0,0.0,0.0,0.0,0.0,0.0,0.61,0.0,0.0,0.0,0.0,0.0,0.0,0.465,0.0,0.0,0.0,1.25,3.0,10.0
1,0.0,0.0,0.37,0.0,1.13,0.0,0.0,0.0,0.0,0.75,0.0,1.13,0.0,0.0,0.0,0.0,0.0,0.0,2.65,0.0,0.0,0.0,0.0,0.0,0.0,0.0,0.0,0.0,0.0,0.0,0.0,0.0,0.0,0.0,0.0,0.0,0.0,0.0,0.0,0.0,0.0,0.0,0.0,0.2869999999999982,0.0,0.0,0.0,0.0,0.0,0.0,0.0,0.0,1.264,4.0,43.0
1,0.0,0.0,0.9,0.0,0.0,0.0,0.0,0.0,0.0,0.0,0.0,0.0,0.65,0.0,0.0,0.0,0.0,0.0,3.63,0.0,0.9,0.0,0.0,0.45,0.0,0.0,0.0,0.0,0.0,0.0,0.0,0.0,0.0,0.0,0.0,0.0,0.0,0.0,0.0,0.0,0.0,0.0,0.0,0.0,0.45,0.45,0.0,0.0,0.155,0.077,0.0,0.0,1.545,15.0,68.0
1,0.0,0.0,0.0,0.0,0.1,0.0,0.0,0.0,0.0,0.0,0.0,0.1,0.0,0.0,0.0,0.0,0.0,0.0,0.0,0.0,0.0,0.0,0.0,0.0,2.06,1.19,0.0,0.0,0.0,0.1,0.0,0.0,0.4669999999999982,0.0,0.0,0.1,0.95,0.0,0.0,0.0,0.0,0.0,0.0,0.0,0.0,1.166999999999998,0.0,0.14,0.5,0.0,0.0,0.0,4.06,51.0,1003.0
2,0.0,0.0,0.0,0.0,0.0,0.59,0.0,0.6,0.0,0.0,0.0,0.59,0.59,0.0,0.16,1.36,0.91,0.59,1.77,0.0,1.18,0.0,0.0,0.5769999999999982,0.0,0.0,0.0,0.0,0.0,0.0,0.0,0.0,0.0,0.0,0.0,0.0,0.0,0.0,0.0,0.0,0.0,0.0,0.0,0.0,0.0,0.0,0.0,0.0,0.0,0.293,0.0,0.0,1.69,15.0,93.0
1,0.0,0.25,0.75,0.0,1.0,0.25,0.0,0.0,0.0,0.0,0.25,0.25,0.65,0.0,0.0,0.25,0.0,1.19,2.51,0.0,1.75,0.0,0.25,0.0,0.0,0.0,0.25,0.0,0.0,0.0,0.0,0.0,0.0,0.0,0.0,0.0,0.0,0.0,0.0,0.0,0.0,0.0,0.0,0.0,0.0,0.0,0.0,0.0,0.0,0.042,0.0,0.0,1.204,7.0,118.0
1,0.0,0.0,0.0,0.0,1.51,0.0,0.0,0.0,0.0,0.0,0.0,0.0,0.0,0.0,0.0,0.0,0.0,0.0,0.0,0.0,0.0,0.0,0.0,0.0,0.0,0.0,1.916999999999998,0.0,0.0,0.0,0.0,0.0,0.0,0.0,0.0,0.0,0.0,0.0,0.0,0.0,0.0,0.0,0.0,0.0,1.44,0.0,0.0,0.0,0.0,0.0,0.0,0.0,1.333,3.0,16.0
2,0.0,0.0,0.89,0.0,1.51,0.44,0.0,0.0,0.0,0.0,0.0,0.44,0.0,0.0,0.0,1.34,0.0,0.0,2.24,0.0,3.14,0.0,0.0,0.0,0.0,0.0,0.0,0.0,0.0,0.0,0.0,0.0,0.0,0.0,0.0,0.0,0.0,0.0,0.0,0.0,0.0,0.0,0.0,0.0,0.0,0.0,0.0,0.0,0.074,0.0,0.0,0.0,2.25,12.0,144.0
2,0.0,0.0,0.0,0.0,0.0,0.0,0.0,0.0,0.0,0.76,0.0,2.22,0.0,0.0,0.0,0.0,0.0,0.0,3.05,0.0,0.0,0.0,0.0,0.0,0.0,0.0,0.0,0.0,0.0,0.0,0.0,0.0,0.0,0.0,0.0,0.0,0.0,0.0,0.0,0.0,0.0,0.0,0.0,0.0,0.76,1.166999999999998,0.0,0.0,0.0,0.0,0.0,0.0,1.216,4.0,45.0
1,0.0,0.0,0.79,0.0,0.0,0.0,0.0,0.0,0.0,0.0,0.0,0.39,0.0,0.0,0.0,0.0,0.0,0.39,3.18,0.0,0.0,0.0,0.0,0.0,0.0,0.0,0.0,0.0,0.0,0.0,0.0,0.0,0.0,0.0,0.0,0.0,0.39,0.0,0.0,0.0,0.0,0.0,0.0,0.0,0.39,0.39,0.0,0.0,0.237,0.0,0.0,0.059,2.51,12.0,123.0
2,0.0,0.0,0.3,0.0,0.0,0.0,0.0,0.0,0.0,0.3,0.0,0.3,0.0,0.0,0.16,0.3,0.0,0.15,0.15,0.0,0.15,0.0,0.0,0.0,0.0,0.0,0.0,0.0,0.0,0.0,0.0,0.0,0.0,0.0,0.0,0.0,0.76,0.0,0.0,0.0,0.0,0.0,0.0,0.0,0.0,0.0,0.0,0.17069999999999982,0.067,0.0,0.044,0.067,1.607,16.0,418.0
2,0.6569999999999983,0.17,0.52,0.0,0.0,0.32,0.0,0.04,0.29,0.42,0.38,1.37,0.65,0.17,0.0,0.32,0.54,0.22,3.47,0.29,1.32,0.0,0.34,0.5769999999999982,0.0,0.0,0.0,0.0,0.0,0.0,0.0,0.0,0.0,0.0,0.0,0.0,0.0,0.0,0.0,0.0,0.0,0.0,0.0,0.02,0.07,0.0,0.0,0.016,0.058,0.638,0.165,0.14209999999999945,3.697,117.0,1179.3999999999996
1,0.0,0.0,0.0,0.0,0.0,0.0,0.0,0.0,0.0,0.0,0.0,0.0,0.0,0.0,0.0,0.0,0.0,0.0,0.98,0.0,1.96,0.0,0.0,0.0,0.0,0.0,0.0,0.0,0.0,0.0,0.0,0.0,0.4669999999999982,0.0,0.0,0.0,0.0,0.0,0.0,0.0,0.0,0.0,0.0,0.2869999999999982,0.0,0.98,0.0,0.0,0.0,0.0,0.0,0.0,2.0,13.0,42.0
1,0.0,0.0,0.0,0.0,0.0,0.0,0.0,0.0,0.0,0.0,0.0,0.0,0.0,0.0,0.0,1.36,0.0,0.0,4.76,0.0,0.0,0.0,0.0,0.0,0.0,0.0,1.916999999999998,0.0,0.0,0.0,0.0,0.0,0.0,0.0,0.0,0.0,0.95,0.0,0.0,0.0,0.0,0.0,0.0,0.0,1.44,0.0,0.0,0.0,0.0,0.0,0.0,0.0,1.705,7.0,29.0
2,0.08,0.08,0.35,0.0,1.51,0.17,0.08,0.0,0.35,0.17,0.0,1.43,0.0,0.08,0.0,0.53,0.08,0.0,3.58,0.0,0.89,0.0,0.08,0.17,0.0,0.0,0.0,0.0,0.0,0.0,0.0,0.0,0.0,0.0,0.0,0.0,0.0,0.0,0.0,0.0,0.0,0.0,0.0,0.0,0.0,0.0,0.0,0.0,0.054,0.369,0.109,0.027,4.896,119.0,1179.3999999999996
1,0.0,0.0,0.0,0.0,0.0,0.0,0.0,0.0,0.0,0.0,0.0,0.0,0.0,0.0,0.0,0.0,0.0,0.0,0.0,0.0,0.0,0.0,0.0,0.0,0.0,0.0,0.0,0.0,0.0,0.0,0.0,0.0,0.0,0.0,0.0,0.0,0.0,0.0,0.0,0.0,0.0,0.0,0.0,0.0,0.0,0.0,0.0,0.0,0.0,0.0,0.0,0.0,2.25,6.0,9.0
2,0.0,0.0,0.0,0.0,0.0,0.0,0.0,0.0,0.67,0.0,0.0,0.0,0.0,0.0,0.0,0.0,0.0,0.0,0.91,0.0,2.75,0.0,0.0,0.0,0.0,0.0,0.0,0.0,0.0,0.0,0.0,0.0,0.0,0.0,0.0,0.0,0.0,0.0,0.0,0.0,0.0,0.0,0.0,0.0,0.0,0.0,0.0,0.0,0.133,0.532,0.0,0.0,2.9,28.0,87.0
1,0.0,0.33,0.0,0.0,0.33,0.0,0.0,0.0,0.0,0.0,0.0,0.33,0.0,0.0,0.0,0.0,0.0,0.33,0.0,0.0,0.0,0.0,0.0,0.0,0.33,0.33,0.0,0.67,0.0,0.0,0.0,0.0,0.0,0.0,0.33,0.0,0.0,0.0,0.0,0.0,0.0,0.0,0.0,0.2869999999999982,0.0,0.0,0.0,0.0,0.132,0.0,0.0,0.0,1.857,15.0,117.0
2,0.0,0.0,0.3,0.0,0.3,0.3,0.3,0.3,0.0,0.0,0.38,0.9,0.0,0.0,0.0,0.9,0.6,0.3,2.4,0.35,3.0,0.0,0.0,0.5769999999999982,0.0,0.0,0.0,0.0,0.0,0.0,0.0,0.0,0.0,0.0,0.0,0.0,0.0,0.0,0.0,0.0,0.0,0.0,0.0,0.0,0.0,0.0,0.0,0.0,0.048,0.144,0.0,0.096,5.403,139.0,281.0
2,0.0,0.0,1.29,0.0,0.0,0.0,0.0,0.0,0.0,0.0,0.0,1.31,0.0,0.0,0.0,0.0,0.0,0.0,1.31,0.0,3.14,0.0,0.0,0.5769999999999982,0.0,0.0,0.0,0.0,0.0,0.0,0.0,0.0,0.0,0.0,0.0,0.0,0.0,0.0,0.0,0.0,0.0,0.0,0.0,0.0,0.0,0.0,0.0,0.0,0.0,0.0,0.212,0.0,4.818,25.0,53.0
1,0.0,0.0,0.0,0.0,0.0,0.0,0.0,0.0,0.0,0.0,0.0,0.97,0.0,0.0,0.0,0.0,0.0,0.0,1.94,0.0,0.97,0.0,0.0,0.0,0.0,0.0,0.0,0.0,0.0,0.0,0.0,0.0,0.0,0.0,0.0,0.0,0.0,0.0,0.0,0.0,0.0,0.0,0.0,0.0,0.0,0.97,0.0,0.0,0.255,0.0,0.0,0.127,2.344,11.0,68.0
2,0.6569999999999983,0.39,0.59,0.0,0.0,0.64,0.19,0.19,0.67,0.39,0.0,0.98,0.0,0.17,0.0,0.98,0.0,0.0,2.56,0.35,1.38,0.0,0.0,0.5769999999999982,0.0,0.0,0.0,0.0,0.0,0.0,0.0,0.0,0.0,0.0,0.0,0.0,0.0,0.0,0.0,0.0,0.0,0.0,0.0,0.0,0.0,0.0,0.0,0.0,0.232,0.749,0.31,0.025,6.652,76.0,632.0
1,0.23,0.0,0.0,0.0,0.0,0.11,0.0,0.0,0.0,0.11,0.0,0.11,0.11,0.0,0.0,0.0,0.0,0.23,2.15,0.0,0.35,0.0,0.0,0.0,0.0,0.0,0.0,0.0,0.0,0.0,0.0,0.0,0.0,0.0,0.0,0.0,0.0,0.0,0.0,0.0,0.0,0.0,0.0,0.0,0.71,0.11,0.0,0.0,0.126,0.021,0.0,0.0,1.198,5.0,145.0
1,0.0,0.0,0.74,0.0,0.0,0.0,0.0,0.0,0.0,0.0,0.0,2.22,0.0,0.0,0.0,0.0,0.0,0.0,1.48,0.0,0.0,0.0,0.0,0.0,0.0,0.74,0.0,0.0,0.0,0.0,0.0,0.0,0.0,0.0,0.0,0.0,0.74,0.0,0.0,0.0,0.0,0.0,0.0,0.0,0.0,0.0,0.0,0.0,0.0,0.0,0.0,0.0,2.595,31.0,122.0
1,0.0,0.0,0.0,0.0,0.0,0.0,0.0,0.0,0.0,0.0,0.0,0.0,0.0,0.0,0.0,0.0,0.0,0.0,3.33,0.0,3.14,0.0,0.0,0.0,0.0,0.0,0.0,0.0,0.0,0.0,0.0,0.0,0.0,0.0,0.0,0.0,0.0,0.0,0.0,0.0,0.0,0.0,0.0,0.0,0.0,0.0,0.0,0.0,0.0,0.0,0.0,0.0,1.3,3.0,13.0
1,0.0,0.0,0.0,0.0,0.0,0.0,0.0,0.0,0.0,0.0,0.0,0.0,0.0,0.0,0.0,0.0,0.0,0.0,0.0,0.0,0.0,0.0,0.0,0.0,3.183999999999996,1.7939999999999965,1.916999999999998,0.85,0.51,0.7139999999999963,0.32,0.0,0.0,0.07,0.66,0.63,0.0,0.0,0.0,0.39,0.0,0.0,0.0,0.0,0.0,0.0,0.0,0.0,0.537,0.0,0.0,0.0,3.333,11.0,30.0
1,0.0,0.0,0.94,0.0,0.0,0.0,0.0,0.0,0.0,0.0,0.0,0.94,0.0,0.0,0.0,0.0,0.0,0.0,1.89,0.0,0.94,0.0,0.0,0.0,1.42,0.94,0.0,0.0,0.0,0.47,0.0,0.0,0.0,0.0,0.0,0.0,0.0,0.0,0.0,0.0,0.0,0.0,0.0,0.0,0.0,0.0,0.0,0.0,0.0,0.0,0.0,0.0,2.24,13.0,112.0
2,0.0,0.0,0.0,0.0,0.0,0.0,0.0,0.0,0.0,0.0,0.0,0.0,0.0,0.0,0.0,0.0,0.0,0.0,0.0,0.0,0.0,0.0,0.0,0.0,0.0,0.0,0.0,0.0,0.0,0.0,0.0,0.0,0.0,0.0,0.0,0.0,0.0,0.0,0.0,0.0,0.0,0.0,0.0,0.0,0.0,0.0,0.0,0.0,0.0,0.0,0.0,0.14209999999999945,9.018899999999988,49.0,472.0
1,0.0,0.0,0.0,0.0,0.0,0.0,0.0,0.6,0.0,0.0,0.0,0.0,0.0,0.0,0.0,0.0,0.0,0.0,0.0,0.0,0.0,0.0,0.0,0.0,0.83,0.41,0.0,0.41,0.41,0.0,0.0,0.0,0.0,0.0,0.41,0.41,0.41,0.0,0.0,0.0,0.0,0.0,0.0,0.0,0.0,0.0,0.0,0.0,0.159,0.0,0.0,0.0,1.848,13.0,122.0
1,0.0,0.0,0.52,0.0,0.13,0.0,0.0,0.0,0.0,0.0,0.0,2.22,0.65,0.13,0.0,0.0,0.13,0.0,0.13,0.0,0.13,0.0,0.13,0.0,2.09,0.0,0.0,0.0,0.0,0.0,0.0,0.0,0.4669999999999982,0.0,0.0,0.26,0.26,0.0,0.0,0.0,0.0,0.0,0.0,0.0,0.0,0.0,0.0,0.018,0.073,0.0,0.0,0.0,2.556,23.0,317.0
1,0.0,0.0,0.0,0.0,0.0,0.0,0.0,0.0,0.0,0.0,0.0,0.0,0.0,0.0,0.0,0.0,0.0,0.0,2.77,0.0,0.0,0.0,0.0,0.0,0.0,0.0,0.0,0.0,0.0,0.0,0.0,0.0,0.0,0.0,0.0,0.0,0.0,0.0,0.0,0.0,0.0,0.0,0.0,0.0,0.0,1.166999999999998,0.0,0.0,0.0,0.0,0.0,0.0,1.0,1.0,10.0
1,0.0,0.0,0.0,0.0,0.0,0.33,0.0,0.0,0.0,0.0,0.0,0.0,0.65,0.16,0.0,0.0,0.0,0.0,0.33,0.0,0.0,0.0,0.0,0.0,0.0,0.0,0.0,0.0,0.0,0.0,0.0,0.0,0.0,0.0,0.0,0.0,0.0,0.0,0.0,0.0,0.0,0.0,0.0,0.0,0.49,0.16,0.0,0.019,0.039,0.059,0.0,0.0,1.632,47.0,191.0
2,0.0,0.6169999999999982,0.95,0.0,0.0,0.0,0.0,0.0,0.0,0.0,0.0,0.0,0.0,0.0,0.0,0.0,0.0,0.0,0.47,0.35,1.9,0.0,0.0,0.47,0.0,0.0,0.0,0.0,0.0,0.0,0.0,0.0,0.0,0.0,0.0,0.0,0.0,0.0,0.0,0.0,0.0,0.0,0.0,0.0,0.0,0.0,0.0,0.066,0.2,0.267,0.0,0.0,4.18,45.0,464.0
1,0.08,0.0,0.16,0.0,0.0,0.0,0.0,0.0,0.67,0.0,0.0,0.24,0.0,0.0,0.0,0.08,0.0,0.0,0.32,0.0,0.16,0.0,0.0,0.0,0.49,0.57,0.08,0.0,0.0,0.0,0.0,0.0,0.4669999999999982,0.0,0.0,0.0,0.16,0.0,0.0,0.0,0.0,0.0,0.0,0.0,0.08,0.0,0.0,0.17069999999999982,0.188,0.0,0.033,0.0,2.816,32.0,628.0
1,0.0,0.0,1.29,0.0,0.0,0.0,0.0,0.0,0.0,0.0,0.0,0.0,0.0,0.17,0.0,0.0,0.0,0.0,2.56,0.0,0.0,0.0,0.0,0.0,0.0,0.0,1.916999999999998,0.0,0.0,0.0,0.0,0.0,0.0,0.0,0.0,0.0,0.0,0.0,0.0,0.0,0.0,0.0,0.0,0.0,1.44,0.0,0.0,0.0,0.485,0.0,0.0,0.0,1.0,1.0,11.0
1,0.0,0.0,0.0,0.0,0.0,0.0,0.0,0.0,0.0,0.72,0.0,0.72,0.0,0.0,0.0,0.0,0.0,0.0,4.37,0.0,0.0,0.0,0.0,0.0,1.45,0.0,0.0,0.0,0.0,0.0,0.0,0.0,0.0,0.0,0.0,0.0,0.0,0.0,0.0,0.0,0.0,0.0,0.0,0.0,0.0,0.0,0.0,0.0,0.0,0.0,0.0,0.0,1.48,9.0,37.0
1,0.08,0.08,0.61,0.0,0.0,0.0,0.0,0.0,0.0,0.43,0.0,0.0,0.08,0.0,0.0,0.0,0.0,0.08,0.87,0.0,0.08,0.0,0.0,0.0,0.0,0.0,0.0,0.0,0.0,0.0,0.0,0.0,0.0,0.0,0.0,0.0,0.26,0.0,0.0,0.0,0.0,0.08,0.0,0.0,0.0,0.78,0.0,0.027,0.208,0.027,0.0,0.0,4.696,124.0,1179.3999999999996
1,0.0,0.0,0.0,0.0,0.0,0.0,0.0,0.0,0.0,0.0,0.0,0.0,0.0,0.0,0.0,0.0,0.0,0.0,0.81,0.0,0.0,0.0,0.0,0.0,0.0,0.0,0.0,0.0,0.0,0.0,0.0,0.0,0.0,0.0,0.0,0.0,0.81,0.0,0.0,0.0,0.0,0.0,0.31,0.0,1.44,1.166999999999998,0.0,0.0,0.0,0.0,0.0,0.137,1.636,12.0,36.0
1,0.18,0.0,0.55,0.0,0.18,0.0,0.0,0.0,0.0,0.0,0.0,0.37,0.0,0.0,0.0,0.0,0.0,0.0,1.49,0.0,0.0,0.0,0.0,0.0,0.0,0.0,0.0,0.0,0.0,0.0,0.0,0.0,0.0,0.0,0.0,0.0,0.18,0.0,0.0,0.0,0.0,0.0,0.0,0.0,0.18,0.0,0.0,0.031,0.127,0.0,0.0,0.0,1.428,5.0,80.0
1,0.0,0.0,0.0,0.0,0.0,0.0,0.0,0.0,0.0,0.0,0.38,0.19,0.0,0.0,0.0,0.0,0.0,0.0,1.33,0.0,0.38,0.0,0.0,0.0,0.19,0.0,0.0,0.0,0.0,0.0,0.0,0.0,0.0,0.0,0.0,0.0,0.0,0.0,0.0,0.19,0.0,0.0,0.0,0.0,0.0,0.0,0.0,0.0,0.154,0.03,0.0,0.03,2.852,12.0,388.0
2,0.46,0.0,0.46,0.0,0.0,0.0,0.0,0.46,0.0,0.0,0.0,1.38,0.0,0.0,0.16,0.0,0.46,0.46,2.77,0.0,2.31,0.0,0.73,0.0,0.0,0.0,0.0,0.0,0.0,0.0,0.0,0.0,0.0,0.0,0.0,0.0,0.0,0.0,0.0,0.39,0.0,0.0,0.0,0.0,0.0,0.0,0.0,0.0,0.49,0.081,0.38239999999999963,0.0,3.4,12.0,102.0
1,0.0,0.0,0.0,0.0,0.0,0.0,0.0,0.0,0.0,0.0,0.0,0.0,0.0,0.0,0.0,0.0,0.0,0.0,4.76,0.0,0.0,0.0,0.0,0.0,0.0,0.0,0.0,0.0,0.0,0.0,0.0,0.0,0.0,0.0,0.0,0.0,0.0,0.0,0.0,0.0,0.0,0.0,0.0,0.0,1.44,0.0,0.0,0.0,0.0,0.0,0.0,0.0,1.571,3.0,11.0
1,0.16,0.16,0.16,0.0,0.83,0.16,0.0,0.16,0.0,0.0,0.0,0.5,0.16,0.0,0.0,0.0,0.0,0.0,2.34,0.0,0.67,0.0,0.0,0.0,0.0,0.0,0.0,0.0,0.0,0.0,0.0,0.0,0.0,0.0,0.0,0.0,0.0,0.0,0.0,0.0,0.0,0.0,0.0,0.16,0.33,0.16,0.0,0.087,0.058,0.0,0.0,0.0,1.901,16.0,135.0
1,0.0,0.0,0.0,0.0,0.0,0.64,0.0,0.0,0.0,0.0,0.0,0.0,0.0,0.0,0.0,0.0,0.0,0.0,0.0,0.0,0.0,0.0,0.0,0.0,0.0,0.0,1.63,0.0,0.0,0.0,0.0,0.0,0.0,0.0,0.0,0.0,0.0,0.0,0.0,0.0,0.0,0.0,0.0,0.0,1.44,0.0,0.0,0.0,0.0,0.0,0.0,0.0,1.25,4.0,15.0
2,0.0,0.0,0.48,0.0,1.44,0.48,0.0,0.0,0.0,0.0,0.0,0.96,0.0,0.0,0.0,0.0,0.91,0.0,2.41,0.0,2.41,0.0,0.48,0.0,0.0,0.0,0.0,0.0,0.0,0.0,0.0,0.0,0.0,0.0,0.0,0.0,0.0,0.0,0.0,0.0,0.0,0.0,0.0,0.0,0.48,0.0,0.0,0.0,0.083,0.502,0.251,0.0,5.488,80.0,247.0
1,0.0,0.0,0.17,0.0,0.0,0.08,0.0,0.0,0.0,0.0,0.08,0.87,0.08,0.08,0.0,0.0,0.78,0.0,0.0,0.0,0.0,0.0,0.0,0.0,3.05,0.0,0.08,0.0,0.0,0.0,0.0,0.0,0.4669999999999982,0.0,0.0,0.08,0.08,0.0,0.0,0.0,0.0,0.0,0.0,0.0,0.0,0.0,0.0,0.079,0.068,0.0,0.022,0.0,2.432,24.0,540.0
1,0.0,0.0,0.25,0.0,0.0,0.25,0.5,0.25,0.0,0.0,0.0,0.0,0.0,0.0,0.0,0.0,0.0,0.0,1.25,0.0,0.25,0.0,0.0,0.0,0.0,0.0,0.0,0.0,0.0,0.0,0.0,0.0,0.0,0.0,0.0,0.0,0.0,0.0,0.0,0.0,0.0,0.0,0.0,0.0,0.25,0.0,0.0,0.0,0.18,0.045,0.0,0.0,1.324,5.0,98.0
1,0.0,0.0,0.0,0.0,0.0,0.0,0.0,0.0,0.0,0.0,0.0,0.0,0.65,0.0,0.0,0.0,0.0,0.0,0.0,0.0,0.0,0.0,0.0,0.0,3.183999999999996,1.7939999999999965,0.97,0.85,0.51,0.7139999999999963,0.32,0.0,0.0,0.07,0.66,0.63,0.95,0.0,0.0,0.39,0.0,0.0,0.31,0.0,1.44,0.0,0.0,0.0,0.299,0.0,0.0,0.0,2.666,13.0,72.0
1,0.0,0.0,0.0,0.0,0.0,0.0,0.0,0.0,0.0,0.0,0.0,0.0,0.0,0.0,0.0,0.0,0.0,0.0,0.0,0.0,0.0,0.0,0.0,0.0,0.0,0.0,0.0,0.0,0.0,0.0,0.0,0.0,0.0,0.0,0.0,0.0,0.0,0.0,0.0,0.0,0.0,0.0,0.0,0.0,0.0,0.0,0.0,0.0,0.0,0.0,0.0,0.0,2.5,4.0,10.0
1,0.0,0.0,0.0,0.0,1.51,0.0,0.0,0.0,0.0,0.0,0.0,0.0,0.0,0.0,0.0,0.0,0.0,0.0,4.76,0.0,3.14,0.0,0.0,0.0,0.0,0.0,0.0,0.0,0.0,0.0,0.0,0.0,0.0,0.0,0.0,0.0,0.0,0.0,0.0,0.0,0.0,0.0,0.0,0.0,0.0,0.0,0.0,0.0,0.0,0.8,0.0,0.0,1.5,4.0,9.0
1,0.0,0.0,0.0,0.0,0.0,0.0,0.0,0.0,0.0,0.0,0.0,0.0,0.0,0.0,0.0,0.0,0.0,0.0,0.0,0.0,0.0,0.0,0.0,0.0,3.183999999999996,1.7939999999999965,0.0,0.0,0.0,0.0,0.0,0.0,0.0,0.0,0.0,0.0,0.0,0.0,0.0,0.0,0.0,0.0,0.0,0.0,0.0,0.0,0.0,0.0,0.0,0.0,0.0,0.0,2.0,3.0,9.0
2,0.5,0.0,0.75,0.0,0.25,0.25,0.25,0.5,0.0,0.0,0.38,2.22,0.0,0.0,0.0,0.5,0.91,0.25,4.03,0.0,2.01,0.0,0.0,0.0,0.0,0.0,0.0,0.0,0.0,0.0,0.0,0.0,0.0,0.0,0.0,0.0,0.0,0.0,0.0,0.0,0.0,0.0,0.0,0.0,0.0,0.0,0.0,0.0,0.034,0.375,0.034,0.0,4.2,60.0,231.0
2,0.14,0.28,0.84,0.0,0.14,0.14,0.0,0.6,0.42,0.14,0.0,0.56,0.28,0.14,0.16,0.14,0.14,0.28,4.34,0.14,2.1,0.0,0.14,0.28,0.0,0.0,0.0,0.0,0.0,0.0,0.0,0.0,0.0,0.0,0.0,0.0,0.0,0.0,0.0,0.0,0.0,0.0,0.0,0.0,0.42,0.0,0.0,0.0,0.025,0.381,0.05,0.0,2.322,15.0,216.0
2,0.0,0.0,0.71,0.0,0.71,0.0,0.0,0.0,0.0,0.0,0.0,0.0,0.0,0.0,0.0,0.71,0.0,0.0,1.42,0.0,0.71,0.0,0.0,0.0,0.0,0.0,0.0,0.0,0.0,0.0,0.0,0.0,0.0,0.0,0.0,0.0,0.0,0.0,0.0,0.0,0.0,0.0,0.0,0.0,0.71,0.0,0.0,0.0,0.121,1.094,0.0,0.0,2.021,16.0,95.0
1,0.6569999999999983,0.0,0.0,0.0,0.0,0.64,0.0,0.0,0.0,0.0,0.0,0.0,0.0,0.0,0.0,0.0,0.0,0.0,0.0,0.0,0.0,0.0,0.0,0.0,0.0,0.0,1.12,0.0,0.0,0.0,0.0,0.0,0.0,0.0,0.0,0.0,0.0,0.0,0.0,0.0,0.0,0.0,0.0,0.0,1.12,0.0,0.0,0.0,0.0,0.204,0.0,0.0,1.214,3.0,34.0
2,0.0,0.0,0.52,0.0,0.52,0.0,0.0,0.52,0.0,0.0,0.0,1.05,0.0,0.0,0.16,0.0,0.52,0.52,2.64,0.0,2.64,0.0,0.73,0.0,0.0,0.0,0.0,0.0,0.0,0.0,0.0,0.0,0.0,0.0,0.0,0.0,0.0,0.0,0.52,0.39,0.0,0.0,0.0,0.0,0.0,0.0,0.0,0.0,0.19,0.095,0.38239999999999963,0.0,5.038,60.0,131.0
1,0.0,0.0,0.0,0.0,0.0,0.0,0.0,0.0,0.0,0.0,0.0,0.0,0.0,0.0,0.0,0.0,0.0,0.0,0.0,0.0,2.12,0.0,0.0,0.0,2.12,0.0,0.0,0.85,0.0,0.0,0.0,0.0,0.4669999999999982,0.0,0.66,0.0,0.0,0.0,0.0,0.0,0.0,0.0,0.0,0.0,1.44,0.0,0.0,0.0,0.537,0.0,0.0,0.0,2.708,15.0,65.0
1,0.0,0.1,0.0,0.0,0.1,0.21,0.0,0.1,0.0,0.0,0.0,1.19,0.0,0.0,0.0,0.0,0.0,0.0,0.1,0.0,0.0,0.0,0.0,0.0,0.87,0.0,0.0,0.0,0.0,0.1,0.0,0.0,0.1,0.0,0.0,0.43,0.0,0.0,0.0,0.0,0.0,0.0,0.0,0.1,0.0,0.0,0.0,0.0,0.047,0.0,0.031,0.0,1.793,12.0,391.0
2,0.0,0.6169999999999982,0.0,0.0,0.8,0.0,0.7839999999999964,0.0,0.0,0.8,0.0,0.0,0.0,0.0,0.0,0.8,0.8,0.8,1.6,0.0,1.6,0.0,0.0,0.0,0.0,0.0,0.0,0.0,0.0,0.0,0.0,0.0,0.0,0.0,0.0,0.0,0.0,0.0,0.0,0.0,0.0,0.0,0.0,0.0,0.0,0.0,0.0,0.0,0.135,0.27,0.0,0.0,3.115,19.0,81.0
1,0.0,0.0,0.0,0.0,0.81,0.0,0.0,0.0,0.0,0.0,0.0,0.81,0.65,0.0,0.0,0.0,0.0,0.0,1.62,0.0,0.0,0.0,0.0,0.0,0.81,0.0,1.62,0.0,0.0,0.0,0.0,0.0,0.0,0.0,0.0,0.0,0.0,0.0,0.0,0.0,0.0,0.0,0.0,0.0,0.81,0.0,0.0,0.0,0.143,0.143,0.0,0.0,1.055,2.0,19.0
1,0.0,0.0,0.0,0.0,0.0,0.0,0.0,0.0,0.0,0.0,0.0,0.0,0.0,0.0,0.0,0.0,0.0,0.0,4.76,0.0,0.0,0.0,0.0,0.0,0.0,0.0,0.0,0.0,0.0,0.0,0.0,0.0,0.0,0.0,0.0,0.0,0.0,0.0,0.0,0.0,0.0,0.0,0.0,0.0,1.44,1.166999999999998,0.0,0.0,0.537,1.075,0.0,0.0,1.2,3.0,12.0
1,0.0,0.0,0.0,0.0,0.44,0.0,0.0,0.0,0.0,0.0,0.0,0.0,0.0,0.0,0.0,0.0,0.0,0.0,0.0,0.0,0.0,0.0,0.0,0.0,0.0,0.0,0.0,0.0,0.51,0.0,0.0,0.0,0.0,0.0,0.0,0.0,0.44,0.0,0.0,0.0,0.0,0.44,0.0,0.0,0.0,0.0,0.0,0.0,0.0,0.0,0.0,0.0,3.901,33.0,398.0
2,0.0,0.0,0.0,0.0,0.65,0.0,0.65,0.0,0.0,0.0,0.0,0.0,0.0,0.0,0.0,0.0,0.0,0.0,4.76,0.0,0.65,0.0,0.0,0.0,0.0,0.0,0.0,0.0,0.0,0.0,0.0,0.0,0.0,0.0,0.0,0.0,0.0,0.0,0.0,0.0,0.0,0.0,0.0,0.0,0.65,0.0,0.0,0.0,0.0,1.1457999999999993,0.0,0.0,2.973,21.0,113.0
2,0.47,0.6169999999999982,0.94,0.0,0.47,0.0,0.0,0.47,0.0,1.32,0.0,2.22,0.0,0.17,0.0,0.47,0.0,0.0,1.88,0.0,3.14,0.0,0.0,0.0,0.0,0.0,0.0,0.0,0.0,0.0,0.0,0.0,0.0,0.0,0.0,0.0,0.0,0.0,0.0,0.0,0.0,0.0,0.0,0.0,0.0,0.0,0.0,0.0,0.253,1.1457999999999993,0.168,0.084,9.018899999999988,156.39999999999964,744.0
2,0.6569999999999983,0.0,0.0,0.0,0.0,0.0,0.7839999999999964,0.0,0.0,1.32,0.38,0.9,0.0,0.0,0.0,0.9,0.91,0.0,4.76,0.0,0.9,0.0,0.73,0.0,0.0,0.0,0.0,0.0,0.0,0.0,0.0,0.0,0.0,0.0,0.0,0.0,0.0,0.0,0.0,0.0,0.0,0.0,0.0,0.0,0.0,0.0,0.0,0.0,0.0,0.391,0.13,0.14209999999999945,2.15,7.0,43.0
2,0.0,0.0,0.0,0.0,0.28,0.64,0.0,0.0,0.0,0.0,0.0,0.57,0.28,0.0,0.0,0.0,0.28,0.0,0.28,0.0,0.28,0.0,0.0,0.0,0.0,0.0,0.0,0.0,0.0,0.0,0.0,0.0,0.0,0.0,0.0,0.0,0.0,0.0,0.0,0.0,0.0,0.0,0.0,0.0,0.0,0.0,0.0,0.084,0.126,0.0,0.0,0.0,9.018899999999988,156.39999999999964,1179.3999999999996
2,0.52,0.0,1.29,0.0,0.26,0.0,0.26,0.0,0.52,0.0,0.26,0.0,0.0,0.0,0.0,0.79,0.0,0.0,1.32,0.0,1.05,0.0,0.0,0.52,0.0,0.0,0.0,0.0,0.0,0.0,0.0,0.0,0.26,0.0,0.0,0.26,0.26,0.0,0.52,0.0,0.0,0.0,0.0,0.0,0.0,0.0,0.0,0.0,0.537,0.326,0.0,0.0,5.549,71.0,566.0
1,0.0,0.0,0.0,0.0,0.0,0.0,0.0,0.0,0.0,0.0,0.0,0.0,0.0,0.0,0.0,0.27,0.0,0.27,0.55,0.0,0.55,0.0,0.0,0.0,0.0,0.0,0.0,0.0,0.0,0.0,0.0,0.0,0.0,0.0,0.0,0.0,0.0,0.0,0.0,0.0,0.0,0.0,0.0,0.0,0.55,0.27,0.0,0.0,0.122,0.0,0.0,0.04,3.891,70.0,323.0
1,0.49,0.0,0.0,0.0,0.49,0.49,0.0,0.49,0.0,0.0,0.0,0.49,0.65,0.0,0.0,0.0,0.0,0.0,0.49,0.0,0.0,0.0,0.0,0.0,2.48,0.99,0.0,0.0,0.51,0.7139999999999963,0.0,0.0,0.0,0.0,0.0,0.49,0.49,0.0,0.0,0.0,0.0,0.0,0.0,0.0,0.0,0.0,0.0,0.0,0.145,0.0,0.0,0.0,1.641,10.0,87.0
1,0.6569999999999983,0.0,0.0,0.0,0.0,0.0,0.0,0.0,0.0,0.0,0.0,0.0,0.0,0.0,0.0,0.0,0.0,0.0,1.9,0.0,0.95,0.0,0.0,0.0,0.0,0.0,0.0,0.0,0.0,0.0,0.0,0.0,0.0,0.0,0.0,0.0,0.0,0.0,0.0,0.0,0.0,0.0,0.0,0.0,0.95,0.95,0.0,0.0,0.144,1.1457999999999993,0.0,0.0,2.13,15.0,49.0
1,0.0,0.0,0.0,0.0,0.0,0.0,0.0,0.0,0.0,0.0,0.0,0.0,0.0,0.0,0.0,0.0,0.0,0.0,1.66,0.0,0.0,0.0,0.0,0.0,0.0,0.0,1.66,0.0,0.0,0.0,0.0,0.0,0.0,0.0,0.0,0.0,0.0,0.0,0.0,0.0,0.0,0.0,0.0,0.0,0.0,0.0,0.0,0.0,0.0,0.304,0.0,0.0,2.125,9.0,34.0
2,0.0,0.5,0.0,0.0,1.25,0.0,0.0,0.25,0.0,0.75,0.25,0.75,0.0,0.0,0.0,0.25,0.0,0.0,2.01,0.0,1.76,0.0,0.0,0.0,0.0,0.0,0.0,0.0,0.0,0.0,0.0,0.0,0.4669999999999982,0.0,0.0,0.0,0.0,0.0,0.0,0.0,0.0,0.0,0.0,0.25,0.25,0.0,0.0,0.0,0.222,0.031,0.0,0.0,5.5,114.0,616.0
2,0.0,0.6169999999999982,0.0,0.0,0.8,0.0,0.7839999999999964,0.0,0.0,0.8,0.0,0.0,0.0,0.0,0.0,0.8,0.8,0.8,1.61,0.0,1.61,0.0,0.0,0.0,0.0,0.0,0.0,0.0,0.0,0.0,0.0,0.0,0.0,0.0,0.0,0.0,0.0,0.0,0.0,0.0,0.0,0.0,0.0,0.0,0.0,0.0,0.0,0.0,0.134,0.269,0.0,0.0,3.115,19.0,81.0
2,0.0,0.43,0.43,0.0,0.43,0.0,0.0,0.0,0.0,0.0,0.0,0.43,0.0,0.0,0.0,0.43,0.0,0.86,1.29,0.0,0.86,0.0,0.0,0.0,0.0,0.0,0.0,0.0,0.0,0.0,0.0,0.0,0.0,0.0,0.0,0.0,0.0,0.0,0.0,0.0,0.0,0.0,0.0,0.0,0.0,0.0,0.0,0.0,0.147,0.736,0.0,0.0,2.81,61.0,222.0
1,0.6569999999999983,0.0,0.0,0.0,0.0,0.0,0.0,0.0,0.0,0.0,0.0,0.0,0.0,0.0,0.0,0.0,0.0,0.0,0.0,0.0,0.0,0.0,0.73,0.0,0.0,0.0,0.0,0.0,0.0,0.0,0.0,0.0,0.0,0.0,0.0,0.0,0.95,0.0,0.0,0.0,0.0,0.0,0.0,0.0,0.97,0.0,0.0,0.0,0.537,0.0,0.0,0.0,2.0,5.0,38.0
2,0.54,0.0,0.54,0.0,1.51,0.0,0.0,0.0,0.0,0.0,0.0,0.54,0.0,0.0,0.0,0.54,0.54,0.0,2.17,0.0,3.14,0.0,0.54,0.0,0.0,0.0,0.0,0.0,0.0,0.0,0.0,0.0,0.0,0.0,0.0,0.0,0.0,0.0,0.0,0.0,0.0,0.0,0.0,0.0,0.0,0.0,0.0,0.0,0.0,0.715,0.318,0.0,2.345,22.0,129.0
1,0.0,0.0,0.0,0.0,0.0,0.0,0.0,0.0,0.0,0.0,0.0,2.22,0.0,0.0,0.0,0.0,0.0,0.0,0.0,0.0,0.0,0.0,0.0,0.0,0.0,0.0,0.0,0.0,0.0,0.0,0.0,0.0,0.0,0.0,0.0,0.0,0.0,0.0,0.0,0.0,0.0,0.0,0.0,0.0,0.0,0.0,0.0,0.0,0.0,0.485,0.0,0.0,3.444,15.0,31.0
1,0.0,0.0,0.0,0.0,0.0,0.0,0.0,0.0,0.0,0.8,0.0,0.0,0.0,0.0,0.0,1.36,0.0,0.0,0.8,0.0,0.8,0.0,0.0,0.0,0.8,0.0,0.0,0.0,0.0,0.0,0.32,0.0,0.4669999999999982,0.0,0.0,0.0,0.0,0.0,0.0,0.0,0.0,0.0,0.0,0.0,0.0,0.0,0.0,0.0,0.089,0.0,0.0,0.0,2.405,28.0,89.0
1,0.0,0.0,0.0,0.0,1.51,0.0,0.0,0.0,0.0,0.75,0.0,0.0,0.0,0.0,0.0,0.0,0.0,0.0,1.5,0.0,0.0,0.0,0.0,0.0,0.75,0.75,1.5,0.85,0.0,0.0,0.0,0.0,0.0,0.0,0.66,0.0,0.0,0.0,0.0,0.0,0.0,0.0,0.0,0.0,0.0,0.0,0.0,0.0,0.128,0.0,0.128,0.128,3.657,28.0,128.0
2,0.0,0.31,0.42,0.0,0.0,0.1,0.0,0.52,0.21,0.52,0.0,0.52,0.63,0.1,0.1,0.21,0.31,0.21,2.53,0.35,1.69,0.0,0.0,0.1,0.0,0.0,0.0,0.0,0.0,0.0,0.0,0.0,0.0,0.0,0.0,0.0,0.0,0.0,0.0,0.0,0.0,0.0,0.0,0.0,0.1,0.0,0.0,0.0,0.016,0.887,0.032,0.049,3.446,156.39999999999964,1003.0
1,0.0,0.0,0.08,0.0,0.17,0.0,0.0,0.08,0.08,0.0,0.0,0.43,0.08,0.0,0.0,0.0,0.0,0.0,0.0,0.0,0.0,0.0,0.08,0.0,3.183999999999996,0.0,0.0,0.0,0.0,0.0,0.0,0.0,0.0,0.0,0.0,0.63,0.17,0.0,0.0,0.0,0.0,0.08,0.0,0.17,0.0,0.0,0.0,0.08,0.045,0.0,0.011,0.0,2.45,25.0,566.0
2,0.0,0.37,0.0,0.0,0.37,0.37,0.37,0.6,0.37,0.37,0.0,0.74,0.37,0.0,0.0,0.37,0.91,0.0,3.73,0.35,1.49,0.0,0.0,0.0,0.0,0.0,0.0,0.0,0.0,0.0,0.0,0.0,0.0,0.0,0.0,0.0,0.0,0.0,0.0,0.39,0.0,0.0,0.0,0.0,0.37,0.0,0.0,0.0,0.0,1.1457999999999993,0.38239999999999963,0.0,3.337,64.0,267.0
1,0.0,0.0,0.0,0.0,0.0,0.0,0.0,0.0,0.0,0.0,0.0,0.0,0.0,0.0,0.0,0.0,0.91,0.0,0.0,0.0,0.0,0.0,0.0,0.0,3.183999999999996,1.7939999999999965,0.0,0.0,0.0,0.7139999999999963,0.0,0.0,0.0,0.0,0.0,0.0,0.0,0.0,0.0,0.39,0.0,0.0,0.0,0.0,0.0,0.0,0.0,0.17069999999999982,0.0,0.123,0.0,0.0,2.063,34.0,130.0
1,0.0,0.0,0.0,0.0,0.0,0.0,0.0,0.0,0.0,0.0,0.0,0.0,0.0,0.0,0.0,0.0,0.0,0.0,0.0,0.0,0.0,0.0,0.0,0.0,0.0,0.0,1.916999999999998,0.0,0.0,0.0,0.0,0.0,0.0,0.0,0.0,0.0,0.0,0.0,0.0,0.0,0.0,0.0,0.0,0.0,0.0,0.0,0.0,0.0,0.0,1.086,0.0,0.0,1.0,1.0,9.0
1,0.0,0.0,1.29,0.0,0.0,0.0,0.0,0.0,0.0,0.0,0.0,0.0,0.0,0.0,0.0,0.0,0.0,0.0,0.0,0.0,0.0,0.0,0.0,0.0,0.0,0.0,0.0,0.0,0.0,0.0,0.0,0.0,0.0,0.0,0.0,0.0,0.0,0.0,0.0,0.0,0.0,0.0,0.0,0.0,0.0,0.0,0.0,0.0,0.537,0.0,0.0,0.0,1.823,8.0,31.0
2,0.0,0.0,0.0,0.0,1.26,0.0,0.7839999999999964,0.0,0.0,0.0,0.0,0.0,0.0,0.0,0.0,0.0,0.0,1.19,0.0,0.0,1.26,0.0,0.0,0.0,0.0,0.0,0.0,0.0,0.0,0.0,0.0,0.0,0.0,0.0,0.0,0.0,0.0,0.0,0.0,0.0,0.0,0.0,0.0,0.0,1.26,0.0,0.0,0.17069999999999982,0.0,0.0,0.215,0.14209999999999945,3.529,13.0,60.0
1,0.0,0.0,0.51,0.0,0.17,0.17,0.0,0.0,0.0,0.0,0.0,0.0,0.17,0.0,0.0,0.0,0.0,0.0,1.19,0.0,1.02,0.0,0.0,0.0,2.9,0.0,0.0,0.0,0.0,0.0,0.32,0.0,0.0,0.0,0.0,0.0,0.34,0.0,0.0,0.0,0.0,0.0,0.17,0.0,0.0,0.0,0.0,0.026,0.156,0.078,0.0,0.0,1.748,13.0,299.0
1,0.0,0.0,0.0,0.0,0.0,0.0,0.0,0.0,0.0,0.0,0.0,2.22,0.0,0.0,0.0,0.58,0.0,0.0,0.0,0.0,1.74,0.0,0.0,0.0,2.32,0.0,0.0,0.0,0.0,0.7139999999999963,0.0,0.0,0.0,0.0,0.0,0.0,0.58,0.0,0.0,0.0,0.0,0.0,0.0,0.0,0.0,0.0,0.0,0.0,0.165,0.0,0.0,0.0,1.7,12.0,68.0
1,0.0,0.0,0.0,0.0,0.0,0.0,0.0,0.0,0.0,0.0,0.0,0.0,0.0,0.0,0.0,0.0,0.0,0.0,2.04,0.0,0.0,0.0,0.0,0.0,0.0,0.0,0.0,0.0,0.0,0.0,0.0,0.0,0.0,0.0,0.0,0.0,0.0,0.0,0.0,0.0,0.0,0.0,0.0,0.0,0.0,0.0,0.0,0.17069999999999982,0.373,0.373,0.0,0.0,1.714,4.0,12.0
1,0.0,0.0,0.0,0.0,0.0,0.0,0.0,0.0,0.0,0.0,0.0,0.0,0.0,0.0,0.0,0.0,0.0,0.0,2.03,0.0,0.0,0.0,0.0,0.0,2.53,1.7939999999999965,1.52,0.0,0.0,0.0,0.0,0.0,0.4669999999999982,0.0,0.0,0.0,0.5,0.0,0.5,0.0,0.0,0.0,0.31,0.2869999999999982,0.5,0.0,0.0,0.094,0.0,0.094,0.0,0.0,1.26,12.0,63.0
2,0.0,0.0,0.0,0.0,1.51,0.0,0.0,0.6,0.67,1.32,0.0,0.0,0.0,0.0,0.0,0.0,0.91,0.0,0.0,0.35,2.38,0.0,0.0,0.0,0.0,0.0,0.0,0.0,0.0,0.0,0.0,0.0,0.0,0.0,0.0,0.0,0.0,0.0,0.0,0.0,0.0,0.0,0.0,0.0,0.0,0.0,0.0,0.0,0.0,0.396,0.0,0.0,9.018899999999988,149.0,159.0
1,0.0,0.0,0.0,0.0,1.51,0.0,0.0,0.0,0.0,0.0,0.0,0.0,0.0,0.0,0.0,0.0,0.0,0.0,1.85,0.0,0.0,0.0,0.0,0.0,0.0,0.0,0.0,0.0,0.0,0.0,0.0,0.0,0.0,0.0,0.0,0.0,0.0,0.0,0.0,0.0,0.0,0.0,0.0,0.0,0.0,1.166999999999998,0.0,0.0,0.0,0.0,0.0,0.0,1.0,1.0,19.0
2,0.44,0.0,0.0,0.0,0.89,0.0,0.0,0.0,0.0,0.44,0.0,1.33,0.0,0.0,0.0,0.44,0.0,0.0,4.46,0.0,1.78,0.0,0.0,0.44,0.0,0.0,0.0,0.0,0.0,0.0,0.0,0.0,0.0,0.0,0.0,0.0,0.0,0.0,0.0,0.0,0.0,0.0,0.0,0.0,0.44,0.0,0.0,0.0,0.0,1.083,0.144,0.072,2.428,28.0,153.0
1,0.0,0.0,0.0,0.0,0.0,0.0,0.0,0.0,0.0,1.32,0.0,0.0,0.0,0.0,0.0,0.0,0.0,0.0,0.0,0.0,0.0,0.0,0.0,0.0,0.0,0.0,1.66,0.0,0.0,0.0,0.0,0.0,0.0,0.0,0.0,0.0,0.0,0.0,0.0,0.0,0.0,0.0,0.0,0.0,0.0,0.0,0.0,0.0,0.0,0.0,0.0,0.0,3.85,26.0,77.0
1,0.16,0.0,0.67,0.0,0.33,0.16,0.33,0.6,0.33,0.67,0.33,1.51,0.0,0.0,0.0,0.0,0.91,0.33,2.01,0.35,3.14,0.0,0.0,0.33,0.0,0.0,0.0,0.0,0.0,0.0,0.0,0.0,0.0,0.0,0.0,0.0,0.0,0.0,0.0,0.16,0.0,0.0,0.0,0.0,0.0,0.0,0.0,0.0,0.205,1.027,0.051,0.0,4.984,70.0,638.0
1,0.0,0.0,0.12,0.0,0.12,0.0,0.0,0.29,0.08,0.04,0.0,0.8,0.04,0.0,0.0,0.0,0.08,0.0,0.88,0.0,0.63,0.0,0.08,0.0,1.9,0.5,0.0,0.08,0.0,0.12,0.21,0.0,0.0,0.0,0.08,0.0,0.21,0.0,0.21,0.0,0.0,0.0,0.0,0.08,0.0,0.0,0.0,0.038,0.115,0.044,0.051,0.0,1.664,27.0,1179.3999999999996
1,0.0,0.15,0.0,0.0,0.15,0.0,0.0,0.0,0.15,0.15,0.3,0.46,0.0,0.0,0.0,0.0,0.0,0.15,0.3,0.0,1.07,0.0,0.0,0.0,0.0,0.0,0.0,0.0,0.0,0.15,0.0,0.0,0.4669999999999982,0.0,0.0,0.15,0.95,0.0,0.0,0.0,0.0,0.0,0.0,0.0,0.0,0.61,0.0,0.019,0.137,0.0,0.0,0.0,2.276,20.0,485.0
1,0.0,0.0,0.33,0.0,0.08,0.0,0.0,0.16,0.0,0.0,0.0,1.0,0.08,0.0,0.0,0.0,0.25,0.0,0.16,0.0,0.0,0.0,0.0,0.0,2.68,0.0,0.0,0.0,0.0,0.0,0.0,0.0,0.08,0.0,0.0,0.08,0.08,0.0,0.0,0.0,0.0,0.25,0.0,0.0,0.16,0.0,0.0,0.134,0.089,0.0,0.0,0.0,2.432,24.0,557.0
1,0.0,0.0,0.24,0.0,0.0,0.0,0.0,0.0,0.0,0.48,0.0,0.24,0.0,0.0,0.0,0.0,0.48,0.24,0.72,0.35,0.72,0.0,0.0,0.0,1.69,0.0,0.0,0.0,0.0,0.0,0.0,0.0,0.0,0.0,0.0,0.0,0.0,0.0,0.0,0.0,0.0,0.0,0.0,0.0,0.0,0.0,0.0,0.0,0.035,0.0,0.0,0.0,3.179,87.0,283.0
2,0.19,0.19,0.0,0.0,1.51,0.19,0.77,0.0,0.19,0.19,0.0,0.77,0.58,0.0,0.0,0.19,0.58,1.19,0.77,0.0,0.38,0.0,0.19,0.0,0.0,0.0,0.0,0.0,0.0,0.0,0.0,0.0,0.0,0.0,0.0,0.0,0.0,0.0,0.19,0.0,0.0,0.0,0.0,0.0,0.0,0.0,0.0,0.03,0.061,0.185,0.216,0.0,1.948,11.0,113.0
1,0.0,0.0,0.0,0.0,0.0,0.64,0.0,0.6,0.0,0.0,0.0,0.0,0.0,0.0,0.0,0.0,0.0,0.0,0.0,0.0,0.0,0.0,0.0,0.0,0.0,0.0,0.0,0.0,0.0,0.0,0.0,0.0,0.0,0.0,0.0,0.0,0.0,0.0,0.0,0.0,0.0,0.0,0.0,0.0,0.0,0.0,0.0,0.0,0.144,0.0,0.0,0.0,1.523,11.0,64.0
2,0.0,0.0,0.63,0.0,0.0,0.0,0.0,0.0,0.0,0.0,0.0,0.0,0.0,0.0,0.0,0.0,0.0,0.0,0.0,0.0,0.63,0.0,0.0,0.0,0.0,0.0,0.0,0.0,0.0,0.0,0.0,0.0,0.0,0.0,0.66,0.0,0.0,0.0,0.0,0.0,0.0,0.0,0.0,0.0,0.0,0.0,0.0,0.0,0.265,0.797,0.38239999999999963,0.0,9.018899999999988,75.0,288.0
2,0.0,0.0,1.29,0.0,1.51,0.44,0.0,0.44,0.0,0.0,0.0,0.0,0.0,0.0,0.0,0.0,0.0,0.0,4.46,0.35,0.89,0.0,0.44,0.0,0.0,0.0,0.0,0.0,0.0,0.0,0.0,0.0,0.0,0.0,0.0,0.0,0.0,0.0,0.0,0.0,0.0,0.0,0.0,0.0,0.44,0.0,0.0,0.078,0.078,0.0,0.0,0.0,1.541,5.0,37.0
2,0.0,0.0,0.0,0.0,0.94,0.0,0.0,0.0,0.0,0.0,0.0,0.0,0.0,0.0,0.0,0.0,0.0,0.0,1.88,0.0,2.83,0.0,0.0,0.0,0.0,0.0,0.0,0.0,0.0,0.0,0.0,0.0,0.0,0.0,0.0,0.0,0.0,0.0,0.0,0.0,0.0,0.0,0.0,0.0,0.0,0.0,0.0,0.0,0.0,0.428,0.0,0.0,4.652,31.0,107.0
2,0.0,0.0,0.0,0.0,0.2,0.0,0.0,0.0,0.0,0.0,0.0,0.0,0.0,0.0,0.0,0.0,0.0,0.0,0.0,0.0,0.0,0.0,0.0,0.0,0.0,0.0,0.0,0.0,0.0,0.0,0.0,0.0,0.0,0.0,0.0,0.0,0.0,0.0,0.0,0.0,0.0,0.0,0.0,0.0,0.0,0.0,0.0,0.0,0.204,0.034,0.0,0.0,2.588,15.0,277.0
1,0.0,0.0,0.0,0.0,0.0,0.0,0.0,0.0,0.3,0.0,0.0,0.3,0.0,0.17,0.0,0.0,0.3,0.0,0.6,0.0,0.91,0.0,0.0,0.0,0.0,0.0,1.51,0.0,0.0,0.0,0.0,0.0,0.0,0.0,0.0,0.0,0.0,0.0,0.0,0.0,0.0,0.61,0.0,0.0,0.0,0.0,0.0,0.0,0.057,0.0,0.0,0.14209999999999945,2.011,28.0,358.0
1,0.0,0.0,0.0,0.0,0.0,0.0,0.0,0.0,0.0,1.32,0.0,0.0,0.0,0.0,0.0,0.0,0.0,0.0,2.5,0.0,2.5,0.0,0.0,0.0,0.0,0.0,0.0,0.0,0.0,0.0,0.0,0.0,0.0,0.0,0.0,0.0,0.0,0.0,0.0,0.0,0.0,0.0,0.0,0.0,0.0,0.0,0.0,0.0,0.0,0.0,0.0,0.0,1.416,3.0,17.0
1,0.0,0.0,0.0,0.0,0.0,0.0,0.0,0.0,0.0,0.0,0.0,0.33,0.0,0.0,0.0,0.0,0.0,0.0,4.29,0.0,2.64,0.0,0.0,0.0,0.0,0.0,0.0,0.0,0.0,0.0,0.0,0.0,0.0,0.0,0.0,0.0,0.0,0.0,0.0,0.0,0.0,0.0,0.0,0.0,0.66,0.0,0.0,0.0,0.058,0.0,0.0,0.0,1.153,3.0,15.0
1,0.0,0.0,0.0,0.0,0.0,0.0,0.0,0.0,0.0,1.23,0.0,0.0,0.0,0.0,0.0,1.23,0.0,0.0,1.23,0.0,0.0,0.0,0.0,0.0,0.0,1.23,1.916999999999998,0.0,0.0,0.0,0.0,0.0,0.0,0.0,0.0,0.0,0.95,0.0,0.53,0.0,0.0,0.0,0.31,0.2869999999999982,1.23,0.0,0.0,0.0,0.537,0.192,0.0,0.0,1.535,12.0,43.0
2,0.24,0.0,0.24,0.0,0.0,0.48,0.24,0.0,0.0,0.48,0.24,0.72,0.65,0.0,0.0,1.36,0.72,0.0,1.92,0.0,1.68,0.0,0.24,0.0,0.0,0.0,0.0,0.0,0.0,0.0,0.0,0.0,0.0,0.0,0.0,0.0,0.0,0.0,0.0,0.0,0.0,0.0,0.0,0.0,0.0,0.0,0.0,0.0,0.0,0.677,0.38239999999999963,0.14209999999999945,4.333,52.0,429.0
1,0.0,0.0,0.0,0.0,0.0,0.0,0.0,0.0,0.0,0.0,0.0,0.0,0.65,0.0,0.0,0.0,0.0,0.0,2.4,0.0,0.8,0.0,0.0,0.0,0.0,0.0,0.0,0.0,0.0,0.0,0.0,0.0,0.0,0.0,0.0,0.0,0.8,0.0,0.53,0.0,0.0,0.61,0.31,0.0,1.44,0.8,0.0,0.128,0.0,0.0,0.0,0.0,1.596,12.0,83.0
1,0.0,0.0,0.0,0.0,0.0,0.0,0.0,0.0,0.0,0.46,0.0,1.84,0.0,0.0,0.0,0.0,0.0,0.46,1.38,0.0,0.46,0.0,0.0,0.0,1.84,1.38,0.92,0.85,0.46,0.46,0.32,0.0,0.0,0.07,0.66,0.46,0.0,0.0,0.0,0.39,0.0,0.61,0.0,0.0,0.46,0.0,0.0,0.0,0.362,0.0,0.0,0.0,4.153,34.0,162.0
1,0.0,0.0,0.0,0.0,0.0,0.0,0.0,0.0,0.0,0.0,0.0,0.0,0.0,0.0,0.0,0.0,0.0,0.0,0.0,0.0,0.0,0.0,0.0,0.0,0.0,0.0,0.0,0.0,0.0,0.0,0.0,0.0,0.0,0.0,0.0,0.0,0.0,0.0,0.0,0.0,0.0,0.0,0.0,0.0,0.0,1.166999999999998,0.0,0.0,0.537,0.0,0.0,0.0,1.0,1.0,9.0
1,0.0,0.0,0.5,0.0,0.0,0.0,0.0,0.0,0.0,0.0,0.0,0.0,0.0,0.0,0.0,0.5,0.0,0.0,2.02,0.0,0.0,0.0,0.0,0.0,0.0,0.0,0.0,0.0,0.0,0.0,0.0,0.0,0.0,0.0,0.0,0.0,0.95,0.0,0.0,0.0,0.0,0.0,0.31,0.0,0.0,1.01,0.0,0.17069999999999982,0.09,0.181,0.0,0.0,2.0,12.0,122.0
2,0.0,0.6169999999999982,0.98,0.0,0.32,0.0,0.0,0.0,0.0,0.0,0.0,0.65,0.0,0.0,0.0,0.32,0.0,1.19,2.61,0.0,1.3,0.0,0.0,0.0,0.0,0.0,0.0,0.0,0.0,0.0,0.0,0.0,0.0,0.0,0.0,0.0,0.0,0.0,0.0,0.0,0.0,0.0,0.0,0.0,0.32,0.0,0.0,0.0,0.053,0.477,0.0,0.0,4.273,121.0,312.0
2,0.6569999999999983,0.35,0.71,0.0,1.51,0.0,0.0,0.0,0.0,0.35,0.0,1.43,0.0,0.0,0.0,0.35,0.0,0.0,3.94,0.0,1.43,0.0,0.0,0.0,0.0,0.0,0.0,0.0,0.0,0.0,0.0,0.0,0.0,0.0,0.0,0.0,0.0,0.0,0.0,0.0,0.0,0.0,0.0,0.0,0.0,0.0,0.0,0.0,0.061,0.0,0.0,0.0,8.086,153.0,186.0
2,0.0,0.0,1.29,0.0,0.0,0.64,0.36,0.0,0.0,0.0,0.36,0.36,0.0,0.0,0.0,0.36,0.0,0.0,2.21,0.35,2.95,0.0,0.73,0.0,0.0,0.0,0.0,0.0,0.0,0.0,0.0,0.0,0.0,0.0,0.0,0.0,0.0,0.0,0.0,0.0,0.0,0.0,0.0,0.0,0.0,0.0,0.0,0.0,0.123,0.433,0.38239999999999963,0.14209999999999945,3.0,33.0,177.0
2,0.09,0.49,0.59,0.0,0.39,0.19,0.0,0.0,0.09,0.39,0.0,1.57,0.19,0.0,0.0,0.0,0.09,0.0,3.75,0.09,1.08,0.0,0.0,0.09,0.0,0.0,0.0,0.0,0.0,0.0,0.0,0.0,0.0,0.0,0.0,0.0,0.0,0.0,0.0,0.0,0.0,0.0,0.0,0.0,0.0,0.0,0.0,0.17069999999999982,0.037,1.1457999999999993,0.38239999999999963,0.0,5.96,54.0,757.0
1,0.0,0.0,0.18,0.0,0.0,0.09,0.0,0.0,0.0,0.0,0.0,0.94,0.37,0.0,0.0,0.0,0.28,0.0,0.0,0.0,0.0,0.0,0.0,0.0,1.41,0.0,0.0,0.0,0.0,0.0,0.0,0.0,0.4669999999999982,0.0,0.0,0.47,0.09,0.0,0.0,0.0,0.0,0.0,0.0,0.0,0.0,0.0,0.0,0.052,0.065,0.0,0.0,0.0,2.022,19.0,451.0
2,0.0,0.0,0.0,0.0,1.36,0.45,0.45,0.0,0.0,0.0,0.0,0.0,0.45,0.0,0.0,0.45,0.45,0.45,1.81,0.0,0.9,0.0,0.0,0.0,0.0,0.0,0.0,0.0,0.0,0.0,0.0,0.0,0.0,0.0,0.0,0.0,0.0,0.0,0.0,0.0,0.0,0.0,0.0,0.0,0.0,0.0,0.0,0.0,0.135,0.135,0.0,0.0,5.571,46.0,117.0
2,0.6569999999999983,0.0,0.47,0.0,0.0,0.64,0.0,0.0,0.47,0.0,0.38,0.0,0.0,0.0,0.16,0.47,0.47,1.19,0.0,0.0,0.95,0.0,0.0,0.47,0.0,0.0,0.0,0.0,0.0,0.0,0.0,0.0,0.4669999999999982,0.0,0.0,0.0,0.0,0.0,0.0,0.0,0.0,0.0,0.0,0.0,0.0,0.47,0.0,0.0,0.537,0.169,0.38239999999999963,0.113,9.018899999999988,156.39999999999964,723.0
2,0.0,0.0,0.56,0.0,0.0,0.18,0.0,0.0,0.0,1.32,0.0,0.75,0.65,0.17,0.0,0.18,0.0,0.0,0.94,0.0,0.0,0.0,0.18,0.0,0.0,0.0,0.0,0.0,0.0,0.0,0.0,0.0,0.0,0.0,0.0,0.0,0.0,0.0,0.0,0.0,0.0,0.0,0.0,0.0,0.0,0.0,0.0,0.0,0.14,0.07,0.07,0.0,2.616,23.0,191.0
2,0.0,0.0,0.0,0.0,0.76,0.38,0.38,0.38,0.0,0.0,0.38,0.0,0.0,0.0,0.0,0.38,0.0,0.0,3.46,0.0,1.92,0.0,0.0,0.0,0.0,0.0,0.0,0.0,0.0,0.0,0.0,0.0,0.0,0.0,0.0,0.0,0.0,0.0,0.0,0.0,0.0,0.0,0.0,0.0,0.38,0.0,0.0,0.0,0.0,0.117,0.0,0.0,2.061,12.0,101.0
2,0.0,0.0,0.0,0.0,0.0,0.0,0.0,0.0,0.0,0.0,0.0,0.0,0.0,0.0,0.0,0.0,0.0,0.0,0.0,0.0,0.0,0.0,0.0,0.0,0.0,0.0,0.0,0.85,0.0,0.0,0.0,0.0,0.0,0.0,0.0,0.0,0.0,0.0,0.0,0.0,0.0,0.0,0.0,0.0,0.0,0.0,0.0,0.0,0.537,0.0,0.0,0.0,3.5,28.0,42.0
2,0.0,0.0,1.29,0.0,0.0,0.0,0.0,0.0,0.0,0.0,0.0,1.29,0.0,0.0,0.0,0.0,0.0,0.0,1.29,0.0,3.14,0.0,0.0,0.5769999999999982,0.0,0.0,0.0,0.0,0.0,0.0,0.0,0.0,0.0,0.0,0.0,0.0,0.0,0.0,0.0,0.0,0.0,0.0,0.0,0.0,0.0,0.0,0.0,0.0,0.0,0.0,0.198,0.0,4.23,25.0,55.0
1,0.0,0.0,1.29,0.0,0.0,0.0,0.0,0.0,0.0,0.0,0.0,0.0,0.0,0.0,0.0,0.0,0.0,0.0,4.54,0.0,0.0,0.0,0.0,0.0,0.0,0.0,0.0,0.0,0.0,0.0,0.0,0.0,0.0,0.0,0.0,0.0,0.0,0.0,0.0,0.0,0.0,0.0,0.0,0.0,0.0,0.0,0.0,0.0,0.537,0.0,0.0,0.0,1.0,1.0,9.0
2,0.0,0.0,0.0,0.0,0.0,0.64,0.0,0.0,0.0,0.0,0.0,0.52,0.0,0.0,0.0,0.0,0.0,0.0,0.0,0.0,0.0,0.0,0.0,0.0,0.0,0.0,0.0,0.0,0.0,0.0,0.0,0.0,0.0,0.0,0.0,0.0,0.0,0.0,0.0,0.0,0.0,0.0,0.0,0.0,0.0,0.0,0.0,0.0,0.057,0.0,0.0,0.0,2.675,36.0,99.0
1,0.0,0.0,1.18,0.0,0.0,0.0,0.0,0.0,0.59,0.0,0.0,0.0,0.0,0.0,0.0,0.0,0.0,0.0,1.77,0.0,1.77,0.0,0.0,0.0,0.0,0.0,0.0,0.0,0.0,0.0,0.0,0.0,0.0,0.0,0.0,0.0,0.59,0.0,0.0,0.0,0.0,0.0,0.0,0.0,0.0,0.0,0.0,0.0,0.0,0.313,0.313,0.0,7.588,66.0,129.0
1,0.0,0.0,0.0,0.0,0.0,0.0,0.0,0.0,0.0,0.0,0.0,1.41,0.0,0.0,0.0,0.0,0.7,0.0,1.41,0.0,1.41,0.0,0.0,0.0,0.0,0.0,0.7,0.0,0.0,0.0,0.32,0.0,0.0,0.0,0.0,0.0,0.0,0.0,0.0,0.39,0.0,0.0,0.0,0.0,0.0,0.0,0.0,0.0,0.267,0.0,0.0,0.0,9.018899999999988,156.39999999999964,375.0
1,0.0,0.0,0.0,0.0,0.0,0.0,0.0,0.0,0.0,0.0,0.0,0.0,0.0,0.0,0.0,1.36,0.0,0.0,1.38,0.0,0.0,0.0,0.0,0.0,0.0,0.0,1.916999999999998,0.0,0.0,0.0,0.0,0.0,0.0,0.0,0.0,0.0,0.95,0.0,0.0,0.0,0.0,0.0,0.0,0.0,1.38,0.0,0.0,0.0,0.0,0.0,0.0,0.0,1.666,9.0,35.0
1,0.0,0.0,0.0,0.0,1.51,0.0,0.0,0.0,0.0,0.0,0.0,2.22,0.0,0.0,0.0,0.0,0.0,0.0,1.51,0.0,0.0,0.0,0.0,0.0,0.0,0.0,0.0,0.0,0.0,0.0,0.0,0.0,0.0,0.0,0.0,0.0,0.0,0.0,0.0,0.0,0.0,0.0,0.0,0.2869999999999982,0.0,0.0,0.0,0.0,0.537,0.0,0.0,0.0,1.75,5.0,28.0
1,0.0,0.0,0.0,0.0,0.0,0.0,0.0,0.0,0.0,0.0,0.0,0.0,0.0,0.0,0.0,0.0,0.0,0.0,0.0,0.0,0.0,0.0,0.0,0.0,2.12,1.7939999999999965,0.0,0.0,0.0,0.0,0.0,0.0,0.0,0.0,0.0,0.0,0.95,0.0,0.0,0.0,0.0,0.0,0.0,0.0,0.0,0.0,0.0,0.0,0.0,0.0,0.0,0.0,1.666,6.0,30.0
1,0.0,0.0,0.0,0.0,0.0,0.0,0.0,0.0,0.0,0.0,0.0,0.0,0.0,0.0,0.0,0.0,0.0,0.0,0.0,0.0,0.0,0.0,0.0,0.0,0.0,0.0,0.0,0.0,0.0,0.0,0.0,0.0,0.0,0.0,0.0,0.0,0.0,0.0,0.0,0.0,0.0,0.0,0.0,0.0,1.44,0.0,0.0,0.0,0.0,0.632,0.0,0.0,1.0,1.0,9.0
2,0.1,0.1,0.7,0.0,0.6,0.2,0.4,0.1,0.67,0.81,0.1,0.5,0.0,0.0,0.0,0.1,0.0,1.11,2.22,0.35,1.92,0.0,0.0,0.3,0.0,0.0,0.0,0.0,0.0,0.0,0.0,0.0,0.0,0.0,0.1,0.0,0.0,0.0,0.1,0.0,0.0,0.0,0.0,0.0,0.0,0.0,0.0,0.0,0.0,0.994,0.38239999999999963,0.032,3.176,56.0,1042.0
1,0.0,0.0,0.0,0.0,0.0,0.0,0.0,0.0,0.0,0.0,0.0,0.33,0.0,0.0,0.0,0.0,0.0,0.0,0.0,0.0,0.0,0.0,0.0,0.0,0.0,0.0,0.67,0.0,0.0,0.0,0.32,0.0,0.4669999999999982,0.0,0.0,0.0,0.0,0.0,0.53,0.0,0.0,0.0,0.0,0.2869999999999982,0.0,0.0,0.0,0.0,0.0,0.0,0.0,0.14209999999999945,3.0,14.0,348.0
2,0.0,0.19,0.39,0.0,0.0,0.0,0.19,0.0,0.0,0.0,0.0,0.0,0.0,0.0,0.0,0.0,0.0,0.19,2.36,0.0,1.18,0.0,0.0,0.19,0.0,0.0,0.0,0.0,0.0,0.0,0.0,0.0,0.0,0.0,0.0,0.0,0.0,0.0,0.0,0.0,0.0,0.0,0.0,0.0,0.0,0.0,0.0,0.0,0.03,0.152,0.0,0.0,1.357,19.0,148.0
2,0.0,0.6169999999999982,1.29,0.0,0.75,0.0,0.0,0.0,0.67,1.32,0.0,2.22,0.0,0.0,0.16,0.0,0.75,0.0,0.75,0.0,3.03,0.0,0.0,0.0,0.0,0.0,0.0,0.0,0.0,0.0,0.0,0.0,0.0,0.0,0.0,0.0,0.0,0.0,0.0,0.0,0.0,0.0,0.0,0.0,0.0,0.0,0.0,0.0,0.0,1.1457999999999993,0.38239999999999963,0.0,9.018899999999988,156.39999999999964,529.0
1,0.0,0.0,0.0,0.0,0.0,0.0,0.0,0.0,0.0,0.0,0.0,0.0,0.0,0.0,0.0,0.0,0.0,0.0,0.0,0.0,0.0,0.0,0.0,0.0,0.0,0.0,0.0,0.0,0.0,0.0,0.0,0.0,0.0,0.0,0.0,0.0,0.0,0.0,0.0,0.0,0.0,0.0,0.0,0.0,0.0,0.0,0.0,0.0,0.0,0.0,0.0,0.0,1.142,2.0,9.0
2,0.6569999999999983,0.17,0.52,0.0,0.0,0.32,0.0,0.04,0.29,0.42,0.38,1.37,0.65,0.17,0.0,0.32,0.54,0.22,3.47,0.29,1.32,0.0,0.34,0.5769999999999982,0.0,0.0,0.0,0.0,0.0,0.0,0.0,0.0,0.0,0.0,0.0,0.0,0.0,0.0,0.0,0.0,0.0,0.0,0.0,0.02,0.07,0.0,0.0,0.016,0.058,0.639,0.165,0.14209999999999945,3.697,117.0,1179.3999999999996
1,0.0,0.0,0.44,0.0,0.0,0.0,0.0,0.0,0.0,0.0,0.0,0.44,0.0,0.0,0.0,0.0,0.0,0.0,0.0,0.0,0.0,0.0,0.0,0.0,1.76,1.76,0.0,0.0,0.0,0.0,0.0,0.0,0.0,0.0,0.0,0.0,0.88,0.0,0.53,0.0,0.0,0.0,0.31,0.0,0.0,0.0,0.0,0.0,0.0,0.0,0.0,0.0,1.949,17.0,230.0
1,0.0,0.6169999999999982,0.0,0.0,0.0,0.0,0.0,0.0,0.0,0.0,0.0,1.36,0.0,0.0,0.0,0.0,0.0,0.0,1.36,0.0,2.73,0.0,0.0,0.0,0.0,0.0,1.916999999999998,0.0,0.0,0.0,0.0,0.0,0.0,0.0,0.0,0.0,0.95,0.0,0.0,0.0,0.0,0.0,0.31,0.0,1.36,0.0,0.0,0.0,0.0,0.0,0.0,0.14209999999999945,2.035,13.0,57.0
1,0.0,0.0,0.0,0.0,0.0,0.0,0.0,0.0,0.0,0.0,0.0,0.0,0.0,0.0,0.0,0.0,0.0,0.0,0.0,0.0,0.0,0.0,0.0,0.0,1.73,0.86,1.916999999999998,0.85,0.51,0.7139999999999963,0.32,0.0,0.0,0.07,0.66,0.63,0.95,0.0,0.53,0.39,0.0,0.0,0.31,0.0,1.44,0.0,0.0,0.0,0.289,0.0,0.0,0.0,1.978,12.0,91.0
1,0.0,0.0,0.0,0.0,0.0,0.0,0.0,0.0,0.0,1.32,0.0,0.0,0.0,0.0,0.0,0.0,0.0,0.0,0.0,0.0,0.0,0.0,0.0,0.0,1.36,1.36,0.0,0.85,0.0,0.0,0.0,0.0,0.0,0.0,0.0,0.63,0.0,0.0,0.53,0.0,0.0,0.0,0.0,0.0,0.0,0.0,0.0,0.0,0.475,0.0,0.0,0.0,3.478,11.0,80.0
1,0.0,0.0,0.29,0.0,0.59,0.0,0.0,0.0,0.29,0.0,0.0,0.0,0.0,0.17,0.0,0.0,0.29,0.0,0.0,0.0,0.59,0.0,0.0,0.0,0.59,0.0,0.0,0.0,0.0,0.0,0.0,0.0,0.0,0.0,0.0,0.0,0.29,0.0,0.0,0.0,0.0,0.61,0.0,0.0,0.0,0.0,0.0,0.0,0.052,0.078,0.0,0.14209999999999945,3.153,121.0,618.0
2,0.56,0.0,0.56,0.0,1.51,0.0,0.0,0.0,0.0,0.56,0.0,0.0,0.0,0.0,0.0,0.56,0.56,0.0,1.69,0.0,1.69,0.0,0.56,0.0,0.0,0.0,0.0,0.0,0.0,0.0,0.0,0.0,0.0,0.0,0.0,0.0,0.0,0.0,0.0,0.0,0.0,0.0,0.0,0.0,0.0,0.0,0.0,0.0,0.0,0.91,0.273,0.0,2.283,22.0,121.0
2,0.16,0.0,0.67,0.0,0.33,0.16,0.33,0.6,0.16,0.5,0.33,1.51,0.0,0.0,0.0,0.0,0.91,0.33,2.02,0.35,3.14,0.0,0.0,0.33,0.0,0.0,0.0,0.0,0.0,0.0,0.0,0.0,0.0,0.0,0.0,0.0,0.0,0.0,0.0,0.16,0.0,0.0,0.0,0.0,0.0,0.0,0.0,0.0,0.224,1.1457999999999993,0.056,0.0,4.928,63.0,621.0
1,0.0,0.0,0.0,0.0,0.0,0.0,0.0,0.0,0.66,0.0,0.38,0.0,0.0,0.0,0.0,1.36,0.0,1.19,1.98,0.0,0.66,0.0,0.0,0.0,0.0,0.0,0.0,0.0,0.0,0.0,0.0,0.0,0.0,0.0,0.0,0.0,0.0,0.0,0.0,0.0,0.0,0.0,0.0,0.0,0.0,0.0,0.0,0.0,0.0,0.44,0.0,0.0,1.382,5.0,47.0
1,0.0,0.0,0.0,0.0,0.0,0.0,0.0,0.0,0.0,0.58,0.0,0.0,0.0,0.0,0.0,0.0,0.0,0.0,2.9,0.0,0.0,0.0,0.0,0.0,1.74,1.16,1.16,0.85,0.51,0.7139999999999963,0.32,0.0,0.0,0.07,0.58,0.63,0.58,0.0,0.53,0.39,0.0,0.0,0.31,0.0,0.58,0.0,0.0,0.0,0.379,0.0,0.0,0.0,2.222,12.0,140.0
1,0.54,0.0,0.54,0.0,0.54,0.0,0.0,0.0,0.0,0.0,0.0,0.0,0.0,0.0,0.0,0.0,0.0,0.0,4.39,0.0,1.64,0.0,0.0,0.0,0.0,0.0,0.0,0.0,0.0,0.0,0.0,0.0,0.0,0.0,0.0,0.0,0.0,0.0,0.0,0.0,0.0,0.0,0.0,0.2869999999999982,0.0,1.09,0.0,0.0,0.0,0.0,0.0,0.0,1.512,11.0,59.0
1,0.0,0.0,0.0,0.0,0.0,0.0,0.0,0.0,0.0,0.0,0.0,0.0,0.0,0.0,0.0,0.0,0.0,0.0,0.8,0.0,0.0,0.0,0.0,0.0,0.8,0.0,0.0,0.0,0.0,0.7139999999999963,0.0,0.0,0.0,0.0,0.0,0.0,0.0,0.0,0.0,0.0,0.0,0.0,0.0,0.0,0.0,0.0,0.0,0.0,0.125,0.0,0.0,0.0,1.428,5.0,50.0
1,0.0,0.0,0.0,0.0,0.0,0.0,0.0,0.0,0.0,0.0,0.0,0.0,0.0,0.17,0.0,0.0,0.0,1.19,0.0,0.0,0.0,0.0,0.0,0.0,0.0,0.0,0.0,0.0,0.0,0.0,0.0,0.0,0.4669999999999982,0.0,0.0,0.0,0.0,0.0,0.0,0.0,0.0,0.0,0.0,0.0,0.0,0.0,0.0,0.0,0.0,0.0,0.0,0.0,2.178,21.0,61.0
1,0.0,0.0,0.0,0.0,0.0,0.0,0.0,0.0,0.0,0.0,0.0,0.0,0.0,0.0,0.0,0.0,0.0,0.0,4.76,0.0,0.0,0.0,0.0,0.0,0.0,0.0,0.0,0.0,0.0,0.0,0.0,0.0,0.0,0.0,0.0,0.0,0.0,0.0,0.0,0.0,0.0,0.0,0.0,0.0,1.44,0.0,0.0,0.0,0.0,0.0,0.0,0.0,1.0,1.0,9.0
1,0.0,0.0,0.0,0.0,0.0,0.0,0.0,0.0,0.0,0.0,0.0,0.0,0.0,0.0,0.0,0.0,0.0,0.84,0.0,0.0,2.54,0.0,0.0,0.0,1.69,0.84,1.69,0.85,0.0,0.7139999999999963,0.0,0.0,0.0,0.0,0.66,0.0,0.0,0.0,0.0,0.0,0.0,0.0,0.0,0.0,0.84,0.0,0.0,0.0,0.0,0.0,0.0,0.0,1.777,11.0,64.0
2,0.0,0.0,0.0,0.0,0.0,0.0,0.0,0.6,0.0,0.0,0.0,0.85,0.0,0.0,0.0,0.0,0.0,0.0,2.56,0.0,0.85,0.0,0.0,0.0,0.0,0.0,0.0,0.0,0.0,0.0,0.0,0.0,0.0,0.0,0.0,0.63,0.0,0.0,0.0,0.0,0.0,0.0,0.0,0.0,0.0,0.0,0.0,0.0,0.144,0.0,0.0,0.0,1.333,6.0,28.0
2,0.05,0.0,0.29,0.0,0.23,0.17,0.05,0.0,0.0,0.0,0.38,0.82,0.0,0.0,0.0,0.76,0.11,0.11,1.53,0.29,1.3,0.0,0.23,0.05,0.0,0.0,0.0,0.0,0.0,0.0,0.0,0.0,0.0,0.0,0.0,0.0,0.0,0.0,0.0,0.0,0.0,0.0,0.0,0.0,0.0,0.0,0.0,0.009,0.129,0.102,0.259,0.0,1.493,8.0,660.0
1,0.0,0.0,0.0,0.0,0.0,0.0,0.0,0.0,0.0,0.0,0.0,0.0,0.0,0.0,0.0,1.02,0.0,0.0,0.0,0.0,0.0,0.0,0.0,0.0,0.0,0.0,0.0,0.0,0.0,0.0,0.0,0.0,0.0,0.0,0.0,0.0,0.0,0.0,0.0,0.0,0.0,0.0,0.0,0.0,0.0,1.02,0.0,0.0,0.344,0.344,0.172,0.0,2.166,11.0,39.0
1,0.0,0.0,0.0,0.0,0.0,0.0,0.0,0.0,0.0,0.0,0.0,1.23,0.0,0.0,0.0,0.0,0.0,0.0,3.7,0.0,0.0,0.0,0.0,0.0,0.0,0.0,0.0,0.0,0.0,0.0,0.0,0.0,0.0,0.0,0.0,0.0,0.0,0.0,0.0,0.0,0.0,0.61,0.0,0.0,1.23,0.0,0.0,0.0,0.404,0.0,0.0,0.0,1.187,4.0,19.0
1,0.26,0.0,0.53,0.0,0.0,0.26,0.0,0.0,0.0,0.0,0.0,1.06,0.0,0.0,0.0,0.0,0.0,0.0,0.0,0.0,0.0,0.0,0.0,0.0,0.0,0.26,0.0,0.0,0.0,0.0,0.0,0.0,0.4669999999999982,0.0,0.0,0.0,0.0,0.0,0.0,0.0,0.0,0.0,0.26,0.0,0.0,0.0,0.0,0.0,0.039,0.0,0.0,0.0,2.646,77.0,172.0
2,0.0,0.0,0.0,0.0,0.32,0.0,0.0,0.32,0.32,0.64,0.0,1.28,0.0,0.0,0.0,1.36,0.91,0.0,3.84,0.0,0.96,0.0,0.0,0.0,0.0,0.0,0.0,0.0,0.0,0.0,0.0,0.0,0.0,0.0,0.0,0.0,0.0,0.0,0.0,0.0,0.0,0.0,0.0,0.0,0.0,0.0,0.0,0.0,0.098,0.492,0.0,0.0,2.184,25.0,166.0
2,0.0,0.19,1.08,0.0,0.79,0.64,0.49,0.0,0.67,0.29,0.29,0.69,0.29,0.0,0.16,0.09,0.0,1.08,1.38,0.19,0.69,0.0,0.59,0.19,0.0,0.0,0.0,0.0,0.0,0.0,0.0,0.0,0.0,0.0,0.0,0.0,0.0,0.0,0.0,0.0,0.0,0.0,0.19,0.0,0.09,0.09,0.0,0.0,0.092,0.417,0.154,0.015,8.323,156.39999999999964,1179.3999999999996
2,0.0,0.0,0.0,0.0,0.0,0.0,0.0,0.0,0.0,0.0,0.0,0.0,0.0,0.0,0.0,1.05,0.91,0.0,3.15,0.0,2.1,0.0,0.0,0.0,0.0,0.0,0.0,0.0,0.0,0.0,0.0,0.0,0.0,0.0,0.0,0.0,0.0,0.0,0.0,0.0,0.0,0.0,0.0,0.0,1.05,0.0,0.0,0.0,0.351,0.351,0.175,0.0,3.343,28.0,107.0
1,0.0,0.0,0.23,0.0,0.23,0.0,0.0,0.0,0.23,0.0,0.0,0.0,0.0,0.17,0.0,0.0,0.23,0.0,0.23,0.0,2.14,0.0,0.0,0.0,0.23,0.0,0.0,0.0,0.0,0.0,0.0,0.0,0.0,0.0,0.0,0.0,0.23,0.0,0.0,0.0,0.0,0.61,0.0,0.0,0.0,0.0,0.0,0.117,0.235,0.117,0.0,0.14209999999999945,2.616,156.39999999999964,683.0
1,0.0,0.0,1.29,0.0,0.0,0.0,0.0,0.0,0.0,0.0,0.0,0.9,0.65,0.0,0.0,0.0,0.0,0.0,4.54,0.0,2.72,0.0,0.0,0.0,0.0,0.0,0.0,0.0,0.0,0.0,0.0,0.0,0.0,0.0,0.0,0.0,0.0,0.0,0.0,0.0,0.0,0.0,0.0,0.0,0.0,0.0,0.0,0.0,0.0,0.164,0.0,0.0,1.391,8.0,32.0
1,0.0,0.0,0.0,0.0,0.0,0.0,0.0,0.0,0.0,0.0,0.0,2.22,0.0,0.0,0.0,0.0,0.0,0.0,2.7,0.0,2.7,0.0,0.0,0.0,0.0,0.0,0.0,0.0,0.0,0.0,0.0,0.0,0.0,0.0,0.0,0.0,0.0,0.0,0.0,0.0,0.0,0.0,0.0,0.0,0.0,0.0,0.0,0.0,0.0,0.444,0.0,0.0,2.8,7.0,28.0
1,0.15,0.31,0.0,0.0,0.0,0.0,0.0,0.0,0.0,0.63,0.31,0.31,0.0,0.0,0.0,0.0,0.0,0.63,0.95,0.0,0.47,0.0,0.0,0.0,3.183999999999996,0.63,0.47,0.15,0.15,0.15,0.15,0.0,0.0,0.07,0.15,0.15,0.47,0.0,0.47,0.15,0.0,0.0,0.31,0.0,0.15,0.0,0.0,0.149,0.199,0.174,0.0,0.0,4.026,100.0,608.0
2,0.0,0.0,0.47,0.0,0.95,0.0,0.0,0.0,0.47,0.0,0.0,0.0,0.0,0.0,0.0,0.95,0.91,0.0,1.42,0.0,0.47,0.0,0.73,0.0,0.0,0.0,0.0,0.0,0.0,0.0,0.0,0.0,0.0,0.0,0.0,0.0,0.0,0.0,0.0,0.0,0.0,0.0,0.0,0.0,0.47,0.0,0.0,0.0,0.131,0.461,0.263,0.0,3.493,61.0,255.0
2,0.0,0.0,0.0,0.0,0.0,0.0,0.7839999999999964,0.0,0.0,0.0,0.0,1.04,0.0,0.0,0.0,0.0,0.91,0.0,3.66,0.0,2.09,0.0,0.0,0.0,0.0,0.0,0.0,0.0,0.0,0.0,0.0,0.0,0.0,0.0,0.0,0.0,0.0,0.0,0.0,0.0,0.0,0.0,0.0,0.0,0.0,0.0,0.0,0.061,0.246,0.615,0.061,0.061,3.318,59.0,146.0
2,0.59,0.44,0.29,0.0,0.14,0.03,0.03,0.14,0.56,0.67,0.29,0.67,0.59,0.17,0.03,0.22,0.44,0.07,3.43,0.0,1.53,0.0,0.59,0.5769999999999982,0.0,0.0,0.0,0.0,0.0,0.0,0.0,0.0,0.0,0.0,0.03,0.0,0.0,0.0,0.0,0.0,0.0,0.0,0.0,0.0,0.07,0.0,0.0,0.0,0.075,0.612,0.38239999999999963,0.137,7.3,156.39999999999964,1179.3999999999996
2,0.0,0.0,0.0,0.0,1.21,0.0,0.0,0.6,0.0,0.6,0.38,0.0,0.0,0.0,0.0,1.36,0.0,0.0,4.26,0.0,0.0,0.0,0.0,0.0,0.0,0.0,0.0,0.0,0.0,0.0,0.0,0.0,0.0,0.0,0.0,0.0,0.0,0.0,0.0,0.0,0.0,0.0,0.0,0.0,0.0,0.0,0.0,0.0,0.29,0.193,0.0,0.0,1.861,26.0,67.0
2,0.26,0.6169999999999982,0.0,0.0,1.51,0.0,0.7839999999999964,0.26,0.26,0.0,0.0,0.8,0.0,0.0,0.0,0.0,0.0,1.19,3.5,0.0,1.34,0.0,0.0,0.26,0.0,0.0,0.0,0.0,0.0,0.0,0.0,0.0,0.0,0.0,0.0,0.0,0.0,0.0,0.0,0.0,0.0,0.0,0.0,0.0,0.8,0.0,0.0,0.0,0.092,0.324,0.0,0.0,7.369,52.0,339.0
1,0.0,0.6169999999999982,0.87,0.0,0.0,0.0,0.0,0.0,0.0,0.87,0.0,0.87,0.0,0.0,0.0,0.0,0.0,0.0,3.5,0.0,0.87,0.0,0.0,0.5769999999999982,0.0,0.0,0.0,0.0,0.0,0.0,0.0,0.0,0.0,0.0,0.0,0.0,0.0,0.0,0.0,0.0,0.0,0.0,0.0,0.0,0.87,0.0,0.0,0.0,0.0,0.0,0.138,0.0,2.136,21.0,47.0
1,0.0,0.6169999999999982,0.0,0.0,0.0,0.0,0.0,0.0,0.0,0.0,0.0,0.0,0.0,0.0,0.0,0.0,0.0,1.19,1.23,0.0,1.23,0.0,0.0,0.0,0.0,0.0,1.916999999999998,0.85,0.0,0.0,0.0,0.0,0.0,0.0,0.0,0.0,0.0,0.0,0.0,0.0,0.0,0.0,0.0,0.0,1.23,0.0,0.0,0.0,0.392,0.0,0.0,0.0,2.142,10.0,75.0
2,0.0,0.28,0.0,0.0,1.4,0.0,0.28,0.28,0.0,0.56,0.0,0.84,0.0,0.0,0.0,0.28,0.0,0.0,1.68,0.0,1.96,0.0,0.0,0.0,0.0,0.0,0.0,0.0,0.0,0.0,0.0,0.0,0.4669999999999982,0.0,0.0,0.0,0.0,0.0,0.0,0.0,0.0,0.0,0.0,0.28,0.28,0.0,0.0,0.0,0.137,0.034,0.0,0.0,5.635,114.0,603.0
1,0.0,0.0,0.0,0.0,0.0,0.0,0.0,0.0,0.0,0.0,0.0,0.54,0.0,0.17,0.0,0.0,0.0,0.0,0.0,0.0,0.54,0.0,0.0,0.0,2.71,1.63,0.54,0.54,0.51,0.54,0.32,0.0,0.0,0.07,0.54,0.54,0.0,0.0,0.0,0.39,0.0,0.0,0.0,0.2869999999999982,0.54,0.0,0.0,0.0,0.531,0.0,0.0,0.0,4.114,35.0,251.0
2,0.33,0.6169999999999982,0.0,0.0,1.35,0.0,0.33,0.0,0.0,0.0,0.38,0.67,0.33,0.0,0.0,1.01,0.0,1.19,2.36,0.0,3.14,0.0,0.0,0.0,0.0,0.0,0.0,0.0,0.0,0.0,0.0,0.0,0.0,0.0,0.0,0.0,0.0,0.0,0.0,0.0,0.0,0.0,0.0,0.0,0.0,0.0,0.0,0.0,0.12,0.06,0.06,0.0,9.018899999999988,156.39999999999964,1161.0
1,0.0,0.0,0.0,0.0,0.0,0.0,0.0,0.0,0.0,0.0,0.0,0.0,0.0,0.0,0.0,0.0,0.0,0.0,4.54,0.0,0.0,0.0,0.0,0.0,0.0,0.0,0.0,0.0,0.0,0.0,0.0,0.0,0.0,0.0,0.0,0.0,0.0,0.0,0.0,0.0,0.0,0.0,0.0,0.0,0.0,0.0,0.0,0.0,0.0,0.763,0.0,0.0,2.222,8.0,20.0
2,0.54,0.0,1.08,0.0,0.54,0.0,0.7839999999999964,0.0,0.0,0.0,0.0,0.54,0.0,0.0,0.0,0.54,0.54,0.0,4.32,0.0,1.08,0.0,0.73,0.0,0.0,0.0,0.0,0.0,0.0,0.0,0.0,0.0,0.0,0.0,0.0,0.0,0.0,0.0,0.0,0.0,0.0,0.0,0.0,0.0,0.54,0.0,0.0,0.0,0.0,1.1457999999999993,0.253,0.0,5.454,68.0,180.0
2,0.26,0.6169999999999982,0.85,0.0,0.0,0.19,0.06,0.33,0.67,0.46,0.38,0.79,0.19,0.17,0.06,0.59,0.19,0.33,3.5,0.06,1.52,0.0,0.06,0.06,0.0,0.0,0.0,0.0,0.0,0.0,0.0,0.0,0.0,0.0,0.0,0.0,0.0,0.0,0.0,0.06,0.0,0.0,0.0,0.0,0.06,0.0,0.0,0.0,0.131,0.101,0.101,0.14209999999999945,4.398,79.0,1179.3999999999996
1,0.6569999999999983,0.0,0.0,0.0,0.0,0.0,0.0,0.0,0.0,1.19,0.0,0.0,0.0,0.0,0.0,0.0,0.0,0.0,1.19,0.0,0.0,0.0,0.0,0.0,1.19,1.19,0.0,0.85,0.0,0.0,0.0,0.0,0.0,0.0,0.0,0.0,0.0,0.0,0.0,0.0,0.0,0.0,0.0,0.0,0.0,0.0,0.0,0.0,0.4,0.0,0.0,0.0,3.09,11.0,68.0
1,0.07,0.03,0.18,0.0,0.1,0.03,0.0,0.0,0.4,0.0,0.0,0.1,0.0,0.0,0.0,0.0,0.0,0.03,0.14,0.0,0.1,0.0,0.0,0.0,0.47,0.5,0.03,0.0,0.0,0.0,0.0,0.0,0.4669999999999982,0.0,0.0,0.0,0.32,0.0,0.0,0.0,0.0,0.0,0.0,0.0,0.0,0.0,0.0,0.17069999999999982,0.148,0.0,0.01,0.0,3.233,66.0,1179.3999999999996
2,0.0,0.6169999999999982,0.38,0.0,0.0,0.0,0.7839999999999964,0.0,0.0,0.77,0.38,0.77,0.0,0.0,0.0,1.36,0.0,0.38,2.32,0.0,1.16,0.0,0.0,0.0,0.0,0.0,0.0,0.0,0.0,0.0,0.0,0.0,0.0,0.0,0.0,0.0,0.38,0.0,0.0,0.0,0.0,0.0,0.0,0.0,0.38,0.0,0.0,0.0,0.0,0.198,0.0,0.14209999999999945,9.018899999999988,156.39999999999964,556.0
2,0.6569999999999983,0.0,0.7,0.0,1.06,0.0,0.7,0.0,0.0,0.7,0.0,0.7,0.0,0.0,0.16,0.7,0.0,0.0,4.76,0.0,1.41,0.0,0.35,0.35,0.0,0.0,0.0,0.0,0.0,0.0,0.0,0.0,0.0,0.0,0.0,0.0,0.0,0.0,0.0,0.0,0.0,0.0,0.0,0.0,0.35,0.0,0.0,0.0,0.0,0.381,0.063,0.0,2.021,12.0,95.0
1,0.0,0.0,0.74,0.0,0.0,0.0,0.0,0.0,0.0,0.0,0.0,2.22,0.0,0.0,0.0,0.0,0.0,0.0,1.48,0.0,0.0,0.0,0.0,0.0,0.0,0.74,0.0,0.0,0.0,0.0,0.0,0.0,0.0,0.0,0.0,0.0,0.74,0.0,0.0,0.0,0.0,0.0,0.0,0.0,0.0,0.0,0.0,0.0,0.0,0.0,0.0,0.0,2.425,23.0,114.0
2,0.0,0.0,0.0,0.0,0.0,0.0,0.0,0.0,0.0,0.0,0.0,0.0,0.0,0.0,0.0,0.0,0.0,0.0,0.0,0.0,0.0,0.0,0.73,0.0,0.0,0.0,0.0,0.0,0.0,0.0,0.0,0.0,0.0,0.0,0.0,0.0,0.0,0.0,0.0,0.0,0.0,0.0,0.0,0.0,1.26,0.0,0.0,0.0,0.215,0.215,0.38239999999999963,0.0,4.0,25.0,76.0
1,0.12,0.0,0.12,0.0,0.0,0.0,0.0,0.0,0.67,0.0,0.0,0.37,0.0,0.0,0.0,0.0,0.0,0.0,0.49,0.0,0.24,0.0,0.0,0.0,0.62,0.74,0.12,0.0,0.0,0.0,0.0,0.0,0.37,0.0,0.0,0.0,0.12,0.0,0.0,0.0,0.0,0.0,0.0,0.0,0.0,0.0,0.0,0.12,0.189,0.0,0.034,0.0,3.302,41.0,535.0
1,0.0,0.0,1.17,0.0,0.0,0.0,0.0,0.0,0.0,0.0,0.0,0.0,0.0,0.0,0.0,0.0,0.0,0.0,0.0,0.0,0.0,0.0,0.0,0.0,3.183999999999996,1.7939999999999965,0.0,0.0,0.0,0.0,0.0,0.0,0.0,0.0,0.0,0.0,0.95,0.0,0.0,0.0,0.0,0.0,0.31,0.0,0.0,0.0,0.0,0.0,0.0,0.0,0.0,0.0,1.974,16.0,77.0
2,0.25,0.0,0.25,0.0,0.5,0.0,0.25,0.0,0.0,0.0,0.38,0.76,0.0,0.0,0.0,0.5,0.0,0.0,1.52,0.0,1.01,0.0,0.0,0.0,0.0,0.0,0.0,0.0,0.0,0.0,0.0,0.0,0.0,0.0,0.0,0.0,0.25,0.0,0.0,0.0,0.0,0.25,0.0,0.0,0.0,0.0,0.0,0.0,0.041,0.082,0.041,0.041,1.89,18.0,225.0
2,0.0,0.0,0.0,0.0,0.0,0.0,0.0,0.0,0.0,0.0,0.26,0.26,0.0,0.0,0.0,0.0,0.0,0.0,1.05,0.35,0.26,0.0,0.0,0.0,0.0,0.0,0.0,0.0,0.0,0.0,0.0,0.0,0.0,0.0,0.0,0.0,0.0,0.0,0.0,0.0,0.0,0.0,0.0,0.0,0.0,0.0,0.0,0.17069999999999982,0.043,0.175,0.043,0.14209999999999945,8.271,69.0,885.0
1,0.0,0.0,0.0,0.0,0.0,0.0,0.0,0.0,0.0,0.0,0.0,0.0,0.0,0.0,0.0,0.0,0.0,1.19,2.22,0.0,2.22,0.0,0.0,0.0,0.0,0.0,1.916999999999998,0.0,0.0,0.0,0.0,0.0,0.0,0.0,0.0,0.0,0.95,0.0,0.53,0.0,0.0,0.0,0.31,0.0,1.44,0.0,0.0,0.0,0.0,0.0,0.0,0.0,1.947,12.0,37.0
1,0.0,0.0,0.25,0.0,0.0,0.0,0.0,0.0,0.0,0.0,0.0,0.25,0.25,0.0,0.0,0.0,0.0,0.0,4.02,0.0,3.14,0.0,0.0,0.0,0.75,0.75,0.0,0.0,0.25,0.0,0.0,0.0,0.0,0.0,0.0,0.0,0.0,0.0,0.0,0.0,0.0,0.0,0.0,0.0,0.0,0.0,0.0,0.0,0.111,0.0,0.0,0.0,4.446,29.0,209.0
1,0.6569999999999983,0.0,0.0,0.0,0.39,0.0,0.0,0.0,0.0,0.39,0.0,0.0,0.0,0.0,0.0,0.0,0.0,0.0,0.78,0.0,0.39,0.0,0.0,0.39,0.0,0.0,0.39,0.0,0.0,0.0,0.0,0.0,0.0,0.0,0.0,0.0,0.0,0.0,0.0,0.0,0.0,0.0,0.0,0.2869999999999982,0.0,0.0,0.0,0.073,0.146,0.0,0.0,0.0,1.354,8.0,42.0
1,0.0,0.0,0.0,0.0,0.0,0.0,0.0,0.0,0.0,0.0,0.0,0.0,0.0,0.0,0.0,0.0,0.0,0.0,0.0,0.0,0.0,0.0,0.0,0.0,0.0,0.0,0.0,0.0,0.0,0.0,0.0,0.0,0.4669999999999982,0.0,0.0,0.0,0.0,0.0,0.0,0.0,0.0,0.0,0.0,0.0,0.0,0.0,0.0,0.0,0.0,0.0,0.0,0.0,2.0,5.0,14.0
1,0.0,0.0,0.0,0.0,0.0,0.0,0.0,0.0,0.0,0.0,0.0,0.0,0.0,0.0,0.0,0.0,0.0,0.0,3.22,0.0,0.0,0.0,0.0,0.0,0.0,0.0,0.0,0.0,0.0,0.0,0.0,0.0,0.0,0.0,0.0,0.0,0.0,0.0,0.0,0.0,0.0,0.0,0.0,0.2869999999999982,0.0,0.0,0.0,0.0,0.0,0.546,0.0,0.0,1.75,7.0,14.0
1,0.0,0.0,0.0,0.0,0.0,0.64,0.0,0.0,0.0,0.0,0.0,0.0,0.0,0.0,0.0,0.0,0.0,0.0,2.94,0.0,0.0,0.0,0.0,0.0,0.0,0.0,0.0,0.0,0.0,0.0,0.0,0.0,0.0,0.0,0.0,0.0,0.0,0.0,0.0,0.0,0.0,0.0,0.0,0.0,0.0,0.0,0.0,0.0,0.0,0.0,0.0,0.0,1.0,1.0,9.0
1,0.0,0.0,0.0,0.0,0.0,0.0,0.0,0.0,0.0,0.0,0.0,0.0,0.0,0.0,0.0,0.0,0.0,0.0,0.0,0.0,0.0,0.0,0.0,0.0,3.183999999999996,1.7939999999999965,1.916999999999998,0.85,0.51,0.7139999999999963,0.32,0.0,0.0,0.07,0.66,0.63,0.0,0.0,0.0,0.39,0.0,0.0,0.0,0.0,0.0,0.0,0.0,0.0,0.537,0.0,0.0,0.0,3.333,11.0,30.0
1,0.0,0.0,0.0,0.0,1.51,0.0,0.0,0.0,0.0,0.0,0.0,0.0,0.0,0.0,0.0,0.0,0.0,0.0,3.12,0.0,0.0,0.0,0.0,0.0,3.12,1.56,1.56,0.85,0.51,0.7139999999999963,0.32,0.0,0.0,0.07,0.66,0.63,0.0,0.0,0.0,0.39,0.0,0.0,0.0,0.2869999999999982,0.0,0.0,0.0,0.0,0.53,0.0,0.0,0.0,2.533,11.0,38.0
1,0.0,0.0,0.0,0.0,0.0,0.0,0.0,0.0,0.0,0.0,0.0,0.0,0.0,0.0,0.0,0.0,0.0,0.0,2.63,0.0,2.63,0.0,0.0,0.0,0.0,0.0,0.0,0.0,0.0,0.0,0.0,0.0,0.0,0.0,0.0,0.0,0.0,0.0,0.0,0.0,0.0,0.0,0.0,0.0,0.0,0.0,0.0,0.0,0.523,0.0,0.0,0.0,1.6,4.0,16.0
2,0.0,0.0,0.0,0.0,0.0,0.0,0.0,0.0,0.0,0.0,0.0,0.0,0.0,0.0,0.0,0.0,0.0,0.0,0.0,0.0,0.0,0.0,0.0,0.0,0.0,0.0,0.0,0.0,0.0,0.0,0.0,0.0,0.0,0.0,0.0,0.63,0.0,0.0,0.0,0.0,0.0,0.0,0.0,0.0,1.33,0.0,0.0,0.0,0.213,0.426,0.213,0.0,4.6,23.0,69.0
1,0.0,0.0,0.0,0.0,0.0,0.0,0.0,0.0,0.0,0.0,0.0,0.0,0.0,0.0,0.0,0.0,0.0,1.19,0.0,0.0,0.0,0.0,0.0,0.0,3.183999999999996,1.7939999999999965,0.0,0.85,0.0,0.7139999999999963,0.0,0.0,0.0,0.0,0.0,0.0,0.0,0.0,0.0,0.0,0.0,0.0,0.0,0.0,0.0,0.0,0.0,0.0,0.529,0.0,0.0,0.0,4.0,11.0,68.0
1,0.35,0.0,0.0,0.0,1.41,0.0,0.0,0.0,0.0,0.0,0.0,1.76,0.0,0.0,0.0,0.0,0.35,0.0,0.0,0.0,0.0,0.0,0.0,0.0,1.06,1.06,0.0,0.7,0.0,0.0,0.32,0.0,0.0,0.0,0.66,0.0,0.95,0.0,0.53,0.0,0.0,0.0,0.0,0.2869999999999982,0.0,0.0,0.0,0.0,0.104,0.0,0.0,0.0,2.108,24.0,213.0
1,0.0,0.0,0.0,0.0,0.0,0.0,0.0,0.0,0.0,0.0,0.0,1.07,0.0,0.0,0.0,0.0,0.0,0.0,0.0,0.0,0.0,0.0,0.0,0.0,0.0,0.0,0.0,0.0,0.0,0.0,0.0,0.0,0.4669999999999982,0.0,0.0,0.0,0.0,0.0,0.0,0.0,0.0,0.0,0.0,0.0,0.0,0.0,0.0,0.0,0.216,0.216,0.0,0.14209999999999945,2.166,6.0,39.0
1,0.0,0.0,0.59,0.0,0.59,0.0,0.0,0.0,0.0,0.0,0.0,2.22,0.0,0.0,0.0,0.0,0.0,1.19,0.59,0.0,0.0,0.0,0.0,0.0,1.78,1.19,0.0,0.59,0.0,0.59,0.32,0.0,0.0,0.0,0.59,0.59,0.0,0.0,0.53,0.0,0.0,0.0,0.0,0.0,0.0,0.0,0.0,0.0,0.177,0.088,0.0,0.0,1.8,10.0,81.0
2,0.0,0.57,0.57,0.0,0.14,0.14,0.0,0.0,0.14,0.0,0.0,0.43,0.14,0.0,0.0,0.0,0.14,0.0,3.31,0.0,1.44,0.0,0.0,0.0,0.0,0.0,0.0,0.0,0.0,0.0,0.0,0.0,0.0,0.0,0.0,0.57,0.0,0.0,0.0,0.0,0.0,0.0,0.0,0.0,0.0,0.0,0.0,0.0,0.0,0.156,0.0,0.0,1.394,6.0,159.0
2,0.31,0.2,0.72,0.0,0.0,0.62,0.0,0.6,0.62,0.93,0.0,0.62,0.31,0.0,0.16,0.0,0.2,1.19,1.87,0.35,0.83,0.0,0.62,0.5769999999999982,0.0,0.0,0.0,0.0,0.0,0.0,0.0,0.0,0.0,0.0,0.1,0.0,0.0,0.0,0.0,0.0,0.0,0.0,0.0,0.0,0.0,0.0,0.0,0.0,0.0,0.548,0.199,0.033,9.018899999999988,156.39999999999964,1179.3999999999996
2,0.0,0.21,0.43,0.0,0.65,0.0,0.21,0.21,0.67,0.65,0.38,0.87,0.0,0.0,0.0,0.43,0.0,0.87,3.71,0.0,1.09,0.0,0.0,0.43,0.0,0.0,0.0,0.0,0.0,0.0,0.0,0.0,0.0,0.0,0.0,0.0,0.0,0.0,0.0,0.0,0.0,0.0,0.0,0.0,0.21,0.0,0.0,0.0,0.032,0.96,0.128,0.128,8.08,70.0,501.0
1,0.0,0.0,0.0,0.0,0.0,0.0,0.0,0.0,0.0,0.0,0.0,0.0,0.0,0.0,0.0,0.0,0.0,0.0,0.0,0.0,0.0,0.0,0.0,0.0,0.0,0.0,0.08,0.0,0.0,0.0,0.0,0.0,0.0,0.0,0.0,0.0,0.0,0.0,0.0,0.08,0.0,0.0,0.0,0.0,0.0,0.0,0.0,0.0,0.054,0.0,0.0,0.0,4.438,28.0,1179.3999999999996
1,0.0,0.0,0.0,0.0,0.0,0.0,0.0,0.0,0.0,0.0,0.0,0.0,0.0,0.0,0.0,0.0,0.0,0.0,1.28,0.0,0.0,0.0,0.0,0.0,2.56,1.28,1.916999999999998,0.85,0.51,0.7139999999999963,0.32,0.0,0.0,0.07,0.66,0.63,0.0,0.0,0.0,0.39,0.0,0.0,0.0,0.0,0.0,0.0,0.0,0.0,0.537,0.0,0.0,0.0,2.142,11.0,45.0
2,0.0,0.29,0.0,0.0,0.0,0.29,0.29,0.6,0.0,0.0,0.29,1.16,0.29,0.0,0.16,1.16,0.91,1.16,2.33,0.0,1.16,0.0,0.0,0.0,0.0,0.0,0.0,0.0,0.0,0.0,0.0,0.0,0.0,0.0,0.0,0.0,0.0,0.0,0.0,0.0,0.0,0.0,0.0,0.0,0.0,0.0,0.0,0.0,0.132,0.044,0.0,0.0,1.559,24.0,145.0
2,0.59,0.0,0.35,0.0,1.51,0.0,0.0,0.0,0.23,1.3,0.38,2.22,0.59,0.0,0.0,0.59,0.11,0.0,4.51,0.0,1.66,0.0,0.47,0.5769999999999982,0.0,0.0,0.0,0.0,0.0,0.0,0.0,0.0,0.0,0.0,0.23,0.0,0.0,0.0,0.0,0.11,0.0,0.0,0.0,0.0,0.11,0.0,0.0,0.0,0.038,0.155,0.233,0.019,3.625,54.0,504.0
1,0.05,0.0,0.1,0.0,0.0,0.1,0.0,0.05,0.49,0.0,0.0,0.27,0.0,0.0,0.0,0.0,0.38,0.0,0.21,0.0,0.1,0.0,0.0,0.0,0.49,0.54,0.05,0.0,0.0,0.0,0.0,0.0,0.38,0.0,0.0,0.38,0.21,0.0,0.0,0.0,0.0,0.0,0.0,0.0,0.0,0.0,0.0,0.17069999999999982,0.136,0.0,0.014,0.0,3.715,107.0,1179.3999999999996
2,0.0,0.0,0.45,0.0,0.22,0.22,0.0,0.0,0.67,0.45,0.22,0.9,0.0,0.0,0.0,0.22,0.0,0.0,1.35,0.0,1.12,0.0,0.22,0.22,0.0,0.0,0.0,0.0,0.0,0.0,0.0,0.0,0.0,0.0,0.0,0.45,0.0,0.0,0.0,0.0,0.0,0.0,0.0,0.0,0.0,0.0,0.0,0.064,0.258,0.129,0.193,0.0,7.258,71.0,617.0
1,0.0,0.0,0.0,0.0,0.0,0.0,0.0,0.0,0.0,0.0,0.0,0.0,0.0,0.0,0.0,0.44,0.0,0.44,0.0,0.0,0.44,0.0,0.0,0.0,0.0,0.0,0.0,0.0,0.0,0.0,0.0,0.0,0.0,0.0,0.0,0.0,0.44,0.0,0.0,0.0,0.0,0.0,0.0,0.0,0.0,0.88,0.0,0.0,0.178,0.0,0.0,0.059,7.046,70.0,303.0
2,0.0,0.6169999999999982,1.14,0.0,0.12,0.0,0.0,0.12,0.25,0.12,0.12,0.38,0.12,0.0,0.16,0.0,0.12,1.19,2.8,0.12,1.27,0.0,0.0,0.12,0.0,0.0,0.0,0.0,0.0,0.0,0.0,0.0,0.0,0.0,0.0,0.12,0.0,0.0,0.0,0.0,0.0,0.0,0.0,0.0,0.0,0.0,0.0,0.0,0.185,0.371,0.061,0.0,2.878,84.0,475.0
1,0.0,0.0,1.29,0.0,0.0,0.0,0.0,0.0,0.0,0.0,0.0,0.0,0.0,0.0,0.0,0.0,0.0,0.0,2.05,0.0,0.0,0.0,0.0,0.0,0.0,0.0,0.0,0.0,0.0,0.0,0.0,0.0,0.0,0.0,0.0,0.0,0.0,0.0,0.0,0.0,0.0,0.0,0.0,0.0,1.36,0.68,0.0,0.0,0.113,0.0,0.0,0.0,1.315,4.0,25.0
1,0.0,0.32,0.32,0.0,0.16,0.16,0.0,0.0,0.16,0.32,0.0,0.0,0.0,0.0,0.16,0.0,0.32,0.32,0.8,0.32,2.08,0.0,0.0,0.16,0.0,0.0,0.16,0.64,0.0,0.0,0.0,0.0,0.0,0.0,0.0,0.0,0.0,0.0,0.0,0.0,0.0,0.0,0.0,0.16,0.0,0.0,0.0,0.0,0.537,0.022,0.377,0.0,3.918,156.39999999999964,772.0
2,0.0,0.0,0.0,0.0,0.64,0.0,0.64,0.0,0.0,0.0,0.0,0.64,0.64,0.0,0.0,0.0,0.0,0.0,3.89,0.35,1.29,0.0,0.0,0.0,0.0,0.0,0.0,0.0,0.0,0.0,0.0,0.0,0.0,0.0,0.0,0.0,0.0,0.0,0.0,0.39,0.0,0.0,0.0,0.0,0.64,0.0,0.0,0.0,0.115,0.921,0.345,0.0,1.833,11.0,55.0
1,0.0,0.0,0.0,0.0,0.0,0.0,0.0,0.0,0.0,0.0,0.0,0.0,0.0,0.0,0.0,0.0,0.0,0.0,2.46,0.0,1.23,0.0,0.0,0.0,0.0,0.0,1.23,0.0,0.0,0.0,0.0,0.0,0.0,0.0,0.0,0.0,0.0,0.0,0.0,0.0,0.0,0.0,0.0,0.0,0.0,0.0,0.0,0.0,0.0,0.0,0.0,0.0,1.062,2.0,17.0
1,0.0,0.0,0.0,0.0,0.0,0.0,0.0,0.0,0.0,0.0,0.0,0.91,0.0,0.0,0.0,0.0,0.0,0.22,0.0,0.0,0.0,0.0,0.0,0.0,0.22,0.22,0.0,0.45,0.0,0.0,0.0,0.0,0.0,0.0,0.22,0.0,0.0,0.0,0.0,0.0,0.0,0.0,0.0,0.22,0.0,0.0,0.0,0.0,0.154,0.0,0.0,0.0,1.768,15.0,122.0
2,0.0,0.0,0.0,0.0,0.0,0.0,0.7839999999999964,0.0,0.0,0.0,0.0,0.0,0.0,0.0,0.0,1.36,0.0,0.0,3.75,0.0,0.0,0.0,0.0,0.0,0.0,0.0,0.0,0.0,0.0,0.0,0.0,0.0,0.0,0.0,0.0,0.0,0.0,0.0,0.0,0.0,0.0,0.0,0.0,0.0,0.0,0.0,0.0,0.0,0.0,0.0,0.0,0.0,1.0,1.0,19.0
1,0.0,0.0,0.0,0.0,0.0,0.0,0.0,0.0,0.0,0.0,0.0,0.0,0.0,0.0,0.0,0.0,0.0,0.0,3.03,0.0,0.0,0.0,0.0,0.0,0.0,0.0,0.0,0.0,0.0,0.0,0.0,0.0,0.0,0.0,0.66,0.0,0.0,0.0,0.0,0.0,0.0,0.0,0.0,0.0,0.0,0.0,0.0,0.0,0.0,0.476,0.0,0.0,2.642,9.0,37.0
1,0.0,0.0,0.0,0.0,0.0,0.0,0.0,0.0,0.0,0.0,0.0,0.0,0.0,0.0,0.0,0.0,0.0,0.0,2.32,0.0,0.0,0.0,0.0,0.0,0.0,0.0,1.916999999999998,0.0,0.0,0.0,0.0,0.0,0.4669999999999982,0.0,0.0,0.0,0.0,0.0,0.0,0.0,0.0,0.0,0.0,0.0,1.44,0.0,0.0,0.0,0.0,0.0,0.0,0.0,1.0,1.0,11.0
2,0.0,0.0,1.29,0.0,0.33,0.0,0.0,0.0,0.0,0.33,0.0,0.0,0.0,0.0,0.0,0.33,0.0,0.0,2.02,0.0,0.67,0.0,0.0,0.0,0.0,0.0,0.0,0.0,0.0,0.0,0.0,0.0,0.0,0.0,0.0,0.0,0.0,0.0,0.0,0.0,0.0,0.0,0.0,0.0,0.33,0.0,0.0,0.0,0.06,0.484,0.0,0.0,1.796,19.0,203.0
1,0.0,0.35,0.35,0.0,0.0,0.35,0.0,0.0,0.0,0.35,0.0,0.71,0.0,0.0,0.0,0.0,0.0,0.0,3.58,0.0,1.07,0.0,0.0,0.0,0.0,0.0,0.0,0.0,0.35,0.0,0.0,0.0,0.0,0.0,0.0,0.0,0.0,0.0,0.35,0.0,0.0,0.0,0.0,0.0,0.0,0.0,0.0,0.0,0.12,0.0,0.0,0.0,1.787,11.0,118.0
1,0.0,0.0,0.0,0.0,0.0,0.0,0.0,0.0,0.0,0.0,0.0,0.86,0.65,0.0,0.0,0.0,0.0,0.0,2.58,0.0,0.86,0.0,0.0,0.0,0.0,0.0,0.0,0.0,0.0,0.0,0.0,0.0,0.0,0.0,0.0,0.0,0.86,0.0,0.0,0.0,0.0,0.0,0.0,0.0,0.86,0.0,0.0,0.0,0.0,0.152,0.0,0.0,2.166,14.0,52.0
1,0.0,0.0,0.0,0.0,0.0,0.0,0.0,0.0,0.0,0.0,0.0,0.0,0.0,0.0,0.0,0.0,0.0,0.0,0.0,0.0,0.0,0.0,0.0,0.0,0.0,0.0,0.47,0.0,0.47,0.0,0.0,0.0,0.4669999999999982,0.0,0.0,0.0,0.0,0.0,0.0,0.0,0.0,0.0,0.0,0.0,0.0,0.0,0.0,0.0,0.074,0.0,0.0,0.074,4.268,28.0,286.0
1,0.6569999999999983,0.0,0.0,0.0,0.0,0.64,0.0,0.0,0.0,0.0,0.0,0.0,0.0,0.0,0.0,0.0,0.0,0.0,3.07,0.0,3.07,0.0,0.0,0.0,0.0,0.0,0.0,0.0,0.0,0.0,0.0,0.0,0.0,0.0,0.0,0.0,0.0,0.0,0.0,0.0,0.0,0.0,0.0,0.0,0.0,0.0,0.0,0.0,0.253,0.253,0.0,0.0,2.172,9.0,63.0
2,0.26,0.26,0.52,0.0,0.39,0.0,0.39,0.13,0.0,0.26,0.0,0.78,0.26,0.0,0.0,1.36,0.0,0.26,2.61,0.0,1.57,0.0,0.13,0.39,0.0,0.0,0.0,0.0,0.0,0.0,0.0,0.0,0.0,0.0,0.0,0.0,0.13,0.0,0.0,0.0,0.0,0.0,0.0,0.0,0.0,0.0,0.0,0.0,0.129,0.779,0.021,0.021,2.689,49.0,476.0
1,0.06,0.0,0.25,0.0,0.25,0.25,0.0,0.5,0.0,0.0,0.0,0.56,0.12,0.06,0.0,0.0,0.5,0.0,0.12,0.0,0.0,0.0,0.0,0.0,2.06,0.0,0.0,0.0,0.0,0.0,0.0,0.0,0.06,0.0,0.0,0.63,0.06,0.0,0.0,0.0,0.0,0.06,0.0,0.06,0.0,0.0,0.0,0.104,0.069,0.0,0.043,0.0,2.148,23.0,623.0
2,0.14,0.0,0.29,0.0,0.14,0.0,0.0,0.0,0.0,0.0,0.0,0.14,0.29,0.0,0.0,0.29,0.0,0.0,2.19,0.0,1.02,0.0,0.0,0.43,0.0,0.0,0.0,0.0,0.0,0.0,0.0,0.0,0.0,0.07,0.0,0.0,0.0,0.0,0.0,0.0,0.0,0.0,0.0,0.0,0.29,0.0,0.0,0.05,0.382,0.764,0.0,0.0,2.468,28.0,469.0
2,0.0,0.17,0.0,0.0,0.34,0.34,0.0,0.0,0.0,0.17,0.0,0.0,0.17,0.0,0.0,0.17,0.17,0.0,0.17,0.0,0.0,0.0,0.0,0.0,0.0,0.0,0.0,0.0,0.0,0.0,0.0,0.0,0.0,0.0,0.0,0.0,0.0,0.0,0.0,0.0,0.0,0.0,0.0,0.0,0.34,0.0,0.0,0.0,0.054,0.0,0.027,0.0,2.073,11.0,170.0
1,0.0,0.0,0.0,0.0,0.0,0.0,0.0,0.0,0.0,0.33,0.0,0.0,0.33,0.0,0.0,0.0,0.0,0.0,2.0,0.0,0.33,0.0,0.0,0.33,0.0,0.0,0.0,0.0,0.0,0.0,0.0,0.0,0.0,0.0,0.0,0.0,0.33,0.0,0.0,0.0,0.0,0.0,0.0,0.0,0.0,1.166999999999998,0.0,0.0,0.112,0.224,0.224,0.0,1.542,15.0,108.0
1,0.0,0.0,0.0,0.0,0.0,0.0,0.0,0.0,0.0,0.0,0.0,0.0,0.0,0.0,0.0,0.72,0.0,0.72,2.18,0.0,0.72,0.0,0.0,0.0,0.0,0.0,0.0,0.0,0.0,0.0,0.0,0.0,0.0,0.0,0.0,0.0,0.0,0.0,0.0,0.0,0.0,0.0,0.0,0.0,0.72,0.0,0.0,0.0,0.298,0.198,0.0,0.099,4.0,59.0,128.0
1,0.0,0.0,0.0,0.0,0.77,0.0,0.0,0.0,0.0,0.0,0.0,0.0,0.0,0.0,0.0,0.0,0.0,0.0,1.55,0.0,0.77,0.0,0.0,0.5769999999999982,0.0,0.0,0.77,0.0,0.0,0.0,0.0,0.0,0.0,0.0,0.0,0.0,0.0,0.0,0.0,0.0,0.0,0.0,0.0,0.0,1.44,0.77,0.0,0.0,0.49,0.196,0.0,0.0,3.16,10.0,79.0
1,0.0,0.0,0.1,0.0,0.1,0.0,0.0,0.0,0.0,0.0,0.0,0.1,0.0,0.1,0.0,0.0,0.0,0.0,0.0,0.0,0.0,0.0,0.0,0.0,0.4,0.1,0.0,0.1,0.2,0.2,0.0,0.0,0.4669999999999982,0.0,0.1,0.1,0.0,0.0,0.0,0.1,0.0,0.0,0.0,0.1,0.0,0.0,0.0,0.0,0.096,0.0,0.0,0.012,2.037,18.0,913.0
2,0.0,0.0,0.38,0.0,1.15,0.64,0.0,0.0,0.0,0.0,0.0,0.38,0.38,0.0,0.0,0.38,0.0,0.38,2.69,0.0,2.3,0.0,0.0,0.38,0.0,0.0,0.0,0.0,0.0,0.0,0.0,0.0,0.0,0.0,0.0,0.0,0.0,0.0,0.0,0.0,0.0,0.0,0.0,0.0,0.0,0.0,0.0,0.0,0.122,0.061,0.061,0.0,1.775,20.0,158.0
1,0.0,0.0,0.0,0.0,0.92,0.0,0.0,0.0,0.0,0.0,0.0,0.92,0.0,0.0,0.0,0.0,0.0,0.0,0.92,0.0,0.92,0.0,0.0,0.0,0.0,0.0,0.0,0.0,0.0,0.0,0.0,0.0,0.0,0.0,0.0,0.0,0.0,0.0,0.0,0.0,0.0,0.0,0.0,0.0,0.0,0.0,0.0,0.0,0.0,0.0,0.0,0.0,1.5,7.0,33.0
1,0.0,0.0,0.0,0.0,0.54,0.0,0.0,0.0,0.0,1.32,0.38,0.54,0.54,0.0,0.0,0.0,0.0,0.0,2.18,0.0,1.09,0.0,0.0,0.0,1.09,0.54,0.0,0.0,0.0,0.0,0.0,0.0,0.0,0.0,0.54,0.0,0.0,0.0,0.0,0.0,0.0,0.0,0.0,0.0,0.0,0.0,0.0,0.0,0.09,0.0,0.0,0.0,1.969,16.0,65.0
2,0.0,0.0,0.18,0.0,1.51,0.18,0.37,0.56,0.0,0.0,0.37,1.5,0.18,0.0,0.0,1.12,0.0,0.18,3.18,0.0,0.93,0.0,0.0,0.0,0.0,0.0,0.0,0.0,0.0,0.0,0.0,0.0,0.0,0.0,0.18,0.0,0.0,0.0,0.0,0.0,0.0,0.0,0.0,0.0,0.0,0.0,0.0,0.0,0.066,0.563,0.165,0.033,3.106,34.0,292.0
1,0.0,0.0,0.0,0.0,0.0,0.0,0.0,0.0,0.0,0.91,0.0,0.0,0.0,0.0,0.0,0.0,0.0,0.0,1.83,0.0,0.0,0.0,0.0,0.0,1.83,0.91,1.916999999999998,0.85,0.51,0.7139999999999963,0.32,0.0,0.0,0.07,0.66,0.63,0.91,0.0,0.53,0.39,0.0,0.0,0.31,0.0,0.91,0.0,0.0,0.0,0.46,0.0,0.0,0.0,1.918,13.0,71.0
1,0.0,0.0,0.1,0.0,0.0,0.0,0.0,0.1,0.0,0.0,0.31,0.52,0.1,0.0,0.0,0.1,0.1,0.0,0.1,0.0,0.0,0.0,0.1,0.0,3.14,0.0,0.0,0.0,0.0,0.0,0.0,0.0,0.0,0.0,0.0,0.52,0.31,0.0,0.0,0.1,0.0,0.0,0.0,0.0,0.0,0.0,0.0,0.079,0.142,0.0,0.063,0.0,2.542,26.0,605.0
2,0.54,0.0,1.08,0.0,0.54,0.0,0.7839999999999964,0.0,0.0,0.0,0.0,0.54,0.0,0.0,0.0,0.54,0.54,0.0,4.32,0.0,1.08,0.0,0.73,0.0,0.0,0.0,0.0,0.0,0.0,0.0,0.0,0.0,0.0,0.0,0.0,0.0,0.0,0.0,0.0,0.0,0.0,0.0,0.0,0.0,0.54,0.0,0.0,0.0,0.0,1.1457999999999993,0.26,0.0,5.454,68.0,180.0
1,0.0,0.0,0.0,0.0,0.0,0.0,0.0,0.0,0.0,0.82,0.0,0.82,0.0,0.0,0.0,0.0,0.0,0.0,1.65,0.0,0.82,0.0,0.0,0.0,0.0,1.65,0.0,0.0,0.0,0.0,0.0,0.0,0.0,0.0,0.0,0.0,0.0,0.0,0.0,0.0,0.0,0.0,0.0,0.0,0.82,0.0,0.0,0.0,0.122,0.0,0.0,0.0,2.111,19.0,76.0
1,0.0,0.1,0.0,0.0,0.0,0.0,0.0,0.2,0.0,0.0,0.0,0.3,0.0,0.0,0.0,0.0,0.05,0.05,0.05,0.0,0.0,0.0,0.0,0.0,0.3,0.2,0.0,0.05,0.0,0.05,0.0,0.0,0.05,0.0,0.0,0.2,0.41,0.0,0.0,0.0,0.0,0.0,0.0,0.1,0.05,0.2,0.0,0.0,0.141,0.0,0.0,0.0,1.997,87.0,1179.3999999999996
2,0.0,0.0,0.47,0.0,0.7,0.0,0.7,0.23,0.0,0.0,0.0,0.47,0.0,0.0,0.0,1.36,0.7,0.23,2.12,0.0,1.65,0.0,0.0,0.23,0.0,0.0,0.0,0.0,0.0,0.0,0.0,0.0,0.0,0.0,0.0,0.23,0.0,0.0,0.0,0.0,0.0,0.0,0.0,0.0,0.23,0.0,0.0,0.0,0.037,1.1457999999999993,0.037,0.0,5.236,111.0,576.0
1,0.0,0.0,0.0,0.0,0.0,0.0,0.0,0.0,0.0,0.75,0.0,0.0,0.0,0.0,0.0,0.0,0.0,0.0,0.0,0.0,0.0,0.0,0.0,0.0,0.0,0.0,0.75,0.0,0.51,0.0,0.0,0.0,0.4669999999999982,0.0,0.0,0.0,0.0,0.0,0.0,0.0,0.0,0.0,0.0,0.0,0.0,0.0,0.0,0.0,0.537,0.0,0.0,0.133,4.472,33.0,161.0
1,0.6569999999999983,0.0,0.0,0.0,0.0,0.0,0.0,0.0,0.0,1.02,0.0,0.0,0.0,0.0,0.0,0.0,0.0,0.0,0.0,0.0,0.0,0.0,0.0,0.0,1.02,1.02,0.0,0.85,0.0,0.0,0.0,0.0,0.0,0.0,0.0,0.63,0.0,0.0,0.0,0.0,0.0,0.0,0.0,0.0,0.0,0.0,0.0,0.0,0.531,0.0,0.0,0.0,2.967,11.0,92.0
1,0.54,0.0,0.0,0.0,0.0,0.27,0.0,0.0,0.0,0.0,0.0,0.0,0.54,0.0,0.0,0.0,0.0,0.0,3.79,0.0,0.54,0.0,0.0,0.0,0.27,0.0,0.0,0.0,0.0,0.0,0.32,0.0,0.0,0.0,0.27,0.0,0.0,0.0,0.0,0.0,0.0,0.0,0.0,0.0,0.0,0.0,0.0,0.0,0.433,0.0,0.078,0.0,1.859,18.0,106.0
1,0.0,0.0,0.0,0.0,0.0,0.0,0.0,0.0,0.0,0.0,0.0,0.0,0.0,0.0,0.0,0.0,0.0,0.0,2.46,0.0,0.0,0.0,0.0,0.0,0.0,0.0,0.0,0.0,0.0,0.0,0.0,0.0,0.0,0.0,0.0,0.0,0.0,0.0,0.0,0.0,0.0,0.0,0.0,0.0,1.23,0.0,0.0,0.0,0.0,1.1457999999999993,0.0,0.0,9.018899999999988,48.0,53.0
1,0.0,0.0,0.0,0.0,0.5,0.0,0.0,0.0,0.0,0.5,0.0,1.01,0.0,0.0,0.0,0.0,0.0,0.0,2.53,0.0,1.01,0.0,0.0,0.0,1.52,1.01,1.52,0.5,0.5,0.5,0.32,0.0,0.0,0.07,0.5,0.5,0.5,0.0,0.5,0.39,0.0,0.0,0.31,0.0,1.01,0.0,0.0,0.09,0.272,0.0,0.0,0.0,1.836,13.0,101.0
1,0.0,0.0,0.0,0.0,0.0,0.0,0.0,0.0,0.0,0.0,0.0,2.22,0.0,0.0,0.0,1.36,0.0,0.0,0.0,0.0,0.0,0.0,0.0,0.0,0.0,0.0,0.0,0.0,0.0,0.0,0.0,0.0,0.0,0.0,0.0,0.0,0.0,0.0,0.53,0.0,0.0,0.0,0.0,0.0,0.0,0.0,0.0,0.0,0.0,0.0,0.0,0.0,1.285,3.0,9.0
1,0.0,0.0,0.0,0.0,0.0,0.0,0.0,0.0,0.0,0.0,0.0,0.83,0.0,0.0,0.0,0.0,0.0,0.0,3.33,0.0,0.83,0.0,0.0,0.0,0.0,0.0,0.0,0.0,0.0,0.0,0.0,0.0,0.0,0.0,0.0,0.0,0.0,0.0,0.0,0.0,0.0,0.61,0.0,0.0,0.0,0.83,0.0,0.0,0.12,0.0,0.0,0.0,3.137,47.0,91.0
1,0.17,0.0,0.68,0.0,0.34,0.34,0.0,0.0,0.0,0.0,0.0,0.0,0.0,0.0,0.0,0.0,0.0,0.34,4.76,0.0,1.88,0.0,0.0,0.0,0.0,0.0,0.0,0.0,0.0,0.0,0.0,0.0,0.0,0.0,0.0,0.0,0.0,0.0,0.0,0.0,0.0,0.0,0.0,0.0,0.51,0.17,0.0,0.0,0.032,0.065,0.0,0.0,1.189,5.0,69.0
1,0.0,0.0,1.29,0.0,0.0,0.0,0.0,0.0,0.0,0.0,0.0,2.22,0.0,0.0,0.0,0.0,0.0,0.0,0.0,0.0,0.0,0.0,0.0,0.0,1.96,1.7939999999999965,0.0,0.0,0.0,0.7139999999999963,0.0,0.0,0.0,0.0,0.0,0.0,0.0,0.0,0.0,0.0,0.0,0.0,0.0,0.0,0.0,0.0,0.0,0.0,0.476,0.0,0.0,0.0,2.318,25.0,51.0
2,0.0,0.0,1.29,0.0,0.71,0.0,0.0,0.6,0.0,0.71,0.0,0.0,0.0,0.0,0.0,0.0,0.91,1.19,1.42,0.0,3.14,0.0,0.0,0.0,0.0,0.0,0.0,0.0,0.0,0.0,0.0,0.0,0.0,0.0,0.0,0.0,0.0,0.0,0.0,0.0,0.0,0.0,0.0,0.0,0.0,0.0,0.0,0.0,0.0,0.931,0.0,0.0,9.018899999999988,117.0,217.0
2,0.0,0.0,0.0,0.0,0.0,0.0,0.0,0.6,0.0,0.41,0.0,0.0,0.0,0.0,0.0,0.41,0.0,1.19,0.41,0.0,0.41,0.0,0.0,0.0,0.0,0.0,0.0,0.0,0.0,0.0,0.0,0.0,0.0,0.0,0.0,0.41,0.0,0.0,0.0,0.0,0.0,0.0,0.0,0.0,0.0,0.0,0.0,0.0,0.125,0.312,0.062,0.0,1.477,8.0,65.0
1,0.0,0.0,0.0,0.0,0.0,0.0,0.0,0.0,0.0,0.0,0.0,1.31,0.0,0.0,0.0,0.0,0.0,0.0,0.0,0.0,0.0,0.0,0.0,0.0,2.63,1.7939999999999965,0.0,0.0,0.0,0.0,0.0,0.0,0.0,0.0,0.0,0.0,0.0,0.0,0.0,0.0,0.0,0.0,0.0,0.0,0.0,0.0,0.0,0.0,0.0,0.0,0.0,0.0,2.208,10.0,53.0
2,0.0,0.0,0.0,0.0,1.51,0.0,0.0,0.0,0.0,0.0,0.0,0.0,0.0,0.0,0.0,1.36,0.0,0.0,0.0,0.0,0.0,0.0,0.0,0.0,0.0,0.0,0.0,0.0,0.0,0.0,0.0,0.0,0.0,0.0,0.0,0.0,0.0,0.0,0.0,0.0,0.0,0.0,0.0,0.0,0.0,0.0,0.0,0.17069999999999982,0.355,0.711,0.0,0.0,4.0,12.0,28.0
1,0.0,0.0,0.18,0.0,0.18,0.18,0.0,0.0,0.0,0.0,0.0,0.0,0.0,0.0,0.0,0.0,0.0,0.0,2.06,0.0,0.56,0.0,0.0,0.0,0.0,0.0,0.0,0.0,0.0,0.0,0.0,0.0,0.0,0.0,0.0,0.0,0.0,0.0,0.0,0.0,0.0,0.0,0.0,0.2869999999999982,0.56,0.37,0.0,0.033,0.033,0.099,0.0,0.0,1.489,11.0,137.0
2,0.14,0.14,0.29,0.0,0.0,0.0,0.0,0.0,0.67,0.29,0.14,0.59,0.0,0.0,0.0,0.0,0.0,0.14,2.36,0.14,0.88,0.0,0.0,0.44,0.0,0.0,0.0,0.0,0.0,0.0,0.0,0.0,0.0,0.0,0.0,0.0,0.0,0.0,0.0,0.0,0.0,0.0,0.0,0.0,0.0,0.0,0.0,0.0,0.205,0.153,0.128,0.102,2.686,73.0,368.0
1,0.0,0.0,0.0,0.0,0.0,0.0,0.0,0.0,0.0,0.0,0.0,0.0,0.0,0.0,0.0,0.0,0.0,0.0,0.0,0.0,0.0,0.0,0.0,0.0,0.0,0.0,1.916999999999998,0.0,0.0,0.0,0.0,0.0,0.0,0.0,0.0,0.0,0.0,0.0,0.0,0.0,0.0,0.0,0.0,0.0,0.0,0.0,0.0,0.0,0.0,0.0,0.0,0.0,1.25,2.0,9.0
1,0.0,0.0,0.0,0.0,0.7,0.0,0.0,0.6,0.0,0.17,0.0,0.52,0.17,0.0,0.0,0.0,0.0,0.0,2.46,0.0,1.93,0.0,0.0,0.0,0.52,0.35,0.35,0.17,0.17,0.17,0.17,0.0,0.17,0.07,0.17,0.17,0.17,0.0,0.0,0.17,0.0,0.0,0.0,0.0,0.17,0.0,0.0,0.0,0.086,0.057,0.0,0.0,1.472,15.0,162.0
2,0.1,0.0,0.7,0.0,0.2,0.0,0.0,0.0,0.2,0.3,0.1,1.3,0.65,0.0,0.0,0.3,0.2,0.0,2.61,0.0,1.2,0.0,0.0,0.4,0.0,0.0,0.0,0.0,0.0,0.0,0.0,0.0,0.0,0.0,0.0,0.0,0.0,0.0,0.0,0.39,0.0,0.0,0.0,0.0,0.3,0.0,0.0,0.0,0.141,0.352,0.056,0.0,9.018899999999988,148.0,1133.0
1,0.0,0.0,1.29,0.0,0.0,0.0,0.0,0.0,0.0,0.0,0.0,1.58,0.0,0.0,0.0,0.0,0.0,0.0,1.58,0.0,1.58,0.0,0.0,0.0,1.58,1.7939999999999965,0.0,0.0,0.0,0.0,0.0,0.0,0.0,0.0,0.0,0.0,0.0,0.0,0.0,0.0,0.0,0.0,0.0,0.0,0.0,0.0,0.0,0.0,0.0,0.0,0.0,0.0,1.538,4.0,20.0
2,0.0,0.0,0.0,0.0,0.0,0.0,0.0,0.0,0.0,0.0,0.0,0.0,0.0,0.0,0.0,0.0,0.0,1.19,4.76,0.0,0.0,0.0,0.0,0.0,0.0,0.0,0.0,0.0,0.0,0.0,0.0,0.0,0.0,0.0,0.0,0.0,0.0,0.0,0.0,0.0,0.0,0.0,0.0,0.0,0.0,0.0,0.0,0.0,0.0,0.543,0.0,0.0,5.0,15.0,50.0
1,0.0,0.0,0.0,0.0,0.7,0.0,0.0,0.0,0.0,0.0,0.0,0.7,0.0,0.0,0.0,0.0,0.0,0.0,3.52,0.0,0.0,0.0,0.0,0.0,0.0,0.0,1.4,0.0,0.0,0.0,0.0,0.0,0.0,0.07,0.0,0.0,0.0,0.0,0.0,0.0,0.0,0.0,0.0,0.0,1.4,0.0,0.0,0.0,0.1,0.1,0.0,0.0,1.682,22.0,69.0
1,0.0,0.0,0.0,0.0,0.0,0.0,0.0,0.0,0.0,0.0,0.0,0.0,0.0,0.0,0.0,0.0,0.0,0.0,1.69,0.0,1.69,0.0,0.0,0.0,0.0,0.0,0.0,0.85,0.0,0.0,0.0,0.0,0.0,0.0,0.0,0.0,0.0,0.0,0.0,0.0,0.0,0.0,0.0,0.0,0.0,1.166999999999998,0.0,0.0,0.296,0.0,0.0,0.0,3.315,13.0,63.0
1,0.0,0.0,0.0,0.0,0.0,0.0,0.0,0.0,0.0,0.0,0.0,2.22,0.0,0.0,0.0,0.57,0.0,0.0,0.0,0.0,1.73,0.0,0.0,0.0,2.31,0.0,0.0,0.0,0.0,0.7139999999999963,0.0,0.0,0.0,0.0,0.0,0.0,0.57,0.0,0.0,0.0,0.0,0.0,0.0,0.0,0.0,0.0,0.0,0.0,0.163,0.0,0.0,0.0,1.9,12.0,76.0
1,0.0,0.0,1.0,0.0,1.5,0.0,0.0,0.0,0.0,1.0,0.38,2.0,0.0,0.0,0.0,0.0,0.0,0.0,4.76,0.0,3.0,0.0,0.0,0.0,0.0,0.0,0.0,0.0,0.0,0.0,0.0,0.0,0.0,0.0,0.0,0.0,0.0,0.0,0.0,0.0,0.0,0.0,0.0,0.0,0.0,0.0,0.0,0.0,0.0,0.145,0.0,0.0,1.342,14.0,51.0
2,0.0,0.0,1.0,0.0,1.0,0.0,0.0,0.0,0.0,0.0,0.0,0.0,0.0,0.0,0.0,0.0,0.91,0.0,0.0,0.0,2.0,0.0,0.0,0.0,0.0,0.0,0.0,0.0,0.0,0.0,0.0,0.0,0.0,0.0,0.0,0.0,0.0,0.0,0.0,0.39,0.0,0.0,0.0,0.0,1.0,0.0,0.0,0.0,0.537,1.1457999999999993,0.0,0.14209999999999945,1.0,1.0,36.0
1,0.0,0.0,0.0,0.0,0.0,0.0,0.0,0.0,0.0,0.0,0.0,2.22,0.0,0.0,0.0,0.0,0.0,0.0,0.0,0.0,0.0,0.0,0.0,0.0,0.0,0.0,0.0,0.0,0.0,0.0,0.0,0.0,0.0,0.0,0.0,0.0,0.0,0.0,0.0,0.0,0.0,0.61,0.0,0.0,0.0,0.0,0.0,0.0,0.0,0.444,0.0,0.0,2.333,12.0,28.0
1,0.0,0.0,0.0,0.0,0.0,0.0,0.0,0.0,0.0,0.0,0.0,0.0,0.0,0.0,0.0,0.0,0.0,0.0,4.76,0.0,1.16,0.0,0.0,0.5769999999999982,0.0,0.0,0.0,0.0,0.0,0.0,0.0,0.0,0.0,0.0,0.0,0.0,0.0,0.0,0.0,0.0,0.0,0.0,0.0,0.0,0.0,1.166999999999998,0.0,0.0,0.163,0.49,0.0,0.0,2.125,7.0,34.0
1,0.6569999999999983,0.0,0.0,0.0,0.0,0.0,0.0,0.0,0.0,0.0,0.0,0.0,0.33,0.0,0.0,0.0,0.0,0.0,1.01,0.0,0.33,0.0,0.0,0.0,0.0,0.0,0.0,0.0,0.0,0.0,0.0,0.0,0.0,0.0,0.0,0.0,0.0,0.0,0.0,0.0,0.0,0.61,0.0,0.0,0.0,0.0,0.0,0.0,0.055,0.0,0.0,0.0,1.644,13.0,74.0
1,0.0,0.0,0.0,0.0,0.0,0.0,0.0,0.0,0.0,0.0,0.0,0.91,0.0,0.0,0.0,0.0,0.0,0.91,0.91,0.0,0.45,0.0,0.0,0.0,2.73,1.7939999999999965,0.91,0.45,0.0,0.0,0.0,0.0,0.0,0.0,0.45,0.0,0.45,0.0,0.0,0.0,0.0,0.0,0.0,0.0,0.0,0.0,0.0,0.075,0.151,0.0,0.0,0.0,2.158,20.0,136.0
1,0.0,0.0,0.0,0.0,0.0,0.0,0.0,0.0,0.0,0.0,0.0,0.0,0.0,0.0,0.0,0.0,0.0,0.0,0.0,0.0,0.0,0.0,0.0,0.0,0.0,0.0,0.0,0.0,0.0,0.0,0.0,0.0,0.0,0.0,0.0,0.0,0.0,0.0,0.0,0.0,0.0,0.0,0.0,0.0,0.0,0.0,0.0,0.0,0.0,0.0,0.0,0.0,2.8,12.0,28.0
2,0.22,0.22,0.22,0.0,1.51,0.22,0.44,0.44,0.22,1.32,0.0,0.88,0.22,0.0,0.16,0.44,0.0,0.44,3.33,0.0,3.14,0.0,0.44,0.44,0.0,0.0,0.0,0.0,0.0,0.0,0.0,0.0,0.0,0.0,0.0,0.0,0.0,0.0,0.0,0.39,0.0,0.0,0.0,0.0,0.0,0.0,0.0,0.0,0.0,0.563,0.15,0.0,9.018899999999988,156.39999999999964,1179.3999999999996
1,0.0,0.0,0.0,0.0,0.0,0.0,0.0,0.0,0.0,0.0,0.0,0.0,0.0,0.0,0.0,0.0,0.0,0.0,0.0,0.0,1.51,0.0,0.0,0.0,0.0,0.0,1.51,0.0,0.0,0.0,0.0,0.0,0.0,0.0,0.0,0.0,0.0,0.0,0.0,0.0,0.0,0.0,0.0,0.0,1.44,0.0,0.0,0.17069999999999982,0.0,0.0,0.0,0.0,1.611,5.0,29.0
1,0.0,0.0,0.76,0.0,0.15,0.0,0.0,0.0,0.0,0.15,0.0,1.07,0.0,0.0,0.0,0.0,0.0,0.0,1.99,0.0,0.46,0.0,0.0,0.0,0.92,0.15,0.0,0.3,0.0,0.0,0.0,0.0,0.0,0.0,0.0,0.0,0.15,0.0,0.0,0.0,0.0,0.0,0.0,0.0,0.0,0.0,0.0,0.0,0.264,0.0,0.0,0.026,2.891,28.0,347.0
1,0.0,0.0,0.0,0.0,0.0,0.0,0.0,0.0,0.0,0.0,0.0,0.0,0.0,0.0,0.0,0.0,0.0,0.84,0.0,0.0,0.0,0.0,0.0,0.0,2.54,1.7939999999999965,0.0,0.85,0.0,0.0,0.0,0.0,0.0,0.0,0.66,0.0,0.0,0.0,0.53,0.0,0.0,0.0,0.0,0.0,0.84,0.0,0.0,0.0,0.123,0.123,0.0,0.14209999999999945,5.515,34.0,182.0
2,0.0,0.0,0.0,0.0,1.51,0.0,0.7839999999999964,0.6,0.0,1.04,0.0,1.04,0.0,0.0,0.0,1.36,0.0,0.0,2.08,0.0,1.04,0.0,0.0,0.0,0.0,0.0,0.0,0.0,0.0,0.0,0.0,0.0,0.0,0.0,0.0,0.0,0.0,0.0,0.0,0.0,0.0,0.0,0.0,0.0,1.04,0.0,0.0,0.0,0.0,0.0,0.0,0.0,9.018899999999988,65.0,139.0
1,0.0,0.0,0.0,0.0,0.0,0.37,0.0,0.0,0.0,0.0,0.0,0.0,0.0,0.0,0.0,0.0,0.0,0.0,3.73,0.0,0.37,0.0,0.0,0.0,0.0,0.0,0.0,0.0,0.0,0.0,0.0,0.0,0.0,0.0,0.0,0.0,0.0,0.0,0.0,0.0,0.0,0.0,0.0,0.0,1.11,0.0,0.0,0.0,0.066,0.066,0.0,0.0,1.555,4.0,14.0
1,0.0,0.0,0.0,0.0,0.0,0.0,0.0,0.0,0.0,0.0,0.0,0.0,0.0,0.0,0.0,0.0,0.0,0.0,4.76,0.0,0.0,0.0,0.0,0.0,0.0,0.0,1.916999999999998,0.0,0.0,0.0,0.0,0.0,0.0,0.0,0.0,0.0,0.95,0.0,0.0,0.0,0.0,0.0,0.0,0.0,1.44,0.0,0.0,0.0,0.0,0.0,0.0,0.0,1.461,5.0,19.0
2,0.26,0.46,0.99,0.0,0.53,0.0,0.0,0.53,0.19,1.12,0.26,0.73,0.65,0.0,0.06,0.26,0.13,0.26,3.78,0.0,3.14,0.0,0.39,0.26,0.0,0.0,0.0,0.0,0.0,0.0,0.0,0.0,0.0,0.0,0.0,0.0,0.0,0.0,0.0,0.0,0.0,0.0,0.0,0.0,0.0,0.0,0.0,0.011,0.023,0.449,0.265,0.034,9.018899999999988,156.39999999999964,1179.3999999999996
1,0.11,0.11,0.34,0.0,0.11,0.0,0.0,0.0,0.67,0.0,0.0,0.45,0.0,0.0,0.0,0.11,0.0,0.0,0.45,0.0,0.22,0.0,0.0,0.0,0.56,0.68,0.11,0.0,0.0,0.0,0.0,0.0,0.34,0.0,0.0,0.0,0.22,0.0,0.0,0.11,0.0,0.11,0.0,0.0,0.0,0.0,0.0,0.103,0.177,0.0,0.029,0.0,4.296,81.0,653.0
2,0.47,0.6169999999999982,0.94,0.0,0.47,0.0,0.0,0.47,0.0,1.32,0.0,2.22,0.0,0.17,0.0,0.47,0.0,0.0,1.88,0.0,3.14,0.0,0.0,0.0,0.0,0.0,0.0,0.0,0.0,0.0,0.0,0.0,0.0,0.0,0.0,0.0,0.0,0.0,0.0,0.0,0.0,0.0,0.0,0.0,0.0,0.0,0.0,0.0,0.252,1.1457999999999993,0.168,0.084,9.018899999999988,156.39999999999964,744.0
1,0.0,0.0,0.0,0.0,0.13,0.26,0.0,0.0,0.0,0.13,0.0,1.17,0.13,0.13,0.0,0.0,0.52,0.0,0.0,0.0,0.0,0.0,0.0,0.0,3.183999999999996,0.65,0.0,0.0,0.13,0.52,0.0,0.0,0.0,0.0,0.0,0.39,0.13,0.0,0.0,0.0,0.0,0.0,0.0,0.0,0.0,0.0,0.0,0.135,0.101,0.0,0.0,0.0,1.915,19.0,387.0
1,0.0,0.0,0.36,0.0,0.72,0.0,0.0,0.0,0.0,0.0,0.0,0.36,0.18,0.0,0.0,0.36,0.0,0.0,1.44,0.0,0.36,0.0,0.0,0.0,0.36,0.9,0.0,0.0,0.0,0.0,0.0,0.0,0.0,0.0,0.0,0.0,0.36,0.0,0.0,0.0,0.0,0.0,0.18,0.0,0.18,0.0,0.0,0.026,0.0,0.107,0.0,0.0,2.988,51.0,263.0
2,0.23,0.23,0.47,0.0,0.7,0.23,0.23,0.6,0.23,0.47,0.23,0.47,0.0,0.0,0.0,0.0,0.91,0.47,0.94,0.35,3.14,0.0,0.0,0.0,0.0,0.0,0.0,0.0,0.0,0.0,0.0,0.0,0.0,0.0,0.0,0.0,0.0,0.0,0.0,0.39,0.0,0.0,0.0,0.0,0.23,0.0,0.0,0.0,0.075,1.1457999999999993,0.151,0.0,6.529,156.39999999999964,666.0
1,0.6569999999999983,0.0,0.0,0.0,0.0,0.0,0.0,0.0,0.0,0.0,0.0,1.45,0.0,0.0,0.0,0.0,0.0,0.0,0.72,0.0,0.0,0.0,0.0,0.0,0.0,0.0,0.0,0.0,0.0,0.0,0.0,0.0,0.0,0.0,0.0,0.0,0.0,0.0,0.0,0.0,0.0,0.0,0.0,0.0,0.0,0.0,0.0,0.0,0.0,0.0,0.0,0.0,1.407,6.0,38.0
2,0.16,0.0,0.24,0.0,1.51,0.49,0.0,0.0,0.0,0.16,0.08,0.65,0.4,0.08,0.0,0.0,0.32,0.0,3.68,0.32,0.65,0.0,0.73,0.08,0.0,0.0,0.0,0.0,0.0,0.0,0.0,0.0,0.0,0.0,0.0,0.0,0.0,0.0,0.0,0.0,0.0,0.0,0.08,0.0,0.08,0.0,0.0,0.014,0.058,0.0,0.232,0.0,1.725,10.0,333.0
2,0.0,0.0,0.23,0.0,0.0,0.0,0.23,0.0,0.0,0.95,0.0,0.47,0.0,0.17,0.0,0.23,0.91,0.0,2.38,0.0,1.9,0.0,0.0,0.47,0.0,0.0,0.0,0.0,0.0,0.0,0.0,0.0,0.0,0.0,0.0,0.23,0.23,0.0,0.0,0.0,0.0,0.0,0.0,0.0,0.0,0.0,0.0,0.0,0.123,0.197,0.0,0.024,5.038,156.39999999999964,519.0
1,0.0,0.0,0.0,0.0,0.0,0.0,0.0,0.0,0.0,0.0,0.0,0.0,0.0,0.0,0.0,0.0,0.0,0.0,3.17,0.0,0.0,0.0,0.0,0.0,3.17,0.0,0.0,0.0,0.0,0.0,0.0,0.0,0.0,0.0,0.0,0.0,0.0,0.0,0.53,0.0,0.0,0.0,0.0,0.0,1.44,1.166999999999998,0.0,0.0,0.0,0.0,0.0,0.0,2.071,14.0,29.0
1,0.0,0.0,0.0,0.0,0.0,0.0,0.0,0.0,0.0,0.74,0.0,0.0,0.0,0.0,0.0,0.74,0.0,0.0,1.49,0.0,1.49,0.0,0.0,0.0,0.0,0.0,0.0,0.0,0.0,0.0,0.0,0.0,0.0,0.0,0.0,0.0,0.0,0.0,0.0,0.0,0.0,0.0,0.0,0.0,0.74,1.166999999999998,0.0,0.0,0.124,0.0,0.0,0.0,1.966,15.0,59.0
2,0.0,0.0,1.29,0.0,0.66,0.0,0.0,0.0,0.0,0.0,0.0,0.0,0.0,0.0,0.0,0.0,0.0,0.66,0.66,0.0,0.66,0.0,0.0,0.0,0.0,0.0,0.0,0.0,0.0,0.0,0.0,0.0,0.0,0.0,0.0,0.0,0.0,0.0,0.0,0.0,0.0,0.0,0.0,0.0,0.66,0.0,0.0,0.0,0.0,0.355,0.118,0.0,2.315,12.0,132.0
2,0.0,0.0,0.0,0.0,0.0,0.0,0.0,0.0,0.0,0.0,0.0,0.0,0.65,0.0,0.0,0.0,0.0,0.0,0.91,0.0,0.0,0.0,0.0,0.0,0.0,0.0,0.0,0.0,0.0,0.0,0.0,0.0,0.0,0.0,0.0,0.0,0.0,0.0,0.0,0.0,0.0,0.0,0.0,0.0,0.0,0.0,0.0,0.0,0.143,0.573,0.0,0.0,2.884,18.0,75.0
2,0.0,0.0,0.0,0.0,0.0,0.0,0.0,0.0,0.0,0.0,0.0,0.0,0.0,0.0,0.0,0.0,0.0,0.0,4.34,0.0,0.0,0.0,0.0,0.0,0.0,0.0,0.0,0.0,0.0,0.0,0.0,0.0,0.0,0.0,0.0,0.0,0.0,0.0,0.0,0.0,0.0,0.0,0.0,0.0,0.0,0.0,0.0,0.0,0.0,1.1457999999999993,0.0,0.0,1.666,5.0,15.0
1,0.0,0.0,1.13,0.0,0.37,0.0,0.0,0.0,0.0,0.0,0.0,0.0,0.0,0.0,0.0,0.37,0.0,0.37,1.13,0.0,0.37,0.0,0.0,0.0,0.0,0.0,0.0,0.0,0.0,0.0,0.0,0.0,0.0,0.0,0.0,0.0,0.0,0.0,0.0,0.0,0.0,0.0,0.0,0.0,0.0,0.0,0.0,0.0,0.145,0.436,0.0,0.0,1.792,55.0,147.0
1,0.0,0.0,0.0,0.0,0.0,0.0,0.0,0.0,0.0,0.74,0.0,0.0,0.0,0.0,0.0,0.0,0.0,0.0,0.74,0.0,0.0,0.0,0.0,0.0,0.74,0.74,0.0,0.85,0.0,0.0,0.0,0.0,0.0,0.0,0.0,0.63,0.0,0.0,0.0,0.0,0.0,0.0,0.0,0.0,0.74,0.0,0.0,0.0,0.257,0.0,0.0,0.0,2.638,11.0,95.0
2,0.0,0.0,0.0,0.0,1.51,0.0,0.0,0.0,0.0,0.0,0.0,0.0,0.0,0.0,0.0,1.36,0.0,0.0,0.0,0.0,0.0,0.0,0.0,0.0,0.0,0.0,0.0,0.0,0.0,0.0,0.0,0.0,0.0,0.0,0.0,0.0,0.0,0.0,0.0,0.0,0.0,0.0,0.0,0.0,0.0,0.0,0.0,0.17069999999999982,0.404,0.809,0.0,0.0,4.857,12.0,34.0
1,0.0,0.0,0.0,0.0,0.0,0.0,0.0,0.0,0.0,0.0,0.0,0.0,0.0,0.0,0.0,0.0,0.0,0.0,0.0,0.0,0.0,0.0,0.0,0.0,0.0,0.0,1.916999999999998,0.0,0.0,0.0,0.0,0.0,0.0,0.0,0.0,0.0,0.0,0.0,0.0,0.0,0.0,0.0,0.0,0.0,1.44,0.0,0.0,0.0,0.0,0.0,0.0,0.0,1.0,1.0,9.0
1,0.0,0.0,0.0,0.0,0.0,0.0,0.0,0.0,0.0,0.69,0.0,0.0,0.0,0.0,0.0,0.0,0.0,0.0,0.0,0.0,0.69,0.0,0.0,0.0,0.0,0.0,0.69,0.0,0.51,0.0,0.0,0.0,0.4669999999999982,0.0,0.0,0.0,0.0,0.0,0.0,0.0,0.0,0.0,0.0,0.0,0.0,0.0,0.0,0.0,0.228,0.0,0.0,0.114,3.651,28.0,157.0
2,0.0,0.0,0.0,0.0,0.0,0.0,0.0,0.6,0.0,0.0,0.0,0.0,0.0,0.0,0.0,0.0,0.0,0.0,0.0,0.0,0.0,0.0,0.73,0.0,0.0,0.0,0.0,0.0,0.0,0.0,0.0,0.0,0.0,0.0,0.0,0.0,0.0,0.0,0.0,0.0,0.0,0.0,0.0,0.0,1.08,0.0,0.0,0.0,0.194,0.0,0.38239999999999963,0.0,3.6,16.0,72.0
1,0.0,0.0,1.29,0.0,0.94,0.0,0.0,0.0,0.0,0.0,0.0,0.0,0.0,0.0,0.0,0.0,0.0,0.0,2.83,0.0,0.0,0.0,0.0,0.0,0.0,0.0,0.0,0.0,0.0,0.0,0.0,0.0,0.0,0.0,0.0,0.0,0.0,0.0,0.0,0.0,0.0,0.0,0.0,0.0,0.94,0.0,0.0,0.0,0.0,0.756,0.0,0.0,1.0,1.0,22.0
1,0.0,0.0,0.0,0.0,0.0,0.0,0.0,0.6,0.0,0.0,0.0,0.0,0.0,0.0,0.0,0.0,0.0,0.0,0.37,0.0,0.0,0.0,0.0,0.0,0.0,0.0,0.0,0.0,0.0,0.0,0.0,0.0,0.0,0.0,0.0,0.0,0.37,0.0,0.37,0.0,0.0,0.0,0.31,0.0,0.75,1.12,0.0,0.0,0.0,0.0,0.0,0.0,2.023,14.0,85.0
2,0.0,0.0,0.0,0.0,0.87,0.0,0.0,0.0,0.0,0.0,0.0,0.0,0.0,0.17,0.0,0.0,0.0,0.0,0.87,0.0,0.0,0.0,0.0,0.0,0.0,0.0,0.0,0.0,0.0,0.0,0.0,0.0,0.0,0.0,0.0,0.0,0.0,0.0,0.0,0.0,0.0,0.0,0.0,0.0,0.0,0.0,0.0,0.0,0.132,0.0,0.0,0.0,3.851,51.0,104.0
2,0.3,0.0,0.0,0.0,0.3,0.3,0.61,0.0,0.61,0.61,0.0,0.61,0.0,0.0,0.0,0.3,0.3,0.61,1.84,0.0,0.92,0.0,0.0,0.0,0.0,0.0,0.0,0.0,0.0,0.0,0.0,0.0,0.0,0.0,0.0,0.0,0.0,0.0,0.0,0.0,0.0,0.0,0.0,0.0,0.0,0.0,0.0,0.0,0.051,0.103,0.051,0.0,6.125,64.0,343.0
2,0.0,0.0,0.55,0.0,0.0,0.55,0.0,0.27,0.0,0.0,0.38,0.27,0.27,0.0,0.0,1.1,0.27,0.83,2.49,0.0,3.04,0.0,0.0,0.27,0.0,0.0,0.0,0.0,0.0,0.0,0.0,0.0,0.0,0.0,0.0,0.0,0.0,0.0,0.0,0.0,0.0,0.0,0.0,0.0,0.27,0.0,0.0,0.0,0.194,0.582,0.291,0.14209999999999945,2.309,35.0,291.0
2,0.0,0.6169999999999982,0.71,0.0,0.35,0.35,0.0,0.0,0.0,0.0,0.0,0.71,0.0,0.0,0.0,0.35,0.0,1.19,1.79,0.0,1.07,0.0,0.0,0.0,0.0,0.0,0.0,0.0,0.0,0.0,0.0,0.0,0.0,0.0,0.0,0.0,0.0,0.0,0.0,0.0,0.0,0.0,0.0,0.0,0.0,0.0,0.0,0.0,0.057,1.1457999999999993,0.0,0.0,3.895,61.0,261.0
1,0.0,0.0,0.0,0.0,0.0,0.0,0.0,0.0,0.0,0.0,0.0,0.0,0.0,0.0,0.0,0.0,0.0,0.0,0.0,0.0,0.0,0.0,0.0,0.0,0.0,0.0,0.0,0.0,0.0,0.0,0.0,0.0,0.0,0.0,0.0,0.0,0.0,0.0,0.0,0.0,0.0,0.0,0.0,0.0,0.0,0.0,0.0,0.0,0.537,0.0,0.0,0.0,1.647,4.0,28.0
1,0.0,0.0,0.0,0.0,0.0,0.0,0.7839999999999964,0.0,0.0,0.0,0.0,0.0,0.0,0.0,0.0,0.0,0.0,0.0,3.07,0.0,0.0,0.0,0.0,0.0,0.0,0.0,0.0,0.0,0.0,0.0,0.0,0.0,0.0,0.0,0.0,0.0,0.0,0.0,0.0,0.0,0.0,0.0,0.0,0.0,0.0,0.0,0.0,0.0,0.0,0.251,0.0,0.0,3.214,12.0,45.0
1,0.0,0.0,0.0,0.0,0.0,0.0,0.0,0.0,0.0,0.0,0.0,1.29,0.0,0.0,0.0,0.0,0.0,0.0,0.0,0.0,0.0,0.0,0.0,0.0,1.29,1.7939999999999965,0.0,0.0,0.0,0.0,0.0,0.0,0.0,0.0,0.0,0.0,0.0,0.0,0.0,0.0,0.0,0.0,0.0,0.0,0.0,0.0,0.0,0.0,0.0,0.0,0.0,0.0,1.625,6.0,26.0
1,0.0,0.0,0.0,0.0,0.0,0.0,0.0,0.0,0.0,0.0,0.0,0.0,0.0,0.0,0.0,0.0,0.0,0.0,0.0,0.0,0.0,0.0,0.0,0.0,0.0,0.0,1.916999999999998,0.0,0.0,0.0,0.0,0.0,0.0,0.0,0.0,0.0,0.0,0.0,0.0,0.0,0.0,0.0,0.0,0.0,0.0,0.0,0.0,0.0,0.0,0.0,0.0,0.0,1.0,1.0,9.0
1,0.0,0.0,0.0,0.0,0.0,0.0,0.0,0.0,0.0,1.32,0.0,0.0,0.0,0.0,0.0,0.0,0.0,0.0,1.44,0.0,1.44,0.0,0.0,0.0,2.89,1.44,1.916999999999998,0.85,0.51,0.7139999999999963,0.32,0.0,0.0,0.07,0.66,0.63,0.0,0.0,0.0,0.39,0.0,0.0,0.0,0.0,1.44,0.0,0.0,0.0,0.417,0.0,0.0,0.0,2.166,11.0,39.0
1,0.0,0.0,1.03,0.0,1.51,0.0,0.0,0.0,0.0,0.0,0.0,0.0,0.0,0.0,0.0,0.0,0.0,0.0,1.03,0.0,0.0,0.0,0.0,0.0,0.0,0.0,0.0,0.0,0.51,0.0,0.0,0.0,0.0,0.0,0.0,0.0,0.0,0.0,0.0,0.0,0.0,0.0,0.0,0.2869999999999982,1.03,0.0,0.0,0.17069999999999982,0.186,0.0,0.0,0.0,1.529,5.0,26.0
1,0.0,0.0,0.0,0.0,0.0,0.17,0.0,0.0,0.0,0.0,0.0,0.52,0.17,0.0,0.0,0.0,0.69,0.0,0.0,0.0,0.17,0.0,0.0,0.0,1.04,0.0,0.0,0.0,0.34,0.34,0.0,0.0,0.0,0.0,0.0,0.63,0.0,0.0,0.0,0.17,0.0,0.0,0.0,0.2869999999999982,0.0,0.0,0.0,0.0,0.055,0.0,0.0,0.0,1.685,7.0,204.0
2,0.0,0.0,0.0,0.0,0.91,0.0,0.7839999999999964,0.0,0.0,0.91,0.0,0.0,0.0,0.0,0.0,0.0,0.0,0.0,0.0,0.0,0.0,0.0,0.0,0.0,0.0,0.0,0.0,0.0,0.0,0.0,0.0,0.0,0.0,0.0,0.0,0.0,0.0,0.0,0.0,0.0,0.0,0.0,0.0,0.0,0.0,0.0,0.0,0.0,0.134,0.672,0.269,0.0,4.35,31.0,87.0
1,0.0,0.0,0.0,0.0,0.0,0.0,0.0,0.0,0.0,0.0,0.0,0.0,0.0,0.0,0.0,0.0,0.0,0.0,0.0,0.0,0.0,0.0,0.0,0.0,0.0,0.0,0.0,0.0,0.0,0.0,0.0,0.0,0.0,0.0,0.0,0.0,0.0,0.0,0.0,0.0,0.0,0.0,0.0,0.0,1.44,1.166999999999998,0.0,0.0,0.537,0.0,0.0,0.0,1.0,1.0,9.0
2,0.0,0.0,0.55,0.0,1.11,0.0,0.18,0.0,0.0,0.0,0.0,0.0,0.65,0.0,0.16,0.0,0.37,0.37,3.15,0.0,0.92,0.0,0.0,0.0,0.0,0.0,0.0,0.0,0.0,0.0,0.0,0.0,0.0,0.0,0.0,0.0,0.0,0.0,0.0,0.0,0.0,0.0,0.0,0.0,0.0,0.0,0.0,0.0,0.182,0.455,0.0,0.0,1.32,4.0,70.0
2,0.17,0.0,0.08,0.0,0.42,0.08,0.08,0.42,0.08,0.08,0.0,0.6,0.17,0.17,0.0,0.0,0.17,0.08,1.2,0.0,3.14,0.0,0.34,0.08,0.0,0.0,0.0,0.0,0.0,0.0,0.0,0.0,0.0,0.0,0.0,0.0,0.0,0.0,0.0,0.0,0.0,0.0,0.0,0.0,0.0,0.0,0.0,0.0,0.085,0.099,0.014,0.0,4.07,48.0,574.0
2,0.21,0.1,0.52,0.0,1.26,0.1,0.0,0.0,0.42,0.52,0.21,0.52,0.42,0.0,0.0,0.0,0.52,0.0,4.53,0.0,2.0,0.0,0.31,0.5769999999999982,0.0,0.0,0.0,0.0,0.0,0.0,0.0,0.0,0.0,0.0,0.0,0.0,0.0,0.0,0.0,0.0,0.0,0.0,0.0,0.0,0.0,0.0,0.0,0.0,0.028,0.141,0.38239999999999963,0.0,9.018899999999988,156.39999999999964,1016.0
1,0.13,0.06,0.0,0.0,0.13,0.13,0.0,0.0,0.13,0.27,0.06,0.41,0.06,0.0,0.0,0.27,0.06,0.0,1.04,0.13,0.83,0.0,0.0,0.06,1.46,0.48,0.0,0.13,0.0,0.06,0.27,0.0,0.0,0.0,0.13,0.0,0.2,0.0,0.0,0.0,0.0,0.0,0.0,0.0,0.06,0.0,0.0,0.0,0.194,0.029,0.048,0.009,1.793,23.0,888.0
1,0.0,0.0,0.19,0.0,0.0,0.0,0.0,0.0,0.0,0.0,0.0,0.79,0.0,0.0,0.0,0.39,0.0,0.0,0.99,0.0,0.0,0.0,0.0,0.0,0.0,0.0,0.0,0.0,0.0,0.0,0.0,0.0,0.0,0.0,0.0,0.0,0.0,0.0,0.0,0.0,0.0,0.0,0.0,0.0,0.19,1.166999999999998,0.0,0.0,0.0,0.029,0.0,0.0,1.131,11.0,155.0
2,0.0,0.0,0.0,0.0,0.0,0.0,0.7839999999999964,0.0,0.0,0.0,0.0,0.0,0.0,0.0,0.0,0.0,0.0,0.0,0.0,0.0,1.38,0.0,0.0,0.0,0.0,0.0,0.0,0.0,0.0,0.0,0.0,0.0,0.0,0.0,0.0,0.0,0.0,0.0,0.0,0.0,0.0,0.0,0.0,0.0,0.0,0.0,0.0,0.17069999999999982,0.0,0.235,0.235,0.14209999999999945,6.266,41.0,94.0
1,0.0,0.55,0.0,0.0,0.0,0.0,0.0,0.0,0.0,0.0,0.0,1.67,0.0,0.0,0.0,0.0,0.0,0.0,2.79,0.0,1.67,0.0,0.0,0.0,0.0,0.0,0.0,0.0,0.0,0.0,0.0,0.0,0.4669999999999982,0.0,0.0,0.0,0.0,0.0,0.0,0.0,0.0,0.0,0.0,0.0,0.0,0.0,0.0,0.0,0.083,0.0,0.0,0.0,1.392,4.0,39.0
1,0.0,0.0,1.29,0.0,0.0,0.0,0.0,0.0,0.0,0.0,0.0,0.0,0.0,0.0,0.0,0.0,0.0,0.0,0.0,0.0,0.0,0.0,0.0,0.0,3.183999999999996,1.58,1.58,0.85,0.0,0.7139999999999963,0.0,0.0,0.0,0.0,0.66,0.0,0.0,0.0,0.0,0.0,0.0,0.0,0.0,0.0,0.0,0.0,0.0,0.0,0.4,0.0,0.38239999999999963,0.0,3.36,13.0,84.0
1,0.0,0.0,0.0,0.0,0.0,0.0,0.0,0.0,0.0,0.0,0.0,0.0,0.0,0.17,0.0,0.0,0.0,0.0,2.94,0.0,2.94,0.0,0.0,0.0,0.0,0.0,1.916999999999998,0.0,0.0,0.0,0.0,0.0,0.0,0.0,0.0,0.0,0.0,0.0,0.0,0.0,0.0,0.0,0.0,0.0,1.44,0.0,0.0,0.0,0.0,0.0,0.0,0.0,1.0,1.0,10.0
1,0.0,0.0,0.0,0.0,0.0,0.0,0.0,0.0,0.0,0.0,0.0,0.0,0.0,0.0,0.0,0.0,0.0,0.0,0.0,0.0,0.0,0.0,0.0,0.0,0.0,0.0,0.0,0.0,0.0,0.0,0.0,0.0,0.0,0.0,0.0,0.0,0.0,0.0,0.0,0.0,0.0,0.0,0.0,0.0,0.0,0.0,0.0,0.0,0.0,0.0,0.0,0.0,2.09,7.0,23.0
1,0.0,0.0,0.0,0.0,0.68,0.0,0.0,0.0,0.0,0.0,0.0,0.34,0.0,0.0,0.0,0.0,0.0,0.0,0.34,0.0,2.04,0.0,0.0,0.0,0.0,0.0,0.0,0.0,0.0,0.0,0.0,0.0,0.0,0.0,0.0,0.0,0.0,0.0,0.0,0.0,0.0,0.0,0.31,0.0,0.0,0.0,0.0,0.0,0.051,0.0,0.0,0.0,1.062,4.0,137.0
2,0.09,0.09,1.14,0.0,0.38,0.0,0.0,0.09,0.0,0.19,0.38,0.19,0.0,0.0,0.0,0.66,0.0,0.0,1.52,0.0,1.42,0.0,0.0,0.0,0.0,0.0,0.0,0.0,0.0,0.0,0.0,0.0,0.0,0.0,0.0,0.0,0.0,0.0,0.0,0.0,0.0,0.0,0.31,0.0,0.0,0.0,0.0,0.044,0.059,0.591,0.0,0.0,3.28,31.0,771.0
2,0.34,0.0,1.29,0.0,1.02,0.0,0.0,0.0,0.67,1.02,0.0,0.0,0.0,0.0,0.0,0.0,0.0,0.0,0.34,0.35,0.68,0.0,0.0,0.0,0.34,0.0,0.0,0.0,0.0,0.0,0.0,0.0,0.0,0.0,0.0,0.0,0.0,0.0,0.0,0.0,0.0,0.0,0.0,0.0,0.0,0.0,0.0,0.0,0.0,0.898,0.105,0.0,9.018899999999988,156.39999999999964,1179.3999999999996
2,0.0,0.0,0.48,0.0,1.44,0.0,0.48,0.0,0.0,0.0,0.0,0.96,0.0,0.0,0.0,0.48,0.91,0.0,2.41,0.0,2.41,0.0,0.48,0.0,0.0,0.0,0.0,0.0,0.0,0.0,0.0,0.0,0.0,0.0,0.0,0.0,0.0,0.0,0.0,0.0,0.0,0.0,0.0,0.0,0.48,0.0,0.0,0.0,0.081,0.486,0.243,0.0,5.13,78.0,236.0
2,0.0,0.0,0.0,0.0,0.0,0.0,0.0,0.0,0.0,0.0,0.0,0.0,0.0,0.0,0.0,0.0,0.0,0.0,0.0,0.0,0.0,0.0,0.0,0.0,0.0,0.0,0.0,0.0,0.0,0.0,0.0,0.0,0.0,0.0,0.0,0.0,0.0,0.0,0.0,0.0,0.0,0.0,0.0,0.0,0.0,0.0,0.0,0.0,0.1,0.0,0.0,0.0,2.5,33.0,125.0
1,0.6569999999999983,0.0,0.0,0.0,0.0,0.0,0.0,0.0,0.0,0.0,0.0,0.76,0.0,0.0,0.0,0.0,0.0,0.0,1.52,0.0,0.0,0.0,0.0,0.0,0.0,0.0,0.0,0.0,0.0,0.0,0.0,0.0,0.0,0.0,0.0,0.0,0.0,0.0,0.0,0.0,0.0,0.61,0.0,0.0,0.76,0.0,0.0,0.135,0.0,0.0,0.0,0.0,1.411,5.0,24.0
2,0.6569999999999983,0.41,1.24,0.0,0.0,0.0,0.0,0.0,0.0,0.0,0.0,0.41,0.0,0.0,0.0,0.41,0.0,0.82,3.73,0.0,1.24,0.0,0.0,0.41,0.0,0.0,0.0,0.0,0.0,0.0,0.0,0.0,0.0,0.0,0.0,0.0,0.0,0.0,0.0,0.0,0.0,0.0,0.0,0.0,0.41,0.0,0.0,0.0,0.068,0.481,0.38239999999999963,0.0,3.166,19.0,114.0
2,0.0,0.0,0.0,0.0,0.0,0.0,0.0,0.6,0.0,0.0,0.0,0.0,0.0,0.0,0.0,0.0,0.0,0.0,0.0,0.0,3.14,0.0,0.0,0.0,0.0,0.0,0.0,0.0,0.0,0.0,0.0,0.0,0.0,0.0,0.0,0.0,0.0,0.0,0.0,0.0,0.0,0.0,0.0,0.0,1.44,0.0,0.0,0.0,0.0,0.0,0.0,0.0,1.0,1.0,9.0
2,0.0,0.6169999999999982,0.42,0.0,0.42,0.0,0.42,0.0,0.67,0.85,0.0,0.42,0.42,0.0,0.0,0.0,0.0,0.0,2.55,0.0,2.12,0.0,0.0,0.42,0.0,0.0,0.0,0.0,0.0,0.0,0.0,0.0,0.0,0.0,0.0,0.0,0.0,0.0,0.0,0.0,0.0,0.0,0.0,0.0,0.0,0.0,0.0,0.0,0.221,0.177,0.221,0.14209999999999945,8.777,54.0,553.0
1,0.0,0.0,1.29,0.0,1.06,0.0,0.0,0.0,0.0,1.06,0.0,1.06,0.0,0.0,0.0,0.0,0.0,0.0,4.25,0.0,0.0,0.0,0.0,0.0,0.0,0.0,1.06,0.0,0.0,0.0,0.0,0.0,0.0,0.0,0.0,0.0,0.0,0.0,0.0,0.0,0.0,0.0,0.0,0.0,1.06,0.0,0.0,0.0,0.0,0.0,0.0,0.0,1.785,6.0,25.0
2,0.0,0.0,0.0,0.0,0.0,0.0,0.0,0.0,0.0,0.0,0.0,0.0,0.0,0.0,0.0,0.0,0.0,0.0,0.0,0.0,3.14,0.0,0.0,0.0,0.0,0.0,0.0,0.0,0.0,0.0,0.0,0.0,0.0,0.0,0.0,0.0,0.0,0.0,0.0,0.0,0.0,0.0,0.0,0.0,0.0,0.0,0.0,0.0,0.0,0.0,0.38239999999999963,0.0,3.875,11.0,31.0
1,0.6569999999999983,0.0,0.0,0.0,0.0,0.0,0.0,0.0,0.0,0.0,0.0,2.22,0.0,0.0,0.0,0.0,0.0,0.0,0.0,0.0,0.0,0.0,0.0,0.0,0.0,0.0,0.0,0.0,0.0,0.0,0.0,0.0,0.0,0.0,0.0,0.0,0.0,0.0,0.0,0.0,0.0,0.0,0.0,0.0,0.0,0.0,0.0,0.0,0.0,0.0,0.0,0.0,1.8,5.0,36.0
1,0.0,0.0,0.0,0.0,0.0,0.0,0.0,0.0,0.0,1.32,0.0,0.0,0.0,0.0,0.0,0.0,0.0,0.0,4.76,0.0,0.0,0.0,0.0,0.0,0.0,0.0,0.0,0.0,0.0,0.0,0.0,0.0,0.0,0.0,0.0,0.0,0.0,0.0,0.0,0.0,0.0,0.0,0.0,0.0,0.0,0.0,0.0,0.0,0.0,0.0,0.0,0.0,1.0,1.0,9.0
1,0.0,0.0,0.0,0.0,0.0,0.0,0.0,0.0,0.0,0.0,0.0,0.0,0.0,0.0,0.0,0.0,0.0,0.0,0.0,0.0,0.0,0.0,0.0,0.0,3.183999999999996,1.7939999999999965,0.0,0.0,0.0,0.0,0.0,0.0,0.4669999999999982,0.0,0.0,0.0,0.95,0.0,0.0,0.0,0.0,0.61,0.0,0.0,0.9,0.0,0.0,0.17069999999999982,0.537,0.0,0.0,0.0,4.054,19.0,296.0
2,0.0,0.0,0.0,0.0,0.0,0.0,0.0,0.0,0.0,0.0,0.0,0.0,0.0,0.0,0.0,1.36,0.0,0.0,2.4,0.0,2.4,0.0,0.0,0.0,0.0,0.0,0.0,0.0,0.0,0.0,0.0,0.0,0.0,0.0,0.0,0.0,0.0,0.0,0.0,0.0,0.0,0.0,0.0,0.0,0.0,0.0,0.0,0.0,0.0,0.145,0.291,0.0,2.5,11.0,45.0
1,0.0,0.0,0.0,0.0,0.0,0.0,0.0,0.0,0.0,0.45,0.0,0.45,0.0,0.0,0.0,0.0,0.0,0.0,0.9,0.0,0.0,0.0,0.0,0.0,0.0,0.45,0.45,0.0,0.0,0.0,0.0,0.0,0.0,0.0,0.0,0.0,0.0,0.0,0.0,0.0,0.0,0.0,0.0,0.0,0.0,0.0,0.0,0.082,0.165,0.0,0.0,0.0,1.666,4.0,40.0
1,0.0,0.0,0.0,0.0,0.0,0.0,0.0,0.0,0.0,1.0,0.0,0.0,0.0,0.0,0.0,0.0,0.0,0.0,2.0,0.0,0.0,0.0,0.0,0.0,0.0,0.0,0.0,0.0,0.0,0.0,0.0,0.0,0.0,0.0,0.0,0.0,0.95,0.0,0.0,0.0,0.0,0.0,0.0,0.0,0.0,1.166999999999998,0.0,0.0,0.0,0.0,0.0,0.0,2.413,15.0,70.0
1,0.0,0.0,0.33,0.0,0.66,0.0,0.0,0.33,0.0,1.32,0.0,0.0,0.0,0.17,0.0,0.0,0.33,0.0,1.32,0.0,0.33,0.0,0.0,0.0,1.98,0.66,0.66,0.0,0.0,0.0,0.0,0.0,0.33,0.0,0.0,0.0,0.95,0.0,0.0,0.0,0.0,0.0,0.31,0.2869999999999982,0.33,0.0,0.0,0.168,0.392,0.224,0.336,0.0,4.115,42.0,321.0
1,0.0,0.0,0.36,0.0,0.0,0.0,0.0,0.0,0.36,0.0,0.0,0.0,0.0,0.0,0.0,0.0,0.0,0.36,1.84,0.0,0.0,0.0,0.0,0.0,0.0,0.0,0.0,0.0,0.0,0.0,0.0,0.0,0.0,0.0,0.0,0.0,0.0,0.0,0.0,0.0,0.0,0.0,0.0,0.0,0.0,0.0,0.0,0.0,0.236,0.0,0.0,0.0,1.277,3.0,69.0
1,0.0,0.0,0.0,0.0,0.0,0.0,0.0,0.0,0.0,0.0,0.0,0.0,0.0,0.0,0.0,0.0,0.0,0.0,3.7,0.0,0.0,0.0,0.0,0.0,0.0,0.0,0.0,0.0,0.0,0.0,0.0,0.0,0.0,0.0,0.0,0.0,0.0,0.0,0.0,0.0,0.0,0.0,0.0,0.0,0.0,0.0,0.0,0.0,0.0,0.68,0.0,0.0,1.0,1.0,11.0
2,0.0,0.0,0.0,0.0,0.0,0.0,0.0,0.0,0.0,0.0,0.0,0.0,0.0,0.0,0.0,0.0,0.0,0.0,0.0,0.0,0.0,0.0,0.0,0.0,0.0,0.0,0.0,0.0,0.0,0.0,0.0,0.0,0.0,0.0,0.0,0.0,0.0,0.0,0.0,0.0,0.0,0.0,0.0,0.0,0.0,0.0,0.0,0.0,0.0,0.0,0.0,0.0,1.0,1.0,9.0
1,0.0,0.0,1.29,0.0,0.0,0.0,0.0,0.0,0.27,0.0,0.0,2.16,0.0,0.0,0.0,0.0,0.0,0.0,0.27,0.0,1.62,0.0,0.0,0.0,0.27,0.54,0.0,0.0,0.27,0.0,0.0,0.0,0.27,0.0,0.0,0.0,0.0,0.0,0.0,0.27,0.0,0.0,0.0,0.0,0.0,0.0,0.0,0.0,0.344,0.0,0.0,0.0,2.319,12.0,167.0
1,0.0,0.0,0.0,0.0,0.0,0.0,0.0,0.0,0.0,0.0,0.0,1.11,0.0,0.0,0.0,0.0,0.0,0.0,0.0,0.0,0.0,0.0,0.0,0.0,1.11,1.11,0.0,0.0,0.0,0.0,0.0,0.0,0.0,0.0,0.0,0.0,0.0,0.0,0.0,0.0,0.0,0.0,0.0,0.0,0.0,0.0,0.0,0.0,0.183,0.0,0.0,0.0,1.8,4.0,36.0
1,0.6569999999999983,0.0,0.0,0.0,0.0,0.0,0.0,0.0,0.0,0.0,0.0,0.0,0.0,0.0,0.0,1.23,0.0,0.61,3.7,0.0,2.46,0.0,0.0,0.0,0.0,0.0,1.23,0.0,0.51,0.0,0.0,0.0,0.0,0.0,0.0,0.0,0.0,0.0,0.0,0.0,0.0,0.0,0.0,0.0,0.0,0.0,0.0,0.0,0.226,0.0,0.0,0.0,1.3,3.0,26.0
1,0.0,0.0,0.24,0.0,0.0,0.0,0.0,0.12,0.12,0.0,0.0,0.6,0.12,0.12,0.0,0.0,0.72,0.0,0.0,0.0,0.0,0.0,0.0,0.0,1.81,0.0,0.0,0.0,0.0,0.0,0.0,0.0,0.0,0.0,0.0,0.12,0.12,0.0,0.0,0.0,0.0,0.0,0.0,0.0,0.0,0.0,0.0,0.105,0.06,0.0,0.0,0.0,1.827,23.0,466.0
1,0.0,0.0,0.0,0.0,0.0,0.0,0.0,0.0,0.0,0.0,0.0,0.0,0.0,0.0,0.0,0.0,0.0,0.0,0.0,0.0,0.0,0.0,0.0,0.0,3.183999999999996,1.7939999999999965,1.916999999999998,0.0,0.0,0.0,0.0,0.0,0.0,0.0,0.0,0.0,0.0,0.0,0.0,0.0,0.0,0.0,0.0,0.0,0.0,0.0,0.0,0.0,0.0,0.0,0.0,0.14209999999999945,2.888,8.0,26.0
2,0.43,0.0,0.43,0.0,0.43,0.0,0.7839999999999964,0.0,0.0,0.0,0.0,0.43,0.0,0.0,0.0,0.0,0.86,0.43,1.29,0.0,3.14,0.0,0.0,0.5769999999999982,0.0,0.0,0.0,0.0,0.0,0.0,0.0,0.0,0.0,0.0,0.0,0.0,0.0,0.0,0.0,0.0,0.0,0.0,0.0,0.0,0.0,0.0,0.0,0.14,0.0,0.915,0.0,0.0,3.891,47.0,144.0
1,0.0,0.0,0.0,0.0,0.0,0.0,0.0,0.0,0.0,0.0,0.0,0.0,0.0,0.0,0.0,0.0,0.0,0.0,3.7,0.0,0.0,0.0,0.0,0.0,0.0,0.0,1.85,0.0,0.0,0.0,0.0,0.0,0.0,0.0,0.0,0.0,0.0,0.0,0.0,0.0,0.0,0.0,0.0,0.0,0.0,0.0,0.0,0.0,0.0,0.0,0.0,0.0,1.5,5.0,18.0
2,0.0,0.0,0.0,0.0,0.0,0.0,0.0,0.0,0.0,0.0,0.0,0.0,0.0,0.0,0.0,0.6,0.0,0.0,0.0,0.0,0.0,0.0,0.0,0.5769999999999982,0.0,0.0,0.0,0.0,0.0,0.0,0.0,0.0,0.0,0.0,0.0,0.0,0.0,0.0,0.0,0.0,0.0,0.0,0.0,0.0,0.0,0.0,0.0,0.0,0.102,0.102,0.38239999999999963,0.0,4.512,43.0,185.0
1,0.0,0.0,1.29,0.0,0.0,0.0,0.0,0.0,0.0,0.0,0.0,2.22,0.0,0.0,0.0,0.0,0.0,0.0,0.0,0.0,0.0,0.0,0.0,0.0,0.0,0.0,0.0,0.0,0.0,0.0,0.0,0.0,0.0,0.0,0.0,0.0,0.0,0.0,0.53,0.0,0.0,0.0,0.0,0.0,0.0,0.0,0.0,0.0,0.0,0.296,0.0,0.0,5.25,32.0,63.0
1,0.0,0.25,0.0,0.0,0.0,0.0,0.0,0.0,0.0,0.51,0.38,0.25,0.0,0.0,0.0,0.0,0.0,0.0,1.02,0.0,0.51,0.0,0.0,0.0,0.25,0.51,0.0,0.0,0.0,0.0,0.0,0.0,0.0,0.0,0.0,0.0,0.0,0.0,0.0,0.0,0.0,0.0,0.0,0.0,0.0,0.0,0.0,0.0,0.124,0.207,0.0,0.0,9.018899999999988,156.39999999999964,635.0
1,0.0,0.0,0.0,0.0,0.0,0.0,0.0,0.0,0.0,0.0,0.0,0.0,0.0,0.0,0.0,0.0,0.0,0.0,1.2,0.0,1.2,0.0,0.0,0.0,0.0,0.0,1.2,0.0,0.0,0.0,0.0,0.0,0.0,0.0,0.0,0.0,0.0,0.0,0.0,0.0,0.0,0.0,0.0,0.0,0.0,0.0,0.0,0.0,0.0,0.237,0.0,0.0,2.583,8.0,62.0
2,0.0,0.53,0.53,0.0,0.8,0.0,0.26,0.26,0.0,0.26,0.0,0.53,0.53,0.17,0.0,0.0,0.0,0.0,2.15,0.26,0.8,0.0,0.0,0.0,0.26,0.26,0.0,0.0,0.0,0.0,0.0,0.0,0.4669999999999982,0.0,0.0,0.0,0.0,0.0,0.0,0.0,0.0,0.0,0.0,0.0,0.0,0.0,0.0,0.0,0.0,0.0,0.04,0.0,2.779,21.0,164.0
1,0.0,0.0,0.0,0.0,0.0,0.0,0.0,0.0,0.0,0.0,0.0,0.0,0.0,0.0,0.0,1.36,0.0,1.19,3.03,0.0,3.03,0.0,0.0,0.0,0.0,0.0,0.0,0.0,0.0,0.0,0.0,0.0,0.0,0.0,0.0,0.0,0.0,0.0,0.0,0.0,0.0,0.0,0.0,0.0,0.0,0.0,0.0,0.0,0.0,0.0,0.0,0.0,5.153,55.0,67.0
1,0.0,0.0,0.0,0.0,0.0,0.0,0.0,0.0,0.0,0.39,0.0,0.0,0.0,0.0,0.0,0.0,0.0,0.0,0.39,0.0,0.0,0.0,0.0,0.0,2.35,0.39,1.17,0.39,0.39,0.7139999999999963,0.32,0.0,0.0,0.07,0.39,0.63,0.39,0.0,0.0,0.39,0.0,0.39,0.31,0.0,0.39,0.0,0.0,0.0,0.314,0.125,0.0,0.0,1.955,13.0,133.0
1,0.0,0.0,0.0,0.0,0.0,0.0,0.0,0.0,0.0,0.0,0.0,0.0,0.0,0.0,0.0,0.0,0.0,0.0,4.76,0.0,0.0,0.0,0.0,0.0,1.81,0.0,0.0,0.0,0.0,0.0,0.0,0.0,0.0,0.0,0.0,0.0,0.0,0.0,0.0,0.0,0.0,0.0,0.0,0.0,0.0,0.0,0.0,0.0,0.0,0.0,0.0,0.0,1.5,2.0,9.0
1,0.0,0.0,0.59,0.0,0.0,0.0,0.0,0.59,0.0,0.0,0.0,2.22,0.0,0.0,0.0,0.0,0.0,0.0,1.19,0.0,0.0,0.0,0.0,0.0,1.19,0.59,0.0,0.0,0.0,0.0,0.32,0.0,0.0,0.0,0.0,0.0,0.0,0.0,0.0,0.0,0.0,0.0,0.0,0.0,0.0,0.0,0.0,0.0,0.391,0.0,0.0,0.0,1.836,7.0,90.0
2,0.0,0.0,0.0,0.0,0.0,0.0,0.7839999999999964,0.6,0.67,1.32,0.38,0.0,0.0,0.0,0.0,0.0,0.91,0.0,0.0,0.35,3.14,0.0,0.0,0.0,0.0,0.0,0.0,0.0,0.0,0.0,0.0,0.0,0.0,0.0,0.0,0.0,0.0,0.0,0.0,0.0,0.0,0.0,0.0,0.0,0.0,0.0,0.0,0.0,0.141,0.425,0.141,0.0,9.018899999999988,156.39999999999964,280.0
2,0.0,0.0,0.28,0.0,0.16,0.18,0.0,0.0,0.0,0.0,0.02,0.09,0.11,0.0,0.0,0.0,0.0,0.0,0.14,0.0,0.02,0.0,0.0,0.04,0.0,0.0,0.0,0.0,0.0,0.0,0.0,0.0,0.0,0.07,0.0,0.0,0.0,0.0,0.02,0.0,0.0,0.0,0.0,0.0,0.0,0.0,0.0,0.0,0.116,0.03,0.0,0.0,9.018899999999988,154.0,1179.3999999999996
2,0.0,0.56,0.56,0.0,1.51,0.0,0.7839999999999964,0.0,0.0,0.0,0.0,0.56,0.56,0.0,0.0,0.56,0.91,0.0,3.95,0.0,2.25,0.0,0.0,0.0,0.0,0.0,0.0,0.0,0.0,0.0,0.0,0.0,0.0,0.0,0.0,0.0,0.0,0.0,0.0,0.0,0.0,0.0,0.0,0.0,0.0,0.0,0.0,0.0,0.26,1.13,0.347,0.0,4.875,140.0,195.0
2,0.14,0.18,0.79,0.0,0.04,0.14,0.18,0.28,0.28,0.84,0.18,0.46,0.61,0.09,0.16,0.89,0.37,0.46,3.8,0.04,1.87,0.0,0.46,0.28,0.0,0.0,0.0,0.0,0.0,0.0,0.0,0.0,0.0,0.0,0.0,0.0,0.0,0.0,0.0,0.28,0.0,0.0,0.0,0.0,0.28,0.04,0.0,0.0,0.101,0.522,0.109,0.062,5.759,116.0,1179.3999999999996
1,0.0,0.0,0.0,0.0,1.51,0.0,0.0,0.0,0.0,0.0,0.0,0.0,0.0,0.0,0.0,0.0,0.0,0.0,0.0,0.0,0.0,0.0,0.0,0.0,0.0,0.0,0.0,0.0,0.0,0.0,0.0,0.0,0.0,0.0,0.0,0.0,0.0,0.0,0.0,0.0,0.0,0.0,0.0,0.0,0.0,0.0,0.0,0.0,0.0,0.0,0.0,0.0,1.5,2.0,9.0
2,0.07,0.0,0.15,0.0,0.07,0.15,0.0,0.07,0.07,0.0,0.0,0.46,0.0,0.0,0.0,0.0,0.15,0.0,0.15,0.0,0.07,0.0,0.0,0.07,0.0,0.0,0.0,0.0,0.0,0.0,0.0,0.0,0.0,0.0,0.0,0.0,0.15,0.0,0.0,0.07,0.0,0.0,0.07,0.0,0.0,0.0,0.0,0.011,0.047,0.0,0.023,0.0,1.263,10.0,264.0
1,0.0,0.0,0.0,0.0,0.0,0.0,0.0,0.0,0.0,0.0,0.0,0.0,0.0,0.0,0.0,1.0,0.91,0.0,4.0,0.0,2.0,0.0,0.0,0.0,0.0,0.0,0.0,0.0,0.0,0.0,0.0,0.0,0.0,0.0,0.0,0.0,0.0,0.0,0.0,0.0,0.0,0.0,0.0,0.0,0.0,0.0,0.0,0.0,0.38,0.0,0.0,0.0,1.806,11.0,56.0
1,0.0,0.18,0.0,0.0,0.18,0.0,0.0,0.37,0.0,0.0,0.0,0.94,0.0,0.0,0.0,0.0,0.91,0.0,0.18,0.0,0.0,0.0,0.0,0.0,0.37,0.18,0.0,0.0,0.0,0.18,0.0,0.0,0.0,0.0,0.0,0.37,0.0,0.0,0.0,0.0,0.0,0.0,0.0,0.0,0.56,0.0,0.0,0.0,0.244,0.0,0.0,0.0,1.663,10.0,168.0
1,0.0,0.0,0.0,0.0,0.0,0.0,0.0,0.0,0.0,0.0,0.0,0.0,0.0,0.0,0.0,0.0,0.0,0.0,0.5,0.0,0.0,0.0,0.0,0.0,1.01,0.0,0.5,0.0,0.0,0.0,0.0,0.0,0.0,0.0,0.0,0.0,0.0,0.0,0.0,0.0,0.0,0.0,0.0,0.0,0.5,0.0,0.0,0.08,0.537,0.0,0.161,0.0,1.712,20.0,137.0
2,0.0,0.0,0.68,0.0,0.0,0.0,0.0,0.0,0.0,0.0,0.0,0.0,0.0,0.0,0.0,0.68,0.0,0.0,0.0,0.0,0.0,0.0,0.0,0.0,0.68,1.36,0.0,0.0,0.0,0.0,0.0,0.0,0.0,0.0,0.0,0.0,0.0,0.0,0.0,0.0,0.0,0.0,0.0,0.0,0.0,0.0,0.0,0.0,0.0,0.309,0.0,0.0,1.6,4.0,32.0
1,0.0,0.0,0.0,0.0,0.0,0.0,0.0,0.0,0.0,0.0,0.0,0.0,0.0,0.0,0.0,0.0,0.0,0.0,0.0,0.0,0.0,0.0,0.0,0.0,0.0,0.0,0.0,0.0,0.0,0.0,0.0,0.0,0.0,0.0,0.0,0.0,0.0,0.0,0.0,0.0,0.0,0.0,0.0,0.0,0.0,1.166999999999998,0.0,0.0,0.0,0.0,0.0,0.0,5.5,10.0,11.0
2,0.0,0.0,0.29,0.0,0.29,0.29,0.29,0.29,0.0,0.0,0.38,0.87,0.0,0.0,0.0,0.87,0.58,0.29,2.61,0.35,2.9,0.0,0.0,0.5769999999999982,0.0,0.0,0.0,0.0,0.0,0.0,0.0,0.0,0.0,0.0,0.0,0.0,0.0,0.0,0.0,0.0,0.0,0.0,0.0,0.0,0.0,0.0,0.0,0.0,0.046,0.14,0.0,0.14,4.892,139.0,274.0
2,0.0,0.0,0.32,0.0,0.64,0.64,0.32,0.6,0.0,0.0,0.0,0.32,0.32,0.0,0.0,0.32,0.32,0.0,2.27,0.0,3.14,0.0,0.0,0.32,0.0,0.0,0.0,0.0,0.0,0.0,0.0,0.0,0.0,0.0,0.0,0.0,0.0,0.0,0.0,0.0,0.0,0.0,0.0,0.0,0.64,0.0,0.0,0.0,0.112,0.0,0.168,0.0,1.494,10.0,139.0
1,0.07,0.0,0.22,0.0,0.03,0.07,0.0,0.0,0.03,0.22,0.0,0.71,0.03,0.0,0.0,0.03,0.0,0.0,0.9,0.0,0.56,0.0,0.0,0.0,1.58,0.26,0.0,0.11,0.11,0.11,0.18,0.0,0.03,0.0,0.22,0.07,0.18,0.0,0.0,0.03,0.0,0.0,0.0,0.0,0.0,0.0,0.0,0.028,0.078,0.028,0.016,0.0,1.765,20.0,1179.3999999999996
1,0.08,0.0,0.0,0.0,0.08,0.0,0.0,0.0,0.0,0.08,0.0,0.0,0.08,0.0,0.0,0.0,0.08,0.0,0.08,0.0,0.08,0.0,0.0,0.0,0.16,0.0,0.0,0.0,0.0,0.0,0.0,0.0,0.16,0.0,0.24,0.16,0.08,0.0,0.0,0.0,0.0,0.0,0.0,0.24,0.0,0.0,0.0,0.0,0.085,0.0,0.0,0.007,4.858,60.0,1179.3999999999996
2,0.0,0.0,0.0,0.0,0.0,0.0,0.0,0.0,0.0,0.0,0.0,2.22,0.0,0.0,0.0,0.0,0.0,0.0,4.76,0.0,0.0,0.0,0.0,0.0,0.0,0.0,0.0,0.0,0.0,0.0,0.0,0.0,0.0,0.0,0.0,0.0,0.0,0.0,0.0,0.0,0.0,0.0,0.0,0.0,0.0,0.0,0.0,0.0,0.0,0.0,0.0,0.0,1.0,1.0,9.0
1,0.0,0.0,0.0,0.0,0.0,0.0,0.0,0.0,0.0,0.0,0.0,2.18,0.0,0.0,0.0,0.0,0.0,0.0,1.45,0.0,0.0,0.0,0.0,0.0,2.18,0.0,0.0,0.72,0.0,0.0,0.0,0.0,0.0,0.0,0.0,0.0,0.0,0.0,0.0,0.0,0.0,0.0,0.0,0.2869999999999982,0.0,0.0,0.0,0.0,0.122,0.0,0.0,0.0,1.785,18.0,75.0
2,0.6569999999999983,0.49,0.0,0.0,0.0,0.0,0.0,0.0,0.0,0.49,0.0,0.49,0.0,0.0,0.0,0.0,0.0,0.0,2.48,0.0,1.99,0.0,0.0,0.0,0.0,0.0,0.0,0.0,0.0,0.0,0.0,0.0,0.0,0.0,0.0,0.0,0.0,0.0,0.0,0.0,0.0,0.0,0.0,0.0,0.0,0.0,0.0,0.0,0.0,0.356,0.0,0.14209999999999945,9.018899999999988,64.0,311.0
1,0.0,0.0,0.87,0.0,0.87,0.0,0.0,0.0,0.0,0.87,0.0,0.0,0.0,0.0,0.0,0.0,0.0,0.0,0.0,0.0,0.87,0.0,0.0,0.0,1.75,0.87,1.916999999999998,0.0,0.0,0.0,0.0,0.0,0.0,0.0,0.0,0.0,0.87,0.0,0.0,0.0,0.0,0.0,0.31,0.0,0.87,0.0,0.0,0.0,0.283,0.0,0.0,0.0,1.785,15.0,75.0
1,0.0,0.0,0.0,0.0,1.51,0.0,0.0,0.0,0.0,0.0,0.0,0.0,0.0,0.0,0.0,0.0,0.0,0.0,1.85,0.0,0.0,0.0,0.0,0.0,0.0,0.0,0.0,0.0,0.0,0.0,0.0,0.0,0.0,0.0,0.0,0.0,0.0,0.0,0.0,0.0,0.0,0.61,0.0,0.0,0.0,0.0,0.0,0.0,0.284,0.0,0.0,0.0,1.8,5.0,27.0
1,0.0,0.0,0.0,0.0,0.0,0.0,0.0,0.0,0.0,0.0,0.0,0.0,0.0,0.0,0.0,0.0,0.0,0.0,0.0,0.0,0.0,0.0,0.0,0.0,0.0,0.0,1.916999999999998,0.0,0.0,0.0,0.0,0.0,0.0,0.0,0.0,0.0,0.0,0.0,0.0,0.0,0.0,0.0,0.0,0.0,0.0,0.0,0.0,0.0,0.0,0.0,0.0,0.0,1.75,4.0,9.0
1,0.0,0.0,0.52,0.0,0.0,0.0,0.0,0.0,0.0,0.0,0.0,0.0,0.0,0.0,0.0,0.0,0.0,0.0,0.0,0.0,0.0,0.0,0.0,0.0,0.0,0.0,1.56,0.0,0.0,0.0,0.0,0.0,0.4669999999999982,0.0,0.0,0.0,0.0,0.0,0.0,0.0,0.0,0.0,0.0,0.0,0.0,0.0,0.0,0.0,0.18,0.0,0.0,0.0,1.5,4.0,63.0
1,0.0,0.0,0.0,0.0,0.0,0.0,0.0,0.6,0.0,0.0,0.0,0.0,0.0,0.0,0.0,0.0,0.0,0.0,0.0,0.0,0.0,0.0,0.0,0.0,0.83,0.41,0.0,0.41,0.41,0.0,0.0,0.0,0.0,0.0,0.41,0.41,0.41,0.0,0.0,0.0,0.0,0.0,0.0,0.0,0.0,0.0,0.0,0.0,0.158,0.0,0.0,0.0,1.969,13.0,130.0
1,0.0,0.0,1.16,0.0,0.0,0.0,0.0,0.0,0.0,0.0,0.38,2.22,0.0,0.0,0.0,0.0,0.0,0.0,0.0,0.0,0.0,0.0,0.0,0.0,1.16,0.0,0.0,0.0,0.0,0.0,0.0,0.0,0.0,0.0,0.0,0.58,0.0,0.0,0.53,0.0,0.0,0.0,0.0,0.0,0.0,0.0,0.0,0.091,0.0,0.0,0.0,0.0,1.21,4.0,46.0
1,0.64,0.0,0.64,0.0,0.0,0.0,0.0,0.0,0.0,0.0,0.0,0.64,0.0,0.0,0.0,0.64,0.0,0.0,0.64,0.0,0.0,0.0,0.0,0.0,0.0,0.0,0.0,0.0,0.0,0.0,0.0,0.0,0.0,0.0,0.0,0.0,0.0,0.0,0.53,0.0,0.0,0.61,0.0,0.2869999999999982,0.0,0.0,0.0,0.17069999999999982,0.537,0.0,0.0,0.0,1.727,5.0,57.0
1,0.0,0.0,0.0,0.0,0.33,0.0,0.0,0.0,0.0,0.66,0.0,0.0,0.0,0.0,0.0,0.0,0.0,0.0,0.66,0.0,0.33,0.0,0.0,0.0,3.183999999999996,1.7939999999999965,0.0,0.0,0.0,0.0,0.0,0.0,0.33,0.0,0.0,0.0,0.95,0.0,0.0,0.0,0.0,0.33,0.0,0.2869999999999982,0.0,0.0,0.0,0.17069999999999982,0.524,0.0,0.0,0.0,3.627,19.0,341.0
2,0.0,0.55,0.55,0.0,1.51,0.0,0.55,0.0,0.0,0.0,0.0,0.55,0.55,0.0,0.0,0.55,0.91,0.0,3.91,0.0,1.67,0.0,0.0,0.0,0.0,0.0,0.0,0.0,0.0,0.0,0.0,0.0,0.0,0.0,0.0,0.0,0.0,0.0,0.0,0.0,0.0,0.0,0.0,0.0,0.0,0.0,0.0,0.0,0.259,1.1457999999999993,0.345,0.0,4.761,140.0,200.0
1,0.0,0.0,0.0,0.0,0.0,0.0,0.0,0.0,0.0,0.0,0.0,0.0,0.0,0.0,0.0,0.0,0.0,0.0,0.0,0.0,0.0,0.0,0.0,0.0,3.183999999999996,0.0,0.0,0.0,0.0,0.0,0.0,0.0,0.0,0.0,0.0,0.0,0.0,0.0,0.0,0.0,0.0,0.0,0.0,0.0,0.0,0.0,0.0,0.0,0.537,0.0,0.0,0.0,1.75,3.0,9.0
1,0.09,0.0,0.0,0.0,0.0,0.09,0.0,0.28,0.0,0.0,0.0,0.76,0.09,0.0,0.0,0.0,0.38,0.0,0.0,0.0,0.0,0.0,0.0,0.0,2.66,0.0,0.0,0.0,0.0,0.0,0.0,0.0,0.38,0.0,0.0,0.0,0.09,0.0,0.0,0.39,0.0,0.09,0.0,0.0,0.0,0.0,0.0,0.026,0.093,0.013,0.12,0.0,2.658,24.0,577.0
2,0.0,0.0,0.0,0.0,0.52,0.0,0.26,0.52,0.0,0.26,0.26,0.52,0.0,0.0,0.0,0.26,0.91,0.26,1.82,0.35,0.26,0.0,0.0,0.0,0.0,0.0,0.0,0.0,0.0,0.0,0.0,0.0,0.0,0.0,0.0,0.0,0.0,0.0,0.0,0.0,0.0,0.0,0.0,0.0,0.0,0.0,0.0,0.0,0.073,0.813,0.036,0.14209999999999945,2.145,38.0,339.0
1,0.0,0.0,0.0,0.0,0.0,0.0,0.0,0.0,0.0,0.0,0.0,0.0,0.0,0.0,0.0,0.0,0.0,0.0,0.0,0.0,0.0,0.0,0.0,0.0,0.0,0.0,1.17,0.0,0.0,0.0,0.0,0.0,0.0,0.0,0.0,0.0,0.0,0.0,0.0,0.0,0.0,0.0,0.0,0.0,0.0,0.0,0.0,0.0,0.186,0.0,0.0,0.0,3.862,28.0,112.0
1,0.0,0.0,0.0,0.0,0.0,0.0,0.0,0.0,0.0,0.0,0.0,0.0,0.0,0.0,0.0,0.0,0.0,0.0,0.0,0.0,0.0,0.0,0.0,0.0,0.0,0.0,0.0,0.0,0.0,0.0,0.0,0.0,0.0,0.0,0.0,0.0,0.0,0.0,0.0,0.0,0.0,0.0,0.0,0.0,0.0,0.0,0.0,0.0,0.0,1.1457999999999993,0.0,0.0,1.75,7.0,14.0
2,0.56,0.0,0.84,0.0,0.28,0.64,0.0,0.6,0.28,0.28,0.28,1.41,0.0,0.0,0.0,0.0,0.91,0.0,0.84,0.35,2.83,0.0,0.28,0.5769999999999982,0.0,0.0,0.0,0.0,0.0,0.0,0.0,0.0,0.0,0.0,0.0,0.0,0.0,0.0,0.0,0.0,0.0,0.0,0.0,0.0,0.0,0.0,0.0,0.0,0.128,1.1457999999999993,0.042,0.0,3.979,47.0,386.0
2,0.0,0.0,0.0,0.0,0.0,0.0,0.0,0.6,0.0,0.0,0.38,0.0,0.0,0.0,0.0,1.36,0.0,0.0,1.2,0.0,1.2,0.0,0.0,0.0,0.0,0.0,0.0,0.0,0.0,0.0,0.0,0.0,0.0,0.0,0.0,0.0,0.0,0.0,0.0,0.0,0.0,0.0,0.0,0.0,0.0,0.0,0.0,0.0,0.0,1.1457999999999993,0.0,0.0,3.782,32.0,87.0
1,0.0,0.0,0.0,0.0,0.0,0.0,0.0,0.6,0.0,0.0,0.0,1.62,0.0,0.0,0.0,0.0,0.0,0.0,0.0,0.0,0.0,0.0,0.0,0.0,0.0,0.0,0.0,0.0,0.51,0.0,0.0,0.0,0.0,0.0,0.0,0.0,0.54,0.0,0.0,0.0,0.0,0.0,0.0,0.0,0.0,0.0,0.0,0.0,0.166,0.083,0.0,0.0,1.528,13.0,81.0
1,0.04,0.02,0.12,0.0,0.08,0.02,0.0,0.08,0.0,0.06,0.02,0.5,0.06,0.0,0.02,0.02,0.14,0.12,0.25,0.0,0.19,0.0,0.04,0.0,0.0,0.0,0.1,0.0,0.02,0.0,0.0,0.0,0.4669999999999982,0.0,0.0,0.19,0.95,0.0,0.0,0.02,0.0,0.02,0.0,0.14,0.0,0.33,0.0,0.024,0.198,0.0,0.018,0.003,2.43,81.0,1179.3999999999996
1,0.0,0.0,0.0,0.0,0.0,0.0,0.0,0.0,0.0,0.0,0.0,0.0,0.0,0.0,0.0,0.0,0.0,0.0,0.0,0.0,0.0,0.0,0.0,0.0,3.183999999999996,1.7939999999999965,1.916999999999998,0.85,0.51,0.7139999999999963,0.32,0.0,0.0,0.07,0.66,0.63,0.0,0.0,0.0,0.39,0.0,0.0,0.0,0.0,0.0,0.0,0.0,0.0,0.537,0.0,0.0,0.0,2.5,11.0,50.0
2,0.0,0.0,0.33,0.0,0.33,0.0,0.33,0.33,0.0,0.0,0.0,0.33,0.0,0.0,0.0,1.36,0.0,1.19,2.64,0.0,0.66,0.0,0.0,0.0,0.0,0.0,0.0,0.0,0.0,0.0,0.0,0.0,0.0,0.0,0.0,0.0,0.0,0.0,0.0,0.0,0.0,0.0,0.0,0.0,0.0,0.0,0.0,0.0,0.0,0.537,0.0,0.0,2.517,9.0,141.0
1,0.0,0.0,0.0,0.0,1.51,0.0,0.0,0.0,0.0,0.0,0.0,0.0,0.0,0.0,0.0,0.0,0.0,0.0,1.85,0.0,0.0,0.0,0.0,0.0,1.85,1.7939999999999965,0.0,0.85,0.0,0.0,0.0,0.0,0.0,0.0,0.66,0.0,0.0,0.0,0.0,0.0,0.0,0.0,0.0,0.0,0.0,0.0,0.0,0.0,0.537,0.0,0.0,0.0,2.352,11.0,40.0
2,0.0,0.0,0.47,0.0,0.47,0.0,0.0,0.47,0.0,0.0,0.0,0.94,0.0,0.0,0.16,0.0,0.47,0.47,2.83,0.0,2.35,0.0,0.73,0.0,0.0,0.0,0.0,0.0,0.0,0.0,0.0,0.0,0.0,0.0,0.0,0.0,0.0,0.0,0.47,0.39,0.0,0.0,0.0,0.0,0.0,0.0,0.0,0.0,0.164,0.082,0.38239999999999963,0.0,5.074,60.0,137.0
1,0.0,0.0,0.0,0.0,0.0,0.0,0.0,0.0,0.0,0.0,0.0,2.22,0.0,0.0,0.0,0.0,0.0,0.0,3.7,0.0,0.0,0.0,0.0,0.0,0.0,1.7939999999999965,0.0,0.0,0.0,0.0,0.0,0.0,0.0,0.0,0.0,0.0,0.0,0.0,0.0,0.0,0.0,0.0,0.0,0.0,0.0,0.0,0.0,0.0,0.0,0.371,0.0,0.0,2.25,8.0,27.0
1,0.0,0.0,0.0,0.0,0.0,0.0,0.0,0.0,0.0,0.0,0.0,0.0,0.0,0.0,0.0,0.0,0.0,0.0,0.0,0.0,0.0,0.0,0.0,0.0,3.183999999999996,1.7939999999999965,1.916999999999998,0.85,0.51,0.7139999999999963,0.32,0.0,0.0,0.07,0.66,0.63,0.0,0.0,0.0,0.39,0.0,0.0,0.0,0.0,0.0,0.0,0.0,0.0,0.537,0.0,0.0,0.0,3.444,11.0,31.0
1,0.0,0.0,0.41,0.0,0.41,0.0,0.0,0.0,0.0,0.0,0.0,0.0,0.0,0.0,0.0,0.0,0.0,0.0,0.0,0.0,0.0,0.0,0.0,0.0,0.0,0.0,0.0,0.0,0.0,0.0,0.0,0.0,0.41,0.0,0.0,0.0,0.41,0.0,0.0,0.0,0.0,0.0,0.0,0.2869999999999982,0.0,0.41,0.0,0.0,0.0,0.0,0.0,0.0,1.522,11.0,67.0
1,0.0,0.0,0.0,0.0,0.0,0.0,0.0,0.0,0.0,1.11,0.0,2.22,0.0,0.0,0.0,0.0,0.0,0.0,1.11,0.0,0.0,0.0,0.0,0.0,2.22,1.11,0.0,0.0,0.0,0.7139999999999963,0.0,0.0,0.0,0.0,0.0,0.63,0.0,0.0,0.0,0.0,0.0,0.0,0.0,0.0,0.0,0.0,0.0,0.0,0.191,0.0,0.0,0.0,1.454,7.0,48.0
1,0.06,0.0,0.4,0.0,0.13,0.13,0.0,0.13,0.0,0.0,0.0,1.4,0.2,0.06,0.0,0.0,0.2,0.0,0.06,0.0,0.0,0.0,0.0,0.0,2.54,0.0,0.0,0.0,0.0,0.0,0.0,0.0,0.0,0.0,0.0,0.06,0.06,0.0,0.0,0.0,0.0,0.0,0.0,0.0,0.06,0.0,0.0,0.028,0.085,0.0,0.0,0.0,2.341,22.0,665.0
2,0.0,0.0,0.8,0.0,0.8,0.64,0.0,0.0,0.0,0.0,0.0,0.8,0.65,0.0,0.0,0.0,0.0,0.0,4.03,0.0,0.0,0.0,0.0,0.0,0.0,0.0,0.0,0.0,0.0,0.0,0.0,0.0,0.0,0.0,0.0,0.0,0.0,0.0,0.0,0.0,0.0,0.0,0.0,0.0,0.0,0.0,0.0,0.0,0.0,0.875,0.0,0.0,6.0,48.0,138.0
2,0.0,0.0,0.53,0.0,0.53,0.0,0.0,0.53,0.0,0.0,0.0,1.06,0.0,0.0,0.16,0.0,0.53,0.53,2.65,0.0,2.65,0.0,0.73,0.0,0.0,0.0,0.0,0.0,0.0,0.0,0.0,0.0,0.0,0.0,0.0,0.0,0.0,0.0,0.53,0.39,0.0,0.0,0.0,0.0,0.0,0.0,0.0,0.0,0.186,0.093,0.38239999999999963,0.0,5.038,60.0,131.0
1,0.0,0.0,0.0,0.0,0.0,0.0,0.0,0.0,0.0,0.0,0.0,2.22,0.0,0.0,0.0,0.0,0.0,0.0,4.76,0.0,0.0,0.0,0.0,0.0,0.0,0.0,0.0,0.0,0.0,0.0,0.0,0.0,0.0,0.0,0.0,0.0,0.0,0.0,0.0,0.0,0.0,0.0,0.0,0.0,1.44,1.166999999999998,0.0,0.0,0.0,0.0,0.0,0.0,1.166,3.0,14.0
1,0.0,0.0,0.0,0.0,0.0,0.0,0.0,0.0,0.0,0.0,0.0,0.0,0.0,0.0,0.0,0.0,0.0,0.0,3.03,0.0,0.0,0.0,0.0,0.0,0.0,0.0,1.916999999999998,0.0,0.0,0.0,0.0,0.0,0.0,0.0,0.0,0.0,0.95,0.0,0.53,0.0,0.0,0.61,0.31,0.0,0.0,0.0,0.0,0.0,0.0,0.0,0.0,0.0,2.0,12.0,42.0
2,0.0,0.0,0.0,0.0,0.0,0.0,0.36,0.0,0.0,0.0,0.0,0.0,0.0,0.0,0.0,0.36,0.0,0.0,3.3,0.0,0.0,0.0,0.0,0.0,0.0,0.0,0.0,0.0,0.0,0.0,0.0,0.0,0.0,0.0,0.0,0.0,0.0,0.0,0.0,0.0,0.0,0.0,0.0,0.0,0.73,0.0,0.0,0.0,0.0,0.053,0.053,0.0,9.018899999999988,134.0,496.0
2,0.0,0.0,0.0,0.0,0.0,0.0,0.0,0.0,0.67,0.0,0.0,0.0,0.0,0.0,0.0,0.0,0.0,0.0,0.91,0.0,2.75,0.0,0.0,0.0,0.0,0.0,0.0,0.0,0.0,0.0,0.0,0.0,0.0,0.0,0.0,0.0,0.0,0.0,0.0,0.0,0.0,0.0,0.0,0.0,0.0,0.0,0.0,0.0,0.132,0.531,0.0,0.0,2.9,28.0,87.0
1,0.0,0.0,0.0,0.0,0.68,0.0,0.0,0.0,0.0,0.68,0.0,0.0,0.0,0.0,0.16,0.0,0.0,0.0,0.68,0.0,0.0,0.0,0.0,0.0,2.72,1.7939999999999965,1.916999999999998,0.85,0.51,0.68,0.32,0.0,0.0,0.07,0.66,0.63,0.68,0.0,0.53,0.39,0.0,0.0,0.31,0.2869999999999982,0.68,0.0,0.0,0.0,0.537,0.0,0.0,0.0,2.277,12.0,123.0
2,0.0,0.0,0.79,0.0,0.26,0.0,0.26,0.26,0.0,0.0,0.0,1.31,0.0,0.0,0.0,0.0,0.0,0.26,1.58,0.0,0.52,0.0,0.0,0.0,0.0,0.0,0.0,0.0,0.0,0.0,0.0,0.0,0.0,0.0,0.0,0.52,0.26,0.0,0.0,0.26,0.0,0.0,0.0,0.0,0.0,0.0,0.0,0.038,0.038,0.077,0.0,0.0,1.8,29.0,171.0
2,0.17,0.0,0.17,0.0,1.45,0.34,0.05,0.05,0.05,0.05,0.05,0.52,0.29,0.05,0.0,0.0,0.69,0.05,4.24,0.23,1.04,0.0,0.73,0.05,0.0,0.0,0.0,0.0,0.0,0.0,0.0,0.0,0.0,0.0,0.0,0.0,0.0,0.0,0.0,0.0,0.0,0.0,0.0,0.0,0.0,0.0,0.0,0.01,0.051,0.02,0.163,0.0,1.796,12.0,460.0
1,0.0,0.0,0.0,0.0,0.0,0.0,0.0,0.6,0.0,0.0,0.0,0.79,0.0,0.0,0.0,0.0,0.0,0.0,0.39,0.0,0.0,0.0,0.0,0.0,0.0,0.0,0.0,0.0,0.39,0.0,0.0,0.0,0.0,0.0,0.0,0.0,0.0,0.0,0.0,0.0,0.0,0.0,0.0,0.0,0.0,0.0,0.0,0.0,0.0,0.0,0.0,0.0,1.309,8.0,55.0
2,0.6569999999999983,0.19,0.09,0.0,0.0,0.0,0.0,0.09,0.29,0.09,0.29,0.59,0.65,0.0,0.0,0.09,0.0,0.59,4.09,0.0,0.89,0.0,0.39,0.49,0.0,0.0,0.0,0.0,0.0,0.0,0.0,0.0,0.0,0.0,0.0,0.0,0.0,0.0,0.0,0.0,0.0,0.0,0.0,0.0,0.0,0.0,0.0,0.0,0.267,0.19,0.247,0.0,2.324,19.0,365.0
1,0.0,0.0,0.0,0.0,0.0,0.0,0.0,0.0,0.0,0.0,0.0,0.0,0.0,0.0,0.0,0.0,0.0,0.0,4.76,0.0,0.0,0.0,0.0,0.0,0.0,0.0,1.916999999999998,0.0,0.0,0.0,0.0,0.0,0.4669999999999982,0.0,0.0,0.0,0.0,0.0,0.0,0.0,0.0,0.0,0.0,0.0,1.44,0.0,0.0,0.0,0.0,0.0,0.0,0.0,1.285,3.0,9.0
1,0.0,0.0,0.57,0.0,0.0,0.0,0.0,0.0,0.0,0.0,0.0,0.57,0.0,0.0,0.0,0.0,0.0,0.0,0.57,0.0,0.57,0.0,0.0,0.0,0.57,0.0,0.0,0.0,0.0,0.0,0.0,0.0,0.4669999999999982,0.0,0.0,0.0,0.0,0.0,0.0,0.0,0.0,0.0,0.0,0.2869999999999982,0.0,0.0,0.0,0.0,0.093,0.0,0.0,0.0,1.136,3.0,25.0
2,0.6569999999999983,0.0,0.26,0.0,0.26,0.0,0.13,0.0,0.66,0.26,0.0,0.0,0.65,0.13,0.0,0.0,0.0,0.0,3.98,0.0,0.53,0.0,0.0,0.5769999999999982,0.0,0.0,0.0,0.0,0.0,0.0,0.0,0.0,0.0,0.0,0.0,0.0,0.0,0.0,0.0,0.0,0.0,0.0,0.0,0.0,0.13,0.0,0.0,0.0,0.109,0.414,0.021,0.0,5.955,65.0,667.0
2,0.0,0.0,0.0,0.0,0.0,0.63,0.0,0.6,0.31,0.63,0.0,0.95,0.0,0.0,0.0,0.0,0.0,0.0,1.26,0.0,0.63,0.0,0.31,0.0,0.0,0.0,0.0,0.0,0.0,0.0,0.0,0.0,0.0,0.0,0.0,0.0,0.0,0.0,0.0,0.0,0.0,0.0,0.0,0.0,0.0,0.0,0.0,0.0,0.103,0.206,0.206,0.0,4.171,76.0,292.0
1,0.0,0.44,0.44,0.0,0.44,0.0,0.22,0.0,0.0,1.32,0.38,0.44,0.0,0.0,0.0,0.0,0.0,1.19,2.88,0.0,2.21,0.0,0.0,0.0,0.0,0.0,0.22,0.0,0.0,0.0,0.0,0.0,0.0,0.0,0.0,0.0,0.0,0.0,0.0,0.22,0.0,0.0,0.0,0.0,0.0,0.0,0.0,0.0,0.036,0.073,0.146,0.036,2.574,22.0,224.0
1,0.0,0.0,0.0,0.0,0.0,0.0,0.0,0.0,0.0,0.0,0.0,0.0,0.0,0.0,0.0,0.0,0.0,0.0,0.0,0.0,0.0,0.0,0.0,0.0,0.0,0.0,1.916999999999998,0.0,0.0,0.0,0.0,0.0,0.0,0.0,0.0,0.0,0.0,0.0,0.0,0.0,0.0,0.0,0.0,0.0,0.0,0.0,0.0,0.0,0.0,0.0,0.0,0.0,1.0,1.0,9.0
1,0.0,0.0,0.0,0.0,0.36,0.0,0.0,0.0,0.0,0.0,0.0,1.09,0.0,0.0,0.0,0.0,0.36,0.36,0.0,0.0,0.0,0.0,0.0,0.0,1.81,0.72,0.0,0.72,0.0,0.7139999999999963,0.0,0.0,0.0,0.0,0.36,0.0,0.36,0.0,0.0,0.0,0.0,0.0,0.0,0.2869999999999982,0.0,0.0,0.0,0.0,0.201,0.05,0.0,0.0,2.293,11.0,211.0
2,0.11,0.11,0.47,0.0,0.0,0.11,0.23,0.0,0.35,0.35,0.11,0.94,0.11,0.0,0.0,0.11,0.0,0.0,3.76,0.0,1.29,0.0,0.0,0.0,0.0,0.0,0.0,0.0,0.0,0.0,0.0,0.0,0.0,0.0,0.0,0.0,0.0,0.0,0.0,0.0,0.0,0.0,0.0,0.0,0.23,0.0,0.0,0.0,0.233,0.287,0.107,0.035,3.439,64.0,509.0
1,0.0,0.0,0.0,0.0,0.0,0.0,0.0,0.0,0.0,0.0,0.0,0.44,0.0,0.0,0.0,0.0,0.0,0.0,0.88,0.0,0.88,0.0,0.0,0.0,1.32,0.88,0.88,0.85,0.44,0.44,0.32,0.0,0.0,0.07,0.66,0.44,0.0,0.0,0.0,0.39,0.0,0.0,0.0,0.0,0.44,0.0,0.0,0.0,0.207,0.0,0.0,0.14209999999999945,2.588,40.0,132.0
1,0.0,0.0,0.0,0.0,0.0,0.0,0.0,0.0,0.0,0.0,0.0,0.0,0.0,0.0,0.0,0.0,0.0,0.0,0.0,0.0,0.0,0.0,0.0,0.0,0.0,0.0,0.0,0.0,0.0,0.0,0.0,0.0,0.0,0.0,0.0,0.0,0.0,0.0,0.0,0.0,0.0,0.0,0.0,0.0,0.0,0.0,0.0,0.17069999999999982,0.0,0.0,0.0,0.0,6.333,17.0,19.0
2,0.28,0.0,0.0,0.0,0.0,0.0,0.0,0.28,0.0,0.0,0.0,0.84,0.56,0.0,0.16,0.84,0.28,1.19,2.54,0.0,2.54,0.0,0.28,0.0,0.0,0.0,0.0,0.0,0.0,0.0,0.0,0.0,0.0,0.0,0.0,0.0,0.0,0.0,0.0,0.0,0.0,0.0,0.0,0.0,0.0,0.0,0.0,0.0,0.091,1.1457999999999993,0.045,0.0,7.178,104.0,524.0
2,0.0,0.0,0.24,0.0,0.72,0.0,0.0,0.0,0.48,0.0,0.0,0.48,0.0,0.0,0.0,0.0,0.0,0.96,0.96,0.0,0.72,0.0,0.0,0.0,0.0,0.0,0.0,0.0,0.0,0.0,0.0,0.0,0.0,0.0,0.0,0.0,0.0,0.0,0.0,0.0,0.0,0.0,0.0,0.0,0.24,0.0,0.0,0.0,0.0,0.328,0.0,0.0,1.74,48.0,141.0
1,0.0,0.0,0.37,0.0,0.37,0.0,0.0,0.0,0.0,0.0,0.0,0.37,0.0,0.0,0.0,0.37,0.0,0.0,0.37,0.0,0.37,0.0,0.0,0.0,0.37,0.74,0.0,0.0,0.0,0.0,0.0,0.0,0.0,0.0,0.0,0.37,0.74,0.0,0.0,0.0,0.0,0.0,0.31,0.0,0.0,0.0,0.0,0.0,0.162,0.0,0.0,0.0,2.643,34.0,193.0
2,0.0,0.0,0.53,0.0,0.21,0.1,0.1,0.53,0.1,0.21,0.0,0.64,0.0,0.0,0.0,0.0,0.1,0.0,0.0,0.0,0.0,0.0,0.73,0.0,0.0,0.0,0.0,0.0,0.0,0.0,0.0,0.0,0.0,0.0,0.0,0.0,0.0,0.0,0.0,0.0,0.0,0.0,0.0,0.0,0.0,0.0,0.0,0.0,0.099,0.016,0.066,0.0,2.104,29.0,381.0
1,0.0,0.0,0.0,0.0,0.0,0.0,0.0,0.0,0.0,0.0,0.0,0.0,0.0,0.0,0.0,0.0,0.0,0.0,0.0,0.0,0.0,0.0,0.0,0.0,0.0,0.0,0.0,0.0,0.0,0.0,0.0,0.0,0.0,0.0,0.0,0.0,0.0,0.0,0.0,0.0,0.0,0.0,0.0,0.0,1.44,0.0,0.0,0.0,0.0,0.0,0.0,0.0,1.0,1.0,9.0
1,0.0,0.0,0.0,0.0,0.69,0.0,0.0,0.0,0.0,0.0,0.0,1.38,0.0,0.0,0.0,0.0,0.0,0.0,0.69,0.0,0.69,0.0,0.0,0.0,1.38,0.0,0.0,0.0,0.0,0.0,0.0,0.0,0.0,0.0,0.0,0.63,0.0,0.0,0.0,0.0,0.0,0.0,0.0,0.0,0.0,0.0,0.0,0.0,0.0,0.0,0.08,0.0,2.488,15.0,112.0
1,0.0,0.0,0.0,0.0,0.0,0.0,0.0,0.0,0.0,0.0,0.0,0.0,0.0,0.0,0.0,0.0,0.0,0.0,4.16,0.0,0.0,0.0,0.0,0.0,0.0,0.0,0.0,0.0,0.0,0.0,0.0,0.0,0.0,0.0,0.0,0.0,0.0,0.0,0.0,0.0,0.0,0.0,0.0,0.0,0.0,0.0,0.0,0.0,0.0,0.74,0.0,0.0,1.625,6.0,13.0
2,0.38,0.0,1.29,0.0,1.14,0.0,0.0,0.0,0.38,0.38,0.0,0.0,0.0,0.0,0.0,0.0,0.0,0.0,0.38,0.35,0.0,0.0,0.0,0.0,0.38,0.0,0.0,0.0,0.0,0.0,0.0,0.0,0.0,0.0,0.0,0.0,0.0,0.0,0.0,0.0,0.0,0.0,0.0,0.0,0.0,0.0,0.0,0.0,0.0,1.005,0.059,0.0,9.018899999999988,156.39999999999964,1179.3999999999996
1,0.11,0.0,0.23,0.0,0.23,0.11,0.0,0.0,0.67,0.0,0.0,0.34,0.0,0.0,0.0,0.11,0.0,0.0,0.46,0.0,0.23,0.0,0.0,0.0,0.57,0.69,0.11,0.0,0.0,0.0,0.0,0.0,0.34,0.0,0.0,0.34,0.23,0.0,0.0,0.0,0.0,0.0,0.0,0.0,0.0,0.0,0.0,0.048,0.194,0.0,0.032,0.0,3.275,33.0,511.0
1,0.0,0.0,0.0,0.0,0.0,0.0,0.0,0.0,0.0,1.32,0.0,0.0,0.0,0.0,0.0,0.0,0.0,0.0,0.0,0.0,0.0,0.0,0.0,0.0,0.0,0.0,0.0,0.0,0.0,0.0,0.0,0.0,0.0,0.0,0.0,0.0,0.0,0.0,0.0,0.0,0.0,0.0,0.0,0.0,0.0,0.0,0.0,0.0,0.0,0.0,0.0,0.0,9.018899999999988,39.0,40.0
1,0.0,0.0,0.0,0.0,0.0,0.0,0.0,0.0,0.0,0.0,0.0,0.0,0.0,0.0,0.0,0.0,0.0,0.0,4.34,0.0,0.0,0.0,0.0,0.0,0.0,0.0,0.0,0.0,0.0,0.0,0.0,0.0,0.0,0.0,0.0,0.0,0.95,0.0,0.0,0.0,0.0,0.0,0.0,0.0,0.0,0.0,0.0,0.0,0.0,0.558,0.0,0.0,2.0,7.0,28.0
1,0.42,0.0,0.0,0.0,0.0,0.0,0.0,0.0,0.0,0.42,0.0,0.42,0.42,0.0,0.0,0.0,0.0,0.0,0.42,0.0,0.42,0.0,0.0,0.0,1.28,1.7939999999999965,0.0,0.0,0.0,0.42,0.0,0.0,0.42,0.0,0.0,0.42,0.42,0.0,0.0,0.0,0.0,0.0,0.0,0.0,0.0,0.0,0.0,0.0,0.0,0.151,0.0,0.0,1.533,9.0,69.0
1,0.0,0.0,0.0,0.0,0.0,0.0,0.0,0.0,0.0,0.0,0.0,0.0,0.0,0.0,0.0,0.0,0.0,0.0,1.57,0.0,0.78,0.0,0.0,0.0,0.0,0.0,0.0,0.0,0.0,0.0,0.0,0.0,0.0,0.0,0.0,0.0,0.0,0.0,0.0,0.0,0.0,0.0,0.0,0.2869999999999982,0.78,0.78,0.0,0.0,0.0,0.0,0.0,0.0,2.848,51.0,94.0
1,0.0,0.0,0.48,0.0,0.32,0.16,0.0,0.0,0.32,0.0,0.0,0.0,0.16,0.0,0.0,0.0,0.0,0.0,2.26,0.0,0.48,0.0,0.0,0.16,0.0,0.0,0.0,0.0,0.0,0.0,0.0,0.0,0.0,0.0,0.0,0.0,0.0,0.0,0.0,0.0,0.0,0.0,0.0,0.0,0.64,0.16,0.0,0.0,0.086,0.057,0.0,0.0,1.698,51.0,158.0
2,0.43,0.26,0.43,0.0,0.78,0.26,0.0,0.17,0.34,1.32,0.08,1.22,0.43,0.0,0.16,1.13,0.26,1.19,2.35,0.0,2.35,0.0,0.08,0.43,0.0,0.0,0.0,0.0,0.0,0.0,0.0,0.0,0.0,0.0,0.0,0.08,0.0,0.0,0.0,0.08,0.0,0.0,0.0,0.0,0.0,0.0,0.0,0.056,0.241,0.709,0.056,0.0,4.319,126.0,1123.0
2,0.0,0.0,0.34,0.0,0.0,0.0,0.34,0.0,0.0,0.34,0.0,0.34,0.0,0.0,0.0,0.68,0.34,0.34,0.68,0.34,0.34,0.0,0.0,0.0,0.0,0.0,0.0,0.0,0.0,0.0,0.0,0.0,0.0,0.0,0.0,0.0,0.0,0.0,0.0,0.34,0.0,0.0,0.0,0.0,0.0,0.0,0.0,0.0,0.393,0.225,0.056,0.0,2.257,17.0,158.0
1,0.05,0.0,0.45,0.0,0.16,0.11,0.0,0.0,0.62,0.0,0.0,0.16,0.0,0.0,0.0,0.0,0.0,0.05,0.22,0.0,0.16,0.0,0.0,0.0,0.62,0.67,0.05,0.0,0.0,0.0,0.0,0.0,0.4669999999999982,0.0,0.0,0.0,0.67,0.0,0.0,0.0,0.0,0.0,0.0,0.0,0.0,0.0,0.0,0.121,0.162,0.0,0.016,0.0,2.887,45.0,875.0
1,0.0,0.0,0.0,0.0,0.0,0.0,0.0,0.0,0.0,0.0,0.0,2.22,0.0,0.0,0.0,0.0,0.0,0.0,0.0,0.0,0.0,0.0,0.0,0.0,0.0,0.0,0.0,0.0,0.0,0.0,0.0,0.0,0.0,0.0,0.0,0.0,0.0,0.0,0.0,0.0,0.0,0.0,0.0,0.0,0.0,0.0,0.0,0.0,0.0,0.961,0.0,0.0,2.333,9.0,14.0
2,0.0,0.0,1.29,0.0,0.0,0.0,0.0,0.0,0.0,0.0,0.0,0.0,0.0,0.0,0.0,1.36,0.0,0.0,0.0,0.0,0.0,0.0,0.0,0.0,0.0,0.0,0.0,0.0,0.0,0.0,0.0,0.0,0.0,0.0,0.0,0.0,0.0,0.0,0.0,0.0,0.0,0.0,0.0,0.0,0.0,0.0,0.0,0.0,0.352,1.1457999999999993,0.0,0.0,3.909,11.0,43.0
1,0.0,0.0,1.29,0.0,0.0,0.0,0.0,0.0,0.0,0.0,0.0,1.28,0.0,0.0,0.0,0.0,0.0,0.0,1.28,0.0,0.0,0.0,0.0,0.0,0.0,0.0,0.0,0.0,0.0,0.0,0.0,0.0,0.0,0.0,0.0,0.0,0.0,0.0,0.0,0.0,0.0,0.0,0.0,0.0,0.0,0.0,0.0,0.0,0.227,0.0,0.0,0.0,1.647,7.0,28.0
1,0.0,0.0,0.0,0.0,0.0,0.0,0.0,0.0,0.0,0.5,0.0,0.0,0.0,0.0,0.0,0.0,0.0,0.0,0.0,0.0,0.0,0.0,0.0,0.0,0.0,0.0,0.5,0.0,0.5,0.0,0.0,0.0,0.4669999999999982,0.0,0.0,0.0,0.0,0.0,0.0,0.0,0.0,0.0,0.0,0.0,0.0,0.0,0.0,0.0,0.505,0.0,0.0,0.084,4.068,28.0,236.0
2,0.0,0.0,0.36,0.0,0.6,0.12,0.12,0.0,0.0,0.0,0.12,0.48,0.12,0.12,0.0,0.12,0.0,0.6,2.41,0.0,0.24,0.0,0.0,0.0,0.0,0.0,0.0,0.0,0.0,0.0,0.0,0.0,0.0,0.0,0.0,0.0,0.0,0.0,0.0,0.0,0.0,0.0,0.0,0.0,0.0,0.0,0.0,0.056,0.037,0.056,0.094,0.0,1.246,14.0,389.0
1,0.0,0.0,0.0,0.0,0.28,0.0,0.0,0.0,0.0,0.0,0.0,0.57,0.0,0.0,0.0,0.0,0.0,0.85,0.0,0.0,0.0,0.0,0.0,0.0,3.183999999999996,1.7939999999999965,1.916999999999998,0.85,0.28,0.7139999999999963,0.32,0.0,0.4669999999999982,0.07,0.66,0.63,0.28,0.0,0.0,0.28,0.0,0.0,0.28,0.0,0.57,0.0,0.0,0.064,0.292,0.097,0.0,0.097,2.291,12.0,307.0
2,0.0,0.0,0.74,0.0,0.74,0.0,0.0,0.6,0.67,0.0,0.0,0.0,0.0,0.0,0.0,0.0,0.0,0.0,4.76,0.0,2.98,0.0,0.0,0.0,0.0,0.0,0.0,0.0,0.0,0.0,0.0,0.0,0.0,0.0,0.0,0.0,0.0,0.0,0.0,0.0,0.0,0.0,0.0,0.0,0.0,0.0,0.0,0.0,0.0,0.99,0.0,0.0,1.666,12.0,60.0
1,0.41,0.0,0.83,0.0,0.0,0.41,0.0,0.0,0.0,0.0,0.0,0.83,0.0,0.0,0.0,0.0,0.0,0.0,1.67,0.0,0.41,0.0,0.0,0.0,0.0,0.0,0.83,0.0,0.0,0.41,0.0,0.0,0.0,0.0,0.0,0.0,0.0,0.0,0.0,0.0,0.0,0.0,0.31,0.0,0.0,0.0,0.0,0.0,0.0,0.0,0.0,0.0,1.12,3.0,56.0
2,0.0,0.0,0.48,0.0,0.48,0.48,0.48,0.0,0.0,0.96,0.0,0.0,0.0,0.0,0.0,0.0,0.91,0.0,3.36,0.0,0.96,0.0,0.0,0.0,0.0,0.0,0.0,0.0,0.0,0.0,0.0,0.0,0.0,0.0,0.0,0.0,0.0,0.0,0.0,0.0,0.0,0.0,0.0,0.0,0.0,0.0,0.0,0.0,0.163,0.163,0.0,0.0,1.696,17.0,95.0
2,0.6569999999999983,0.0,0.11,0.0,0.47,0.11,0.0,0.59,0.67,1.32,0.23,0.11,0.23,0.0,0.16,0.11,0.59,0.47,3.21,0.0,1.66,0.0,0.73,0.5769999999999982,0.0,0.0,0.0,0.0,0.0,0.0,0.0,0.0,0.0,0.0,0.0,0.0,0.0,0.0,0.11,0.11,0.0,0.0,0.0,0.0,0.11,0.0,0.0,0.072,0.127,0.418,0.254,0.018,9.018899999999988,148.0,1179.3999999999996
1,0.0,0.0,0.0,0.0,0.0,0.0,0.0,0.0,0.0,0.0,0.0,1.75,0.0,0.0,0.0,0.0,0.0,0.0,3.5,0.0,0.0,0.0,0.0,0.0,0.0,0.0,0.0,0.0,0.0,0.0,0.0,0.0,0.0,0.0,0.0,0.0,0.0,0.0,0.0,0.0,0.0,0.0,0.0,0.0,0.87,1.166999999999998,0.0,0.0,0.0,0.259,0.0,0.0,1.681,12.0,37.0
2,0.0,0.11,0.35,0.0,1.18,0.47,0.23,0.35,0.0,0.11,0.11,0.95,0.0,0.11,0.0,1.36,0.91,0.23,1.9,0.35,0.35,0.0,0.59,0.11,0.0,0.0,0.0,0.0,0.0,0.0,0.0,0.0,0.0,0.0,0.0,0.35,0.0,0.0,0.0,0.11,0.0,0.0,0.0,0.0,0.0,0.0,0.0,0.0,0.059,0.434,0.197,0.14209999999999945,8.026,156.39999999999964,1179.3999999999996
1,0.0,0.0,1.29,0.0,0.0,0.0,0.0,0.0,0.0,0.0,0.0,2.22,0.0,0.0,0.0,1.13,0.0,1.13,2.27,0.0,0.0,0.0,0.0,0.0,0.0,0.0,0.0,0.0,0.0,0.0,0.0,0.0,0.0,0.0,0.0,0.0,0.0,0.0,0.0,0.0,0.0,0.0,0.0,0.0,0.0,1.13,0.0,0.0,0.143,0.0,0.0,0.0,8.761,77.0,184.0
2,0.38,0.46,0.31,0.0,0.15,0.03,0.0,0.19,0.58,0.66,0.31,0.66,0.58,0.17,0.03,0.23,0.38,0.0,3.11,0.0,1.32,0.0,0.46,0.38,0.0,0.0,0.0,0.0,0.0,0.0,0.0,0.0,0.0,0.0,0.0,0.0,0.0,0.0,0.0,0.0,0.0,0.0,0.0,0.0,0.03,0.0,0.0,0.006,0.091,0.36,0.38239999999999963,0.137,6.186,122.0,1179.3999999999996
1,0.0,0.0,0.0,0.0,0.0,0.0,0.0,0.0,0.0,0.0,0.0,0.0,0.0,0.0,0.0,0.0,0.0,0.0,1.17,0.0,0.0,0.0,0.0,0.0,3.183999999999996,1.7939999999999965,0.0,0.0,0.0,0.0,0.0,0.0,0.0,0.0,0.0,0.0,0.0,0.0,0.0,0.0,0.0,0.0,0.0,0.0,0.0,0.0,0.0,0.0,0.0,0.0,0.0,0.0,2.882,21.0,49.0
1,0.0,0.0,0.0,0.0,0.0,0.0,0.0,0.0,0.0,0.0,0.0,2.22,0.0,0.0,0.0,0.0,0.0,0.0,1.72,0.0,0.0,0.0,0.0,0.0,0.0,0.0,0.0,0.0,0.0,0.0,0.0,0.0,0.0,0.0,0.0,0.0,0.95,0.0,0.0,0.0,0.0,0.0,0.0,0.0,0.0,0.0,0.0,0.0,0.0,0.0,0.0,0.0,2.062,8.0,33.0
1,0.0,0.0,0.36,0.0,0.12,0.24,0.0,0.0,0.0,0.24,0.0,0.0,0.24,0.0,0.0,0.0,0.0,0.0,1.58,0.0,0.12,0.0,0.0,0.0,0.0,0.0,0.0,0.0,0.0,0.0,0.0,0.0,0.0,0.0,0.0,0.0,0.0,0.0,0.0,0.0,0.0,0.0,0.12,0.0,0.12,0.24,0.0,0.0,0.067,0.0,0.0,0.0,1.433,12.0,76.0
1,0.23,0.0,0.23,0.0,1.17,0.0,0.0,0.0,0.0,0.0,0.0,1.41,0.0,0.0,0.0,0.0,0.11,0.0,0.47,0.0,0.7,0.0,0.11,0.0,1.29,0.11,0.0,0.0,0.11,0.23,0.0,0.0,0.0,0.0,0.0,0.0,0.11,0.0,0.0,0.0,0.0,0.11,0.0,0.0,0.23,0.0,0.0,0.0,0.015,0.0,0.0,0.015,1.486,7.0,162.0
1,0.0,0.0,0.0,0.0,0.0,0.0,0.0,0.0,0.0,0.0,0.0,0.0,0.0,0.0,0.0,0.0,0.0,0.0,0.0,0.0,0.0,0.0,0.0,0.0,0.0,0.0,0.0,0.0,0.0,0.0,0.0,0.0,0.4669999999999982,0.0,0.0,0.0,0.48,0.0,0.48,0.0,0.0,0.0,0.0,0.0,0.0,0.0,0.0,0.0,0.057,0.0,0.0,0.0,6.526,83.0,248.0
2,0.0,0.0,0.0,0.0,0.0,0.0,0.7839999999999964,0.0,0.0,0.0,0.0,0.0,0.0,0.0,0.0,1.36,0.0,0.0,0.0,0.0,2.15,0.0,0.0,0.0,0.0,0.0,0.0,0.0,0.0,0.0,0.0,0.0,0.0,0.0,0.0,0.0,0.0,0.0,0.0,0.39,0.0,0.0,0.0,0.0,0.0,0.0,0.0,0.0,0.0,0.145,0.38239999999999963,0.14209999999999945,1.823,10.0,62.0
1,0.0,0.0,1.29,0.0,0.25,0.51,0.0,0.0,0.0,0.25,0.0,0.76,0.25,0.0,0.0,0.0,0.0,0.0,1.27,0.0,0.76,0.0,0.0,0.0,1.27,1.02,0.0,0.25,0.51,0.51,0.0,0.0,0.0,0.0,0.25,0.0,0.0,0.0,0.0,0.0,0.0,0.0,0.0,0.0,0.0,0.0,0.0,0.17069999999999982,0.26,0.0,0.0,0.037,1.794,10.0,183.0
1,0.21,0.0,0.42,0.0,1.51,0.0,0.0,0.0,0.0,0.0,0.0,1.05,0.0,0.0,0.0,0.0,0.21,0.0,0.0,0.0,0.0,0.0,0.0,0.0,0.21,0.0,0.63,0.21,0.0,0.0,0.0,0.0,0.21,0.0,0.0,0.0,0.0,0.0,0.21,0.0,0.0,0.61,0.0,0.0,0.0,0.0,0.0,0.028,0.115,0.0,0.0,0.0,2.457,45.0,258.0
1,0.0,0.0,0.73,0.0,0.0,0.0,0.0,0.0,0.0,0.0,0.0,1.47,0.0,0.0,0.0,0.0,0.0,0.0,1.47,0.0,0.73,0.0,0.0,0.0,0.0,0.73,0.0,0.0,0.0,0.0,0.0,0.0,0.0,0.0,0.0,0.0,0.0,0.0,0.0,0.0,0.0,0.0,0.31,0.0,0.0,0.0,0.0,0.0,0.238,0.0,0.0,0.0,1.827,5.0,53.0
1,0.0,0.0,0.0,0.0,0.0,0.0,0.0,0.0,0.0,0.0,0.0,0.0,0.65,0.0,0.0,0.0,0.0,0.0,2.19,0.0,0.0,0.0,0.0,0.0,0.0,0.0,0.0,0.0,0.0,0.0,0.0,0.0,0.0,0.0,0.0,0.0,0.0,0.0,0.0,0.0,0.0,0.0,0.0,0.0,0.0,1.09,0.0,0.0,0.0,0.0,0.0,0.0,3.304,47.0,76.0
1,0.0,0.0,0.0,0.0,0.0,0.0,0.0,0.0,0.0,0.0,0.0,0.0,0.0,0.0,0.0,0.0,0.0,0.0,1.21,0.0,0.0,0.0,0.0,0.0,0.0,0.0,0.0,0.0,0.0,0.0,0.0,0.0,0.0,0.0,0.0,0.0,0.0,0.0,0.53,0.0,0.0,0.61,0.0,0.0,0.0,0.0,0.0,0.0,0.0,0.0,0.0,0.0,1.166,2.0,21.0
2,0.44,0.0,0.0,0.0,0.89,0.0,0.0,0.0,0.0,0.44,0.0,1.34,0.0,0.0,0.0,0.44,0.0,0.0,4.03,0.0,1.79,0.0,0.0,0.44,0.0,0.0,0.0,0.0,0.0,0.0,0.0,0.0,0.0,0.0,0.0,0.0,0.0,0.0,0.0,0.0,0.0,0.0,0.0,0.0,0.44,0.0,0.0,0.0,0.0,0.944,0.145,0.072,2.451,28.0,152.0
1,0.0,0.26,0.26,0.0,0.26,0.0,0.0,0.26,0.0,0.0,0.26,1.07,0.0,0.0,0.0,0.0,0.53,0.0,1.07,0.0,1.07,0.0,0.0,0.0,1.34,0.0,0.0,0.0,0.0,0.0,0.0,0.0,0.0,0.0,0.0,0.0,0.0,0.0,0.0,0.0,0.0,0.0,0.0,0.0,0.0,0.0,0.0,0.0,0.111,0.0,0.037,0.0,1.564,8.0,194.0
1,0.0,0.0,0.0,0.0,0.0,0.0,0.0,0.0,0.0,0.0,0.0,0.0,0.0,0.0,0.0,0.0,0.0,0.0,0.0,0.0,0.0,0.0,0.0,0.0,0.0,0.0,1.916999999999998,0.0,0.0,0.0,0.0,0.0,0.0,0.0,0.0,0.0,0.0,0.0,0.0,0.0,0.0,0.0,0.0,0.0,0.0,0.0,0.0,0.0,0.0,0.0,0.0,0.0,4.333,11.0,13.0
1,0.0,0.0,0.0,0.0,0.0,0.0,0.0,0.0,0.0,1.2,0.0,2.22,0.0,0.0,0.0,0.0,0.0,0.0,4.76,0.0,1.2,0.0,0.0,0.0,0.0,0.0,1.2,0.0,0.0,0.0,0.0,0.0,0.0,0.0,0.0,0.0,0.0,0.0,0.0,0.0,0.0,0.0,0.31,0.0,0.0,0.0,0.0,0.0,0.227,0.0,0.0,0.0,1.062,2.0,17.0
2,0.0,0.0,0.31,0.0,0.62,0.62,0.62,0.31,0.0,1.32,0.38,1.25,0.0,0.0,0.16,1.36,0.31,0.0,3.76,0.0,1.25,0.0,0.0,0.0,0.0,0.0,0.0,0.0,0.0,0.0,0.0,0.0,0.0,0.0,0.0,0.0,0.0,0.0,0.0,0.0,0.0,0.0,0.0,0.0,0.0,0.0,0.0,0.0,0.0,0.77,0.0,0.0,2.481,11.0,134.0
1,0.0,0.0,0.0,0.0,0.0,0.0,0.0,0.0,0.0,0.38,0.0,0.0,0.0,0.0,0.0,0.19,0.0,0.19,0.0,0.0,0.0,0.0,0.0,0.38,0.0,0.0,0.0,0.0,0.0,0.0,0.0,0.0,0.0,0.0,0.0,0.0,0.58,0.0,0.0,0.0,0.0,0.0,0.0,0.0,0.0,1.166999999999998,0.0,0.135,0.339,0.0,0.0,0.0,4.13,81.0,285.0
2,0.45,0.28,0.42,0.0,0.04,0.11,0.04,0.21,0.4,0.69,0.23,0.88,0.52,0.17,0.0,0.23,0.4,0.0,2.93,0.0,1.36,0.0,0.73,0.31,0.0,0.0,0.0,0.0,0.0,0.0,0.0,0.0,0.0,0.0,0.0,0.0,0.0,0.0,0.0,0.0,0.0,0.0,0.0,0.0,0.02,0.0,0.0,0.0,0.065,0.318,0.38239999999999963,0.14209999999999945,5.349,144.0,1179.3999999999996
1,0.0,0.0,0.0,0.0,0.0,0.0,0.0,0.0,0.67,0.0,0.0,0.0,0.0,0.0,0.0,0.0,0.0,0.0,2.23,0.0,0.0,0.0,0.0,0.0,0.0,0.0,0.0,0.0,0.0,0.0,0.0,0.0,0.0,0.0,0.0,0.0,0.0,0.0,0.53,0.0,0.0,0.0,0.0,0.0,0.74,0.0,0.0,0.0,0.276,0.552,0.0,0.0,2.666,16.0,72.0
1,0.0,0.0,0.28,0.0,1.51,0.0,0.0,0.0,0.0,0.0,0.0,0.28,0.57,0.17,0.0,0.0,0.0,0.0,1.15,0.0,0.57,0.0,0.0,0.0,0.28,0.0,0.57,0.0,0.0,0.28,0.0,0.0,0.0,0.0,0.0,0.0,0.0,0.0,0.0,0.0,0.0,0.28,0.0,0.28,0.57,0.0,0.0,0.0,0.051,0.103,0.0,0.0,1.411,4.0,24.0
1,0.0,0.0,0.0,0.0,0.0,0.0,0.0,0.0,0.0,0.0,0.0,0.73,0.0,0.0,0.0,0.0,0.0,0.0,0.0,0.0,0.0,0.0,0.0,0.0,3.183999999999996,1.7939999999999965,0.73,0.73,0.51,0.7139999999999963,0.32,0.0,0.0,0.07,0.66,0.63,0.73,0.0,0.53,0.39,0.0,0.0,0.31,0.0,0.73,0.0,0.0,0.17069999999999982,0.259,0.0,0.0,0.0,2.666,13.0,96.0
1,0.37,0.0,0.0,0.0,0.0,0.0,0.0,0.0,0.0,0.0,0.0,0.0,0.0,0.0,0.0,0.0,0.37,0.0,2.23,0.0,0.37,0.0,0.0,0.0,1.11,0.37,1.86,0.37,0.37,0.37,0.32,0.0,0.0,0.07,0.37,0.37,0.74,0.0,0.53,0.37,0.0,0.0,0.31,0.0,0.37,0.37,0.0,0.0,0.192,0.32,0.0,0.064,1.923,17.0,177.0
2,0.0,0.0,0.0,0.0,1.48,0.64,0.7839999999999964,0.0,0.0,0.74,0.38,0.74,0.65,0.0,0.0,0.74,0.74,0.0,2.22,0.0,3.14,0.0,0.0,0.0,0.0,0.0,0.0,0.0,0.0,0.0,0.0,0.0,0.0,0.0,0.0,0.0,0.0,0.0,0.0,0.0,0.0,0.0,0.0,0.0,0.0,0.0,0.0,0.0,0.0,0.108,0.0,0.0,2.346,12.0,61.0
1,0.0,0.0,0.0,0.0,0.0,0.0,0.0,0.0,0.0,0.0,0.0,0.0,0.0,0.0,0.0,0.0,0.0,0.0,0.72,0.0,0.0,0.0,0.0,0.0,0.72,0.72,0.0,0.85,0.0,0.0,0.0,0.0,0.0,0.0,0.66,0.0,0.0,0.0,0.0,0.0,0.0,0.0,0.0,0.2869999999999982,0.0,0.0,0.0,0.0,0.204,0.306,0.102,0.0,2.538,22.0,99.0
1,0.0,0.0,0.0,0.0,0.0,0.0,0.0,0.0,0.0,0.0,0.0,0.0,0.65,0.0,0.0,0.0,0.0,0.0,1.63,0.0,0.54,0.0,0.0,0.0,1.09,0.54,0.54,0.54,0.51,0.54,0.32,0.0,0.0,0.07,0.54,0.54,0.0,0.0,0.0,0.39,0.0,0.0,0.0,0.0,0.0,0.0,0.0,0.0,0.17,0.0,0.0,0.0,1.373,11.0,169.0
1,0.0,0.0,0.0,0.0,0.0,0.0,0.0,0.0,0.0,0.0,0.0,0.0,0.0,0.0,0.0,0.0,0.0,0.0,0.0,0.0,0.0,0.0,0.0,0.0,0.0,0.0,0.0,0.0,0.51,0.0,0.0,0.0,0.0,0.0,0.0,0.0,0.0,0.0,0.0,0.0,0.0,0.0,0.0,0.0,1.44,0.0,0.0,0.0,0.0,0.0,0.0,0.0,1.214,4.0,17.0
2,0.0,0.6169999999999982,0.0,0.0,0.0,0.64,0.74,0.0,0.0,0.0,0.0,0.0,0.0,0.0,0.0,0.0,0.0,1.19,1.49,0.0,0.0,0.0,0.0,0.0,0.0,0.0,0.0,0.0,0.0,0.0,0.0,0.0,0.0,0.0,0.0,0.0,0.0,0.0,0.0,0.0,0.0,0.0,0.0,0.0,0.0,0.0,0.0,0.0,0.307,0.0,0.0,0.0,3.39,45.0,139.0
1,0.0,0.0,0.7,0.0,0.0,0.14,0.0,0.0,0.28,0.0,0.0,2.22,0.14,0.17,0.0,0.0,0.14,0.0,0.0,0.0,0.0,0.0,0.0,0.0,0.98,0.0,0.0,0.0,0.14,0.14,0.0,0.0,0.0,0.0,0.0,0.63,0.28,0.0,0.0,0.0,0.0,0.0,0.0,0.0,0.0,0.0,0.0,0.054,0.199,0.0,0.0,0.0,1.82,18.0,304.0
1,0.0,0.0,0.0,0.0,0.4,0.0,0.0,0.0,0.0,0.0,0.0,2.04,0.0,0.0,0.0,0.0,0.0,0.0,2.44,0.0,0.81,0.0,0.0,0.0,1.22,1.7939999999999965,0.0,0.0,0.0,0.4,0.0,0.0,0.0,0.0,0.0,0.0,0.0,0.0,0.0,0.0,0.0,0.0,0.0,0.2869999999999982,0.0,0.0,0.0,0.0,0.137,0.068,0.0,0.0,2.282,21.0,89.0
2,0.49,0.32,0.46,0.0,0.05,0.16,0.05,0.24,0.46,0.79,0.27,1.01,0.6,0.17,0.0,0.21,0.38,0.0,3.3,0.0,1.5,0.0,0.73,0.35,0.0,0.0,0.0,0.0,0.0,0.0,0.0,0.0,0.0,0.0,0.0,0.0,0.0,0.0,0.0,0.0,0.0,0.0,0.0,0.0,0.02,0.0,0.0,0.0,0.064,0.322,0.38239999999999963,0.14209999999999945,6.896,156.39999999999964,1179.3999999999996
1,0.0,0.0,0.0,0.0,0.0,0.0,0.0,0.0,0.0,1.32,0.0,0.0,0.0,0.0,0.0,0.0,0.0,0.0,0.0,0.0,0.0,0.0,0.0,0.0,3.183999999999996,0.0,0.0,0.0,0.0,0.7139999999999963,0.0,0.0,0.0,0.0,0.0,0.0,0.0,0.0,0.0,0.0,0.0,0.0,0.0,0.0,0.0,0.0,0.0,0.0,0.0,0.0,0.0,0.14209999999999945,2.142,8.0,60.0
1,0.0,0.0,0.0,0.0,0.0,0.0,0.0,0.0,0.0,0.0,0.0,1.41,0.0,0.0,0.0,0.0,0.0,0.0,0.47,0.0,0.94,0.0,0.0,0.0,0.47,0.0,0.0,0.0,0.0,0.0,0.0,0.0,0.0,0.0,0.0,0.0,0.47,0.0,0.0,0.0,0.0,0.0,0.0,0.0,0.0,0.0,0.0,0.0,0.137,0.068,0.0,0.0,3.195,21.0,147.0
1,0.0,0.0,0.0,0.0,0.0,0.0,0.62,0.0,0.0,0.0,0.0,0.0,0.0,0.0,0.0,0.0,0.0,0.62,1.25,0.0,0.31,0.0,0.0,0.0,0.0,0.0,0.0,0.0,0.0,0.0,0.0,0.0,0.0,0.0,0.0,0.0,0.0,0.0,0.0,0.0,0.0,0.0,0.0,0.0,0.62,0.0,0.0,0.0,0.049,0.247,0.049,0.0,3.732,90.0,321.0
2,0.0,0.0,0.0,0.0,0.94,0.0,0.0,0.0,0.0,0.94,0.0,0.0,0.0,0.0,0.0,0.0,0.0,0.0,2.83,0.0,2.83,0.0,0.0,0.0,0.0,0.0,0.0,0.0,0.0,0.0,0.0,0.0,0.0,0.0,0.0,0.0,0.0,0.0,0.0,0.0,0.0,0.0,0.0,0.0,0.0,0.0,0.0,0.0,0.0,0.0,0.0,0.0,9.018899999999988,65.0,158.0
1,0.0,0.0,0.0,0.0,0.0,0.0,0.0,0.0,0.0,0.0,0.0,0.0,0.0,0.0,0.0,0.0,0.0,0.0,0.0,0.0,0.0,0.0,0.0,0.0,0.0,0.0,0.0,0.0,0.0,0.0,0.0,0.0,0.0,0.0,0.0,0.0,0.0,0.0,0.0,0.0,0.0,0.61,0.0,0.0,0.0,0.0,0.0,0.0,0.0,0.0,0.38239999999999963,0.0,1.25,2.0,10.0
2,0.6569999999999983,0.0,0.0,0.0,0.0,0.64,0.0,0.0,0.0,0.0,0.0,0.84,0.65,0.0,0.0,0.0,0.0,0.0,2.54,0.0,1.69,0.0,0.0,0.0,0.0,0.0,0.0,0.0,0.0,0.0,0.0,0.0,0.0,0.0,0.0,0.0,0.0,0.0,0.0,0.0,0.0,0.0,0.0,0.0,0.0,0.0,0.0,0.0,0.452,1.1457999999999993,0.301,0.0,5.037,23.0,136.0
2,0.0,0.0,0.0,0.0,0.0,0.0,0.0,0.0,0.0,0.0,0.0,0.0,0.0,0.0,0.0,0.0,0.0,0.0,0.0,0.0,0.0,0.0,0.0,0.0,0.0,0.0,0.0,0.64,0.0,0.0,0.0,0.0,0.32,0.0,0.0,0.0,0.0,0.0,0.53,0.0,0.0,0.0,0.0,0.0,0.0,0.0,0.0,0.0,0.254,0.0,0.0,0.0,1.987,28.0,153.0
2,0.38,0.0,1.29,0.0,1.14,0.0,0.0,0.0,0.38,0.38,0.0,0.0,0.0,0.0,0.0,0.0,0.0,0.0,0.38,0.35,0.0,0.0,0.0,0.0,0.38,0.0,0.0,0.0,0.0,0.0,0.0,0.0,0.0,0.0,0.0,0.0,0.0,0.0,0.0,0.0,0.0,0.0,0.0,0.0,0.0,0.0,0.0,0.0,0.0,1.008,0.059,0.0,9.018899999999988,156.39999999999964,1178.0
2,0.6569999999999983,0.6169999999999982,0.0,0.0,0.0,0.0,0.7839999999999964,0.0,0.67,0.84,0.0,0.84,0.0,0.0,0.0,1.36,0.84,0.0,0.84,0.0,2.54,0.0,0.0,0.5769999999999982,0.0,0.0,0.0,0.0,0.0,0.0,0.0,0.0,0.0,0.0,0.0,0.0,0.0,0.0,0.0,0.0,0.0,0.0,0.0,0.0,0.0,0.0,0.0,0.0,0.0,1.113,0.278,0.092,9.018899999999988,156.39999999999964,519.0
1,0.0,0.0,0.0,0.0,1.47,0.0,0.0,0.0,0.0,0.0,0.0,0.0,0.0,0.0,0.0,0.0,0.0,0.0,2.94,0.0,0.0,0.0,0.0,0.0,3.183999999999996,0.0,1.47,0.0,0.0,0.7139999999999963,0.0,0.0,0.0,0.0,0.66,0.0,0.0,0.0,0.0,0.0,0.0,0.0,0.0,0.0,0.0,0.0,0.0,0.0,0.0,0.0,0.0,0.0,3.037,15.0,82.0
1,0.0,0.0,0.0,0.0,0.0,0.0,0.0,0.0,0.0,0.0,0.0,2.22,0.0,0.0,0.0,0.0,0.0,0.0,0.0,0.0,0.0,0.0,0.0,0.0,0.0,0.0,0.0,0.0,0.0,0.0,0.0,0.0,0.0,0.0,0.0,0.0,0.0,0.0,0.0,0.0,0.0,0.0,0.0,0.0,0.0,0.0,0.0,0.0,0.0,0.769,0.0,0.0,1.428,4.0,10.0
2,0.09,0.0,0.67,0.0,0.29,0.0,0.0,0.0,0.19,0.38,0.09,1.35,0.65,0.0,0.0,0.29,0.19,0.0,2.51,0.0,1.35,0.0,0.0,0.38,0.0,0.0,0.0,0.0,0.0,0.0,0.0,0.0,0.0,0.0,0.0,0.0,0.0,0.0,0.0,0.39,0.0,0.0,0.0,0.0,0.29,0.0,0.0,0.0,0.149,0.374,0.059,0.0,9.018899999999988,148.0,1148.0
1,0.0,0.0,0.0,0.0,0.0,0.0,0.0,0.0,0.0,0.0,0.0,0.0,0.0,0.0,0.0,0.0,0.0,0.0,0.0,0.0,0.0,0.0,0.0,0.0,0.0,0.0,0.32,0.0,0.32,0.0,0.0,0.0,0.32,0.0,0.0,0.0,0.0,0.0,0.0,0.32,0.0,0.0,0.0,0.0,0.0,0.0,0.0,0.0,0.537,0.0,0.0,0.054,3.787,28.0,375.0
1,0.0,0.0,0.22,0.0,0.0,0.0,0.0,0.0,0.0,0.0,0.0,0.22,0.0,0.0,0.0,0.0,0.0,0.0,1.11,0.0,0.22,0.0,0.0,0.0,0.0,0.0,0.0,0.0,0.0,0.0,0.0,0.0,0.0,0.0,0.0,0.0,0.0,0.0,0.22,0.0,0.0,0.0,0.0,0.0,0.0,0.0,0.0,0.17069999999999982,0.0,0.24,0.0,0.14209999999999945,5.397,43.0,448.0
2,0.0,0.0,0.0,0.0,0.23,0.0,0.0,0.0,0.0,0.0,0.0,0.93,0.0,0.0,0.0,0.11,0.0,0.11,0.35,0.0,0.23,0.0,0.0,0.0,0.0,0.0,0.0,0.35,0.11,0.11,0.0,0.0,0.0,0.0,0.0,0.58,0.0,0.0,0.0,0.0,0.0,0.35,0.0,0.0,0.0,0.46,0.0,0.0,0.381,0.016,0.0,0.0,2.47,41.0,504.0
2,0.6569999999999983,0.0,0.0,0.0,0.0,0.0,0.7839999999999964,0.0,0.0,0.0,0.0,0.72,0.0,0.0,0.0,0.0,0.91,0.0,2.18,0.35,3.14,0.0,0.0,0.0,0.0,0.0,0.0,0.0,0.0,0.0,0.0,0.0,0.0,0.0,0.0,0.0,0.0,0.0,0.0,0.0,0.0,0.0,0.0,0.0,0.0,0.0,0.0,0.0,0.0,0.105,0.0,0.0,2.689,25.0,78.0
2,0.0,0.0,0.14,0.0,0.28,0.0,0.14,0.0,0.0,0.0,0.0,0.0,0.0,0.0,0.0,0.0,0.0,0.0,2.89,0.35,2.02,0.0,0.14,0.0,0.0,0.0,0.0,0.0,0.0,0.0,0.0,0.0,0.0,0.0,0.0,0.0,0.0,0.0,0.0,0.0,0.0,0.0,0.0,0.0,0.28,0.0,0.0,0.0,0.053,0.269,0.08,0.14209999999999945,9.018899999999988,74.0,1179.3999999999996
1,0.0,0.0,0.52,0.0,0.0,0.64,0.0,0.0,0.0,0.52,0.0,1.57,0.0,0.0,0.0,0.0,0.0,0.0,3.66,0.0,0.52,0.0,0.0,0.0,0.0,0.0,0.0,0.0,0.0,0.0,0.0,0.0,0.0,0.0,0.0,0.0,0.0,0.0,0.0,0.0,0.0,0.0,0.0,0.0,0.0,1.04,0.0,0.0,0.0,0.09,0.0,0.0,1.466,6.0,44.0
1,0.0,0.0,0.47,0.0,1.51,0.0,0.0,0.0,0.0,0.0,0.0,1.91,0.0,0.0,0.0,0.47,0.0,0.0,0.0,0.0,0.0,0.0,0.0,0.0,0.0,0.0,0.0,0.0,0.0,0.0,0.0,0.0,0.0,0.0,0.0,0.0,0.0,0.0,0.0,0.0,0.0,0.61,0.0,0.0,0.95,0.0,0.0,0.0,0.0,0.0,0.0,0.0,1.233,4.0,37.0
2,0.0,0.0,0.0,0.0,0.0,0.0,0.0,0.0,0.67,0.0,0.0,0.0,0.0,0.0,0.0,0.0,0.0,0.0,0.9,0.0,3.14,0.0,0.0,0.0,0.0,0.0,0.0,0.0,0.0,0.0,0.0,0.0,0.0,0.0,0.0,0.0,0.0,0.0,0.0,0.0,0.0,0.0,0.0,0.0,0.0,0.0,0.0,0.0,0.139,0.559,0.0,0.0,2.9,28.0,87.0
2,0.6569999999999983,0.0,0.0,0.0,0.85,0.0,0.0,0.0,0.0,0.0,0.0,0.85,0.42,0.0,0.0,1.28,0.0,0.0,3.86,0.0,0.85,0.0,0.0,0.5769999999999982,0.0,0.0,0.0,0.0,0.0,0.0,0.0,0.0,0.0,0.0,0.0,0.0,0.0,0.0,0.0,0.0,0.0,0.0,0.0,0.0,0.0,0.0,0.0,0.0,0.066,0.535,0.133,0.0,9.018899999999988,110.0,313.0
1,0.0,0.0,0.0,0.0,0.0,0.0,0.0,0.0,0.0,0.0,0.0,2.22,0.0,0.0,0.0,0.0,0.0,0.0,0.0,0.0,0.0,0.0,0.0,0.0,0.0,0.0,0.0,0.0,0.51,0.0,0.0,0.0,0.0,0.0,0.0,0.0,0.0,0.0,0.0,0.0,0.0,0.0,0.0,0.0,0.0,0.0,0.0,0.0,0.0,0.0,0.0,0.0,2.0,5.0,16.0
2,0.0,0.6169999999999982,0.55,0.0,0.0,0.0,0.0,0.0,0.0,0.0,0.38,0.0,0.65,0.0,0.0,1.36,0.0,0.0,0.55,0.0,1.11,0.0,0.0,0.0,0.0,0.0,0.0,0.0,0.0,0.0,0.0,0.0,0.0,0.0,0.0,0.0,0.0,0.0,0.0,0.39,0.0,0.0,0.0,0.0,0.0,0.0,0.0,0.17069999999999982,0.0,1.1457999999999993,0.095,0.0,2.861,36.0,186.0
1,0.0,0.6169999999999982,0.34,0.0,0.0,0.0,0.0,0.34,0.0,0.0,0.34,0.0,0.0,0.0,0.0,1.36,0.0,0.0,1.03,0.0,2.06,0.0,0.0,0.0,0.0,0.0,0.0,0.0,0.0,0.0,0.0,0.0,0.0,0.0,0.0,0.0,0.0,0.0,0.0,0.34,0.0,0.0,0.0,0.0,0.34,0.0,0.0,0.0,0.046,0.0,0.0,0.0,3.344,107.0,194.0
1,0.0,0.0,0.13,0.0,0.26,0.0,0.0,0.6,0.13,0.0,0.0,0.78,0.26,0.0,0.0,0.0,0.13,0.0,0.0,0.0,0.0,0.0,0.13,0.0,1.69,0.0,0.0,0.0,0.0,0.0,0.0,0.0,0.0,0.0,0.0,0.0,0.13,0.0,0.0,0.0,0.0,0.0,0.0,0.0,0.0,0.0,0.0,0.0,0.105,0.0,0.052,0.0,2.165,20.0,446.0
1,0.0,0.0,0.23,0.0,0.92,0.0,0.0,0.0,0.23,0.0,0.0,0.92,0.0,0.17,0.0,0.0,0.23,0.0,0.0,0.0,0.23,0.0,0.0,0.0,0.23,0.0,0.0,0.23,0.0,0.0,0.23,0.0,0.0,0.0,0.23,0.0,0.23,0.0,0.0,0.0,0.0,0.61,0.0,0.0,0.0,0.0,0.0,0.0,0.13,0.026,0.0,0.026,2.222,23.0,480.0
1,0.0,0.0,0.0,0.0,1.51,0.0,0.0,0.0,0.0,0.0,0.0,0.0,0.65,0.0,0.0,0.0,0.0,0.0,1.01,0.0,0.0,0.0,0.0,0.0,0.0,0.0,0.0,0.0,0.0,0.0,0.0,0.0,0.0,0.0,0.0,0.0,0.0,0.0,0.0,0.0,0.0,0.0,0.0,0.2869999999999982,0.0,0.0,0.0,0.166,0.166,0.0,0.0,0.0,1.428,6.0,40.0
2,0.0,0.0,0.0,0.0,0.0,0.0,0.0,0.0,0.0,0.0,0.0,0.0,0.0,0.0,0.0,0.0,0.0,1.19,0.0,0.0,0.0,0.0,0.73,0.0,0.0,0.0,0.0,0.0,0.0,0.0,0.0,0.0,0.0,0.0,0.0,0.0,0.0,0.0,0.0,0.0,0.0,0.0,0.0,0.0,0.0,0.0,0.0,0.0,0.0,0.0,0.184,0.0,8.161,31.0,253.0
1,0.0,0.0,0.0,0.0,0.0,0.0,0.0,0.0,0.0,0.96,0.0,0.0,0.65,0.0,0.0,0.0,0.0,0.0,1.92,0.0,0.0,0.0,0.0,0.0,0.0,0.0,0.0,0.0,0.0,0.0,0.0,0.0,0.0,0.0,0.0,0.0,0.0,0.0,0.0,0.0,0.0,0.61,0.0,0.0,1.44,0.0,0.0,0.0,0.327,0.327,0.327,0.0,1.482,4.0,43.0
1,0.0,0.0,0.0,0.0,0.0,0.0,0.0,0.0,0.0,0.0,0.0,0.0,0.65,0.0,0.0,0.0,0.0,0.0,2.02,0.0,0.0,0.0,0.0,0.0,0.0,0.0,0.0,0.0,0.0,0.0,0.0,0.0,0.0,0.0,0.0,0.0,0.95,0.0,0.53,0.0,0.0,0.0,0.31,0.0,1.44,1.01,0.0,0.0,0.0,0.376,0.0,0.0,2.31,15.0,67.0
1,0.0,0.0,0.0,0.0,0.0,0.0,0.0,0.0,0.0,0.0,0.0,0.0,0.0,0.0,0.0,0.0,0.0,0.0,4.54,0.0,0.0,0.0,0.0,0.0,0.0,0.0,0.0,0.0,0.0,0.0,0.0,0.0,0.0,0.0,0.0,0.0,0.0,0.0,0.0,0.0,0.0,0.0,0.0,0.0,0.0,0.0,0.0,0.0,0.537,0.684,0.0,0.0,1.0,1.0,9.0
1,0.0,0.0,0.0,0.0,0.0,0.0,0.0,0.0,0.0,0.0,0.0,2.22,0.0,0.0,0.0,0.0,0.0,0.0,0.74,0.0,0.0,0.0,0.0,0.0,0.0,0.0,0.0,0.0,0.0,0.0,0.0,0.0,0.0,0.0,0.0,0.0,0.74,0.0,0.0,0.0,0.0,0.0,0.0,0.0,0.0,1.166999999999998,0.0,0.0,0.0,0.0,0.277,0.0,2.72,15.0,68.0
2,0.0,0.0,0.0,0.0,0.63,0.0,0.31,0.6,0.31,0.63,0.31,0.31,0.31,0.0,0.0,0.31,0.0,0.0,3.18,0.0,0.31,0.0,0.0,0.0,0.0,0.0,0.0,0.0,0.0,0.0,0.0,0.0,0.0,0.0,0.0,0.0,0.0,0.0,0.0,0.0,0.0,0.0,0.0,0.0,0.0,0.0,0.0,0.0,0.137,0.137,0.0,0.0,3.537,40.0,191.0
1,0.0,0.0,0.51,0.0,0.17,0.0,0.0,0.0,0.0,0.0,0.0,0.34,0.0,0.0,0.0,0.0,0.0,0.0,2.73,0.0,0.0,0.0,0.0,0.0,0.0,0.0,0.0,0.0,0.0,0.0,0.0,0.0,0.0,0.0,0.0,0.0,0.0,0.0,0.0,0.0,0.0,0.0,0.0,0.0,0.0,0.0,0.0,0.0,0.064,0.064,0.0,0.0,3.587,55.0,226.0
2,0.0,0.0,0.62,0.0,1.24,0.62,0.0,0.0,0.0,0.0,0.0,0.0,0.0,0.0,0.0,0.31,0.0,0.0,2.48,0.0,0.93,0.0,0.31,0.0,0.0,0.0,0.0,0.0,0.0,0.0,0.0,0.0,0.0,0.0,0.0,0.0,0.31,0.0,0.0,0.0,0.0,0.0,0.0,0.0,0.0,0.0,0.0,0.0,0.086,0.043,0.0,0.0,1.741,14.0,155.0
2,0.0,0.0,0.57,0.0,0.0,0.0,0.0,0.28,0.0,0.0,0.0,0.0,0.28,0.0,0.0,0.0,0.28,0.57,2.89,0.35,1.73,0.0,0.0,0.28,0.0,0.0,0.0,0.0,0.0,0.0,0.0,0.0,0.0,0.0,0.0,0.0,0.0,0.0,0.0,0.0,0.0,0.0,0.0,0.0,0.0,0.0,0.0,0.0,0.461,1.1457999999999993,0.0,0.046,3.535,64.0,396.0
1,0.0,0.0,0.46,0.0,0.23,0.23,0.0,0.0,0.0,0.0,0.0,0.0,0.0,0.0,0.0,0.23,0.0,0.0,1.63,0.0,0.23,0.0,0.0,0.0,0.0,0.0,0.0,0.0,0.0,0.0,0.0,0.0,0.0,0.0,0.0,0.0,0.0,0.0,0.0,0.0,0.0,0.0,0.0,0.0,0.0,0.23,0.0,0.0,0.082,0.082,0.0,0.0,1.256,5.0,98.0
2,0.17,0.0,0.17,0.0,1.45,0.34,0.05,0.05,0.05,0.05,0.05,0.52,0.29,0.05,0.0,0.0,0.69,0.05,4.24,0.23,1.04,0.0,0.73,0.05,0.0,0.0,0.0,0.0,0.0,0.0,0.0,0.0,0.0,0.0,0.0,0.0,0.0,0.0,0.0,0.0,0.0,0.0,0.0,0.0,0.0,0.0,0.0,0.01,0.051,0.02,0.163,0.0,1.796,12.0,458.0
2,0.0,0.6169999999999982,0.37,0.0,0.0,0.0,0.75,0.0,0.0,0.37,0.0,0.75,0.0,0.0,0.0,1.36,0.37,0.0,2.63,0.0,1.5,0.0,0.0,0.0,0.0,0.0,0.0,0.0,0.0,0.0,0.0,0.0,0.0,0.0,0.0,0.0,0.0,0.0,0.0,0.0,0.0,0.0,0.0,0.0,0.37,0.0,0.0,0.0,0.0,0.242,0.0,0.14209999999999945,9.018899999999988,156.39999999999964,508.0
1,0.0,0.0,0.0,0.0,0.0,0.0,0.0,0.0,0.0,0.0,0.0,0.0,0.0,0.0,0.0,1.36,0.0,0.0,0.0,0.0,0.0,0.0,0.0,0.0,0.0,0.0,1.916999999999998,0.0,0.0,0.0,0.0,0.0,0.0,0.0,0.0,0.0,0.0,0.0,0.0,0.0,0.0,0.61,0.0,0.0,1.44,0.0,0.0,0.0,0.0,0.0,0.0,0.0,1.111,2.0,10.0
1,0.0,0.0,0.0,0.0,1.51,0.0,0.0,0.0,0.0,0.0,0.0,2.22,0.0,0.0,0.0,0.0,0.0,0.0,0.0,0.0,0.0,0.0,0.0,0.0,0.96,0.96,0.0,0.0,0.0,0.0,0.32,0.0,0.0,0.0,0.66,0.0,0.95,0.0,0.53,0.0,0.0,0.0,0.0,0.2869999999999982,0.0,0.0,0.0,0.0,0.0,0.0,0.0,0.14209999999999945,2.307,14.0,90.0
1,0.07,0.0,0.14,0.0,0.07,0.0,0.0,0.0,0.67,0.0,0.0,0.22,0.0,0.07,0.0,0.0,0.0,0.07,0.29,0.0,0.22,0.0,0.0,0.0,0.74,0.81,0.07,0.0,0.0,0.0,0.0,0.0,0.22,0.0,0.0,0.0,0.44,0.0,0.0,0.0,0.0,0.0,0.0,0.0,0.0,0.0,0.0,0.116,0.2,0.0,0.021,0.0,2.79,36.0,681.0
2,0.0,0.0,0.0,0.0,1.29,0.43,0.43,0.0,0.0,0.0,0.0,0.0,0.43,0.0,0.0,0.43,0.43,0.43,1.72,0.0,0.86,0.0,0.0,0.0,0.0,0.0,0.0,0.0,0.0,0.0,0.0,0.0,0.0,0.0,0.0,0.0,0.0,0.0,0.0,0.0,0.0,0.0,0.0,0.0,0.0,0.0,0.0,0.0,0.129,0.129,0.0,0.0,5.8,46.0,116.0
2,0.0,0.0,0.0,0.0,0.96,0.0,0.7839999999999964,0.0,0.0,0.48,0.38,0.96,0.0,0.0,0.0,1.36,0.0,0.0,3.36,0.0,0.96,0.0,0.0,0.0,0.0,0.0,0.0,0.0,0.0,0.0,0.0,0.0,0.0,0.0,0.0,0.0,0.0,0.0,0.0,0.0,0.0,0.0,0.0,0.0,0.0,0.0,0.0,0.0,0.149,0.149,0.074,0.0,2.586,44.0,150.0
2,0.0,0.0,0.94,0.0,0.0,0.0,0.7839999999999964,0.0,0.0,1.32,0.0,1.88,0.0,0.0,0.0,0.0,0.0,0.0,4.71,0.0,0.94,0.0,0.0,0.5769999999999982,0.0,0.0,0.0,0.0,0.0,0.0,0.0,0.0,0.0,0.0,0.0,0.0,0.0,0.0,0.0,0.0,0.0,0.0,0.0,0.0,0.0,0.0,0.0,0.0,0.0,0.163,0.38239999999999963,0.0,2.571,20.0,36.0
1,0.0,0.0,0.0,0.0,0.0,0.0,0.0,0.0,0.0,0.0,0.0,0.89,0.0,0.0,0.0,0.0,0.0,0.0,0.89,0.0,0.0,0.0,0.0,0.0,1.78,1.78,0.0,0.85,0.0,0.0,0.0,0.0,0.0,0.0,0.66,0.63,0.0,0.0,0.0,0.0,0.0,0.0,0.0,0.0,0.0,0.0,0.0,0.0,0.537,0.0,0.0,0.14209999999999945,2.292,12.0,94.0
1,0.0,0.0,1.21,0.0,0.0,0.0,0.0,0.0,0.0,0.0,0.0,0.0,0.0,0.0,0.0,0.0,0.0,0.0,1.82,0.0,0.6,0.0,0.0,0.0,0.0,0.0,0.0,0.0,0.0,0.0,0.0,0.0,0.0,0.0,0.0,0.0,0.0,0.0,0.0,0.0,0.0,0.0,0.0,0.0,1.21,0.0,0.0,0.0,0.371,0.0,0.0,0.0,1.967,13.0,61.0
2,0.6,0.0,0.36,0.0,1.44,0.0,0.0,0.0,0.24,1.32,0.38,2.22,0.6,0.0,0.0,0.6,0.24,0.0,4.45,0.0,1.8,0.0,0.72,0.5769999999999982,0.0,0.0,0.0,0.0,0.0,0.0,0.0,0.0,0.0,0.0,0.0,0.0,0.0,0.0,0.0,0.0,0.0,0.0,0.0,0.0,0.12,0.0,0.0,0.0,0.04,0.102,0.224,0.0,3.656,54.0,479.0
2,0.0,0.44,0.89,0.0,0.44,0.0,0.0,0.0,0.0,0.0,0.0,0.44,0.0,0.0,0.0,0.44,0.0,0.89,2.24,0.0,1.34,0.0,0.0,0.0,0.0,0.0,0.0,0.0,0.0,0.0,0.0,0.0,0.0,0.0,0.0,0.0,0.0,0.0,0.0,0.0,0.0,0.0,0.0,0.0,0.44,0.0,0.0,0.0,0.073,0.807,0.0,0.0,3.849,121.0,281.0
2,0.36,0.0,1.09,0.0,0.0,0.0,0.0,0.0,0.0,0.0,0.0,0.72,0.65,0.0,0.0,0.0,0.0,0.0,0.72,0.0,1.09,0.0,0.0,0.5769999999999982,0.0,0.0,0.0,0.0,0.0,0.0,0.0,0.0,0.0,0.0,0.0,0.0,0.0,0.0,0.0,0.0,0.0,0.0,0.0,0.0,0.0,0.0,0.0,0.063,0.126,0.063,0.126,0.0,2.562,35.0,123.0
2,0.0,0.32,0.0,0.0,0.0,0.0,0.0,0.0,0.0,0.0,0.0,0.65,0.0,0.0,0.0,0.0,0.0,0.0,0.0,0.0,0.0,0.0,0.0,0.0,0.0,0.0,0.0,0.0,0.0,0.0,0.0,0.0,0.0,0.0,0.0,0.63,0.0,0.0,0.53,0.0,0.0,0.0,0.0,0.0,0.0,0.0,0.0,0.0,0.075,0.0,0.0,0.0,2.269,33.0,118.0
2,0.06,0.6169999999999982,0.71,0.0,0.39,0.64,0.52,0.19,0.67,0.52,0.06,0.39,0.32,0.0,0.16,0.13,0.06,1.1,1.3,0.0,1.04,0.0,0.52,0.19,0.0,0.0,0.0,0.0,0.0,0.0,0.0,0.0,0.0,0.0,0.0,0.0,0.0,0.0,0.0,0.06,0.0,0.0,0.0,0.0,0.0,0.06,0.0,0.0,0.085,0.287,0.106,0.0,4.742,117.0,1179.3999999999996
2,0.21,0.28,0.5,0.0,0.14,0.28,0.21,0.07,0.0,0.94,0.21,0.79,0.65,0.17,0.14,0.14,0.07,0.28,3.47,0.0,1.59,0.0,0.43,0.43,0.0,0.0,0.0,0.0,0.0,0.0,0.0,0.0,0.0,0.0,0.0,0.0,0.07,0.0,0.0,0.0,0.0,0.0,0.0,0.0,0.0,0.0,0.0,0.0,0.132,0.372,0.18,0.048,5.114,101.0,1028.0
1,0.0,0.0,1.29,0.0,0.0,0.0,0.0,0.0,0.0,0.0,0.0,0.0,0.0,0.0,0.0,1.36,0.0,0.0,0.0,0.0,0.0,0.0,0.0,0.0,0.0,0.0,0.0,0.0,0.0,0.0,0.0,0.0,0.0,0.0,0.0,0.0,0.0,0.0,0.0,0.0,0.0,0.61,0.0,0.0,1.44,0.0,0.0,0.0,0.0,0.0,0.0,0.0,1.647,4.0,28.0
1,0.0,0.0,0.0,0.0,0.0,0.0,0.0,0.0,0.0,0.0,0.0,2.22,0.0,0.0,0.0,0.0,0.91,0.0,0.0,0.0,0.0,0.0,0.0,0.0,0.0,1.06,0.0,0.0,0.0,0.0,0.0,0.0,0.0,0.0,0.0,0.0,0.0,0.0,0.53,0.0,0.0,0.0,0.0,0.0,0.0,0.0,0.0,0.0,0.143,0.0,0.0,0.0,2.714,13.0,76.0
1,0.0,0.0,0.0,0.0,0.0,0.0,0.0,0.0,0.0,0.29,0.0,0.59,0.0,0.0,0.0,0.0,0.0,0.0,0.0,0.0,0.0,0.0,0.0,0.0,1.18,0.59,0.0,0.59,0.0,0.7139999999999963,0.0,0.0,0.0,0.0,0.59,0.0,0.59,0.0,0.0,0.0,0.0,0.0,0.0,0.0,0.0,0.0,0.0,0.0,0.273,0.0,0.0,0.0,3.317,75.0,282.0
2,0.0,0.0,0.28,0.0,0.16,0.18,0.0,0.0,0.0,0.0,0.02,0.09,0.11,0.0,0.0,0.0,0.0,0.0,0.14,0.0,0.02,0.0,0.0,0.04,0.0,0.0,0.0,0.0,0.0,0.0,0.0,0.0,0.0,0.07,0.0,0.0,0.0,0.0,0.02,0.0,0.0,0.0,0.0,0.0,0.0,0.0,0.0,0.0,0.116,0.034,0.0,0.0,9.018899999999988,154.0,1179.3999999999996
2,0.0,0.0,0.73,0.0,0.0,0.64,0.73,0.0,0.0,0.0,0.0,0.0,0.0,0.0,0.0,0.73,0.0,0.0,1.47,0.0,0.0,0.0,0.73,0.0,0.0,0.0,0.0,0.0,0.0,0.0,0.0,0.0,0.0,0.0,0.0,0.0,0.0,0.0,0.0,0.0,0.0,0.0,0.0,0.0,0.0,0.0,0.0,0.0,0.0,0.875,0.109,0.14209999999999945,2.08,12.0,52.0
1,0.6569999999999983,0.0,1.0,0.0,1.0,0.0,0.0,0.0,0.0,0.0,0.0,1.0,0.0,0.0,0.0,0.0,0.0,0.0,0.0,0.0,0.0,0.0,0.0,0.0,0.0,0.0,0.0,0.0,0.0,0.0,0.0,0.0,0.0,0.0,0.0,0.0,0.0,0.0,0.0,0.0,0.0,0.0,0.0,0.0,0.0,0.0,0.0,0.0,0.168,0.168,0.0,0.0,1.459,10.0,54.0
2,0.27,0.27,0.27,0.0,0.0,0.0,0.0,0.54,0.0,0.27,0.0,0.27,0.0,0.0,0.0,1.08,0.0,0.27,1.08,0.0,0.27,0.0,0.27,0.54,0.0,0.0,0.0,0.0,0.0,0.0,0.0,0.0,0.0,0.0,0.0,0.0,0.0,0.0,0.0,0.0,0.0,0.0,0.0,0.0,0.0,0.0,0.0,0.0,0.225,0.451,0.38239999999999963,0.0,2.934,64.0,578.0
1,0.0,0.0,0.0,0.0,0.0,0.0,0.0,0.0,0.0,1.12,0.0,0.0,0.0,0.0,0.0,0.0,0.0,0.0,1.12,0.0,1.12,0.0,0.0,0.0,0.0,0.0,1.12,0.0,0.0,0.0,0.0,0.0,0.0,0.0,0.0,0.0,0.0,0.0,0.0,0.0,0.0,0.0,0.0,0.0,1.44,0.0,0.0,0.0,0.0,0.203,0.0,0.14209999999999945,2.222,20.0,40.0
1,0.0,0.0,0.0,0.0,0.0,0.0,0.0,0.0,0.0,0.0,0.0,0.0,0.0,0.0,0.0,0.0,0.0,0.0,4.76,0.0,0.0,0.0,0.0,0.0,0.0,0.0,0.0,0.0,0.0,0.0,0.0,0.0,0.4669999999999982,0.0,0.0,0.0,0.0,0.0,0.0,0.0,0.0,0.0,0.0,0.0,0.0,0.0,0.0,0.0,0.0,0.0,0.0,0.0,1.333,4.0,12.0
1,0.0,0.0,0.0,0.0,0.0,0.0,0.0,0.0,0.0,0.0,0.0,0.0,0.0,0.0,0.0,0.0,0.0,0.0,2.08,0.0,0.0,0.0,0.0,0.0,0.0,0.0,0.0,0.0,0.0,0.0,0.0,0.0,0.0,0.0,0.0,0.0,0.0,0.0,0.0,0.0,0.0,0.0,0.0,0.0,0.0,0.0,0.0,0.0,0.0,0.0,0.0,0.0,1.428,4.0,10.0
1,0.0,0.0,0.0,0.0,0.0,0.0,0.0,0.0,0.0,0.0,0.0,1.16,0.0,0.0,0.0,0.0,0.0,0.0,0.0,0.0,1.16,0.0,0.0,0.0,0.0,0.0,0.0,0.0,0.0,0.0,0.0,0.0,0.0,0.0,0.0,0.0,0.0,0.0,0.0,0.0,0.0,0.0,0.0,0.0,0.0,0.0,0.0,0.0,0.0,0.0,0.0,0.0,1.866,6.0,28.0
1,0.0,0.0,0.0,0.0,0.0,0.0,0.0,0.0,0.0,0.0,0.0,0.0,0.0,0.0,0.0,0.0,0.0,0.0,0.0,0.0,0.0,0.0,0.0,0.0,0.0,0.0,0.0,0.0,0.0,0.0,0.0,0.0,0.0,0.0,0.0,0.0,0.95,0.0,0.53,0.0,0.0,0.0,0.31,0.0,1.35,1.166999999999998,0.0,0.17069999999999982,0.0,0.0,0.0,0.0,1.722,12.0,31.0
2,0.49,0.0,0.99,0.0,0.99,0.0,0.7839999999999964,0.0,0.0,0.0,0.0,0.49,0.0,0.0,0.0,0.49,0.49,0.0,4.45,0.0,0.99,0.0,0.73,0.0,0.0,0.0,0.0,0.0,0.0,0.0,0.0,0.0,0.0,0.0,0.0,0.0,0.0,0.0,0.0,0.0,0.0,0.0,0.0,0.0,0.49,0.0,0.0,0.0,0.0,1.118,0.239,0.0,5.228,69.0,183.0
1,0.0,0.04,0.23,0.0,0.09,0.0,0.0,0.04,0.04,0.04,0.04,0.74,0.0,0.0,0.0,0.13,0.04,0.04,0.93,0.0,0.65,0.0,0.0,0.0,1.49,0.32,0.0,0.23,0.0,0.18,0.18,0.0,0.0,0.0,0.23,0.0,0.32,0.0,0.04,0.04,0.0,0.18,0.0,0.13,0.0,0.0,0.0,0.027,0.184,0.047,0.061,0.0,1.686,20.0,1179.3999999999996
1,0.0,0.0,0.0,0.0,0.0,0.0,0.0,0.0,0.0,0.0,0.0,0.0,0.0,0.0,0.0,0.0,0.0,0.0,0.0,0.0,0.0,0.0,0.0,0.0,0.0,0.0,0.0,0.0,0.0,0.0,0.0,0.0,0.0,0.0,0.0,0.0,0.0,0.0,0.0,0.0,0.0,0.0,0.0,0.0,1.4,1.166999999999998,0.0,0.0,0.133,0.0,0.0,0.0,1.5,6.0,30.0
2,0.0,0.0,0.0,0.0,1.03,0.0,0.7839999999999964,0.0,0.0,0.0,0.0,2.06,0.0,0.0,0.0,1.36,0.0,0.0,3.09,0.0,1.03,0.0,0.0,0.0,0.0,0.0,0.0,0.0,0.0,0.0,0.0,0.0,0.0,0.0,0.0,0.0,0.0,0.0,0.0,0.0,0.0,0.0,0.0,0.0,0.0,0.0,0.0,0.0,0.0,0.0,0.0,0.0,4.0,60.0,84.0
2,0.0,0.0,0.47,0.0,0.95,0.0,0.0,0.0,0.47,0.0,0.0,0.0,0.0,0.0,0.0,0.95,0.91,0.0,1.42,0.0,0.47,0.0,0.73,0.0,0.0,0.0,0.0,0.0,0.0,0.0,0.0,0.0,0.0,0.0,0.0,0.0,0.0,0.0,0.0,0.0,0.0,0.0,0.0,0.0,0.47,0.0,0.0,0.0,0.133,0.401,0.267,0.0,3.459,61.0,256.0
2,0.08,0.08,0.35,0.0,1.51,0.17,0.08,0.0,0.35,0.17,0.0,1.43,0.0,0.08,0.0,0.53,0.08,0.0,3.58,0.0,0.89,0.0,0.08,0.17,0.0,0.0,0.0,0.0,0.0,0.0,0.0,0.0,0.0,0.0,0.0,0.0,0.0,0.0,0.0,0.0,0.0,0.0,0.0,0.0,0.0,0.0,0.0,0.0,0.054,0.369,0.109,0.027,4.911,119.0,1179.3999999999996
1,0.0,0.0,0.0,0.0,0.0,0.0,0.0,0.0,0.0,0.0,0.0,0.0,0.0,0.0,0.0,0.0,0.0,0.0,0.0,0.0,0.0,0.0,0.0,0.0,0.0,0.0,1.916999999999998,0.0,0.0,0.0,0.0,0.0,0.0,0.0,0.0,0.0,0.0,0.0,0.0,0.0,0.0,0.0,0.0,0.0,0.0,0.0,0.0,0.0,0.0,0.0,0.0,0.0,3.333,8.0,10.0
2,0.0,0.0,0.44,0.0,0.22,0.22,0.0,0.0,0.66,0.44,0.22,0.88,0.0,0.0,0.0,0.22,0.0,0.0,1.32,0.0,1.1,0.0,0.22,0.22,0.0,0.0,0.0,0.0,0.0,0.0,0.0,0.0,0.0,0.0,0.0,0.44,0.0,0.0,0.0,0.0,0.0,0.0,0.0,0.0,0.0,0.0,0.0,0.065,0.261,0.13,0.196,0.0,7.4,75.0,629.0
2,0.0,0.0,0.0,0.0,0.0,0.0,0.0,0.6,0.0,0.0,0.0,0.0,0.0,0.0,0.0,0.0,0.0,0.0,0.0,0.0,0.0,0.0,0.73,0.0,0.0,0.0,0.0,0.0,0.0,0.0,0.0,0.0,0.0,0.0,0.0,0.0,0.0,0.0,0.0,0.0,0.0,0.0,0.0,0.0,1.11,0.0,0.0,0.0,0.208,0.208,0.38239999999999963,0.0,3.95,23.0,79.0
2,0.0,0.0,1.29,0.0,0.0,0.0,0.7839999999999964,0.0,0.0,0.0,0.0,0.0,0.0,0.0,0.0,1.36,0.0,0.0,0.0,0.0,0.0,0.0,0.0,0.0,0.0,0.0,0.0,0.0,0.0,0.0,0.0,0.0,0.0,0.0,0.0,0.0,0.0,0.0,0.0,0.0,0.0,0.0,0.0,0.0,1.44,0.0,0.0,0.0,0.268,0.804,0.0,0.0,2.466,17.0,37.0
2,0.0,0.49,0.0,0.0,0.0,0.0,0.0,0.0,0.67,0.0,0.0,0.0,0.0,0.0,0.0,0.0,0.0,0.0,0.49,0.0,0.99,0.0,0.0,0.49,0.0,0.0,0.0,0.0,0.0,0.0,0.0,0.0,0.0,0.0,0.0,0.0,0.0,0.0,0.0,0.0,0.0,0.0,0.0,0.0,0.0,0.0,0.0,0.0,0.177,0.0,0.265,0.088,9.018899999999988,114.0,447.0
2,0.0,0.0,1.29,0.0,0.0,0.64,0.36,0.0,0.0,0.0,0.36,0.36,0.0,0.0,0.0,0.36,0.0,0.0,2.21,0.35,2.95,0.0,0.73,0.0,0.0,0.0,0.0,0.0,0.0,0.0,0.0,0.0,0.0,0.0,0.0,0.0,0.0,0.0,0.0,0.0,0.0,0.0,0.0,0.0,0.0,0.0,0.0,0.0,0.124,0.435,0.38239999999999963,0.14209999999999945,2.932,33.0,173.0
2,0.0,0.0,0.0,0.0,0.95,0.0,0.0,0.0,0.0,0.0,0.0,0.0,0.0,0.0,0.0,0.0,0.0,0.47,0.95,0.0,0.95,0.0,0.0,0.0,0.0,0.0,0.0,0.0,0.0,0.0,0.0,0.0,0.0,0.0,0.0,0.0,0.0,0.0,0.0,0.0,0.0,0.0,0.0,0.0,0.0,0.0,0.0,0.0,0.365,0.0,0.0,0.0,1.238,6.0,78.0
1,0.34,0.0,0.0,0.0,0.0,0.0,0.0,0.0,0.34,0.68,0.0,1.02,0.0,0.0,0.0,0.0,0.0,0.0,1.36,0.0,0.68,0.0,0.0,0.0,2.38,1.7,0.68,0.85,0.51,0.34,0.32,0.0,0.0,0.07,0.34,0.34,0.68,0.0,0.53,0.34,0.0,0.0,0.31,0.0,0.34,0.0,0.0,0.052,0.42,0.0,0.0,0.052,2.604,13.0,250.0
1,0.0,0.0,1.29,0.0,0.0,0.0,0.0,0.0,0.0,0.0,0.0,0.34,0.0,0.0,0.0,1.04,0.0,0.0,4.52,0.34,0.0,0.0,0.0,0.0,0.0,0.0,0.0,0.0,0.0,0.0,0.0,0.0,0.0,0.0,0.0,0.0,0.0,0.0,0.0,0.0,0.0,0.0,0.0,0.0,1.04,0.34,0.0,0.0,0.122,0.0,0.0,0.0,1.963,47.0,108.0
1,0.0,0.6169999999999982,0.0,0.0,0.0,0.0,0.0,0.0,0.0,1.32,0.0,2.22,0.0,0.0,0.0,0.0,0.0,0.0,4.76,0.0,1.78,0.0,0.0,0.0,0.0,0.0,0.0,0.0,0.0,0.0,0.0,0.0,0.0,0.0,0.0,0.0,0.0,0.0,0.53,0.0,0.0,0.0,0.0,0.0,1.44,0.0,0.0,0.0,0.0,0.0,0.0,0.0,2.388,21.0,43.0
2,0.17,0.26,1.21,0.0,0.43,0.6,0.43,0.26,0.67,0.52,0.26,1.3,0.17,0.0,0.16,0.69,0.08,1.19,2.43,0.17,1.04,0.0,0.73,0.17,0.0,0.0,0.0,0.0,0.0,0.0,0.0,0.0,0.0,0.0,0.0,0.0,0.0,0.0,0.0,0.08,0.0,0.0,0.0,0.0,0.08,0.0,0.0,0.0,0.107,0.256,0.242,0.013,6.142,156.39999999999964,1179.3999999999996
1,0.0,0.0,0.0,0.0,0.0,0.0,0.0,0.0,0.0,0.0,0.0,2.22,0.0,0.0,0.0,0.0,0.0,0.0,3.22,0.0,0.0,0.0,0.0,0.0,0.0,0.0,0.0,0.0,0.0,0.0,0.0,0.0,0.0,0.0,0.0,0.0,0.0,0.0,0.0,0.0,0.0,0.0,0.0,0.0,0.0,0.0,0.0,0.0,0.537,0.0,0.0,0.0,1.692,5.0,22.0
2,0.0,0.0,0.67,0.0,0.0,0.0,0.67,0.6,0.0,0.0,0.0,0.0,0.0,0.0,0.0,0.0,0.67,0.0,3.37,0.0,1.35,0.0,0.0,0.5769999999999982,0.0,0.0,0.0,0.0,0.0,0.0,0.0,0.0,0.0,0.0,0.0,0.0,0.0,0.0,0.0,0.0,0.0,0.0,0.0,0.0,0.0,0.0,0.0,0.0,0.095,0.286,0.0,0.0,5.558,39.0,189.0
2,0.0,0.0,0.0,0.0,0.38,0.38,0.38,0.38,0.0,0.0,0.38,0.0,0.0,0.0,0.0,0.38,0.0,0.0,3.87,0.0,1.93,0.0,0.0,0.38,0.0,0.0,0.0,0.0,0.0,0.0,0.0,0.0,0.0,0.0,0.0,0.0,0.0,0.0,0.0,0.0,0.0,0.0,0.0,0.0,0.0,0.0,0.0,0.0,0.0,0.123,0.0,0.0,2.062,12.0,99.0
1,0.0,0.0,0.0,0.0,0.34,0.0,0.0,0.34,0.0,1.32,0.0,1.36,0.34,0.0,0.0,0.0,0.34,0.0,1.36,0.0,0.0,0.0,0.0,0.0,0.34,0.34,1.02,0.0,0.0,0.0,0.0,0.0,0.0,0.0,0.34,0.0,0.34,0.0,0.0,0.0,0.0,0.0,0.0,0.2869999999999982,0.0,0.0,0.0,0.0,0.055,0.0,0.0,0.0,1.421,8.0,91.0
1,0.0,0.0,0.0,0.0,0.0,0.0,0.0,0.0,0.0,0.0,0.0,0.0,0.0,0.0,0.0,0.0,0.0,0.0,4.76,0.0,2.0,0.0,0.0,0.0,0.0,0.0,0.0,0.0,0.0,0.0,0.0,0.0,0.0,0.0,0.0,0.0,0.0,0.0,0.0,0.0,0.0,0.0,0.0,0.0,0.0,1.166999999999998,0.0,0.0,0.0,0.353,0.0,0.0,1.555,4.0,14.0
1,0.0,0.0,0.0,0.0,0.0,0.64,0.0,0.0,0.0,0.0,0.0,0.0,0.0,0.0,0.0,0.0,0.0,0.78,0.0,0.0,0.78,0.0,0.0,0.0,0.0,0.0,0.0,0.0,0.0,0.0,0.0,0.0,0.0,0.0,0.0,0.0,0.0,0.0,0.0,0.0,0.0,0.0,0.0,0.0,0.0,0.0,0.0,0.0,0.537,0.263,0.0,0.0,1.047,2.0,22.0
1,0.0,0.0,0.0,0.0,1.17,0.0,0.0,0.0,0.0,1.17,0.0,0.0,0.0,0.0,0.0,0.0,0.0,0.0,2.35,0.0,0.0,0.0,0.0,0.0,0.0,0.0,1.17,0.85,0.0,0.0,0.0,0.0,0.0,0.0,0.0,0.0,0.0,0.0,0.0,0.0,0.0,0.0,0.0,0.0,0.0,0.0,0.0,0.0,0.0,0.0,0.0,0.0,1.551,10.0,45.0
2,0.0,0.0,0.0,0.0,0.0,0.0,0.0,0.0,0.0,0.0,0.0,2.22,0.0,0.0,0.0,0.0,0.0,0.0,4.76,0.0,0.0,0.0,0.0,0.0,0.0,0.0,0.0,0.0,0.0,0.0,0.0,0.0,0.0,0.0,0.0,0.0,0.0,0.0,0.0,0.0,0.0,0.0,0.0,0.0,0.0,0.0,0.0,0.0,0.0,0.0,0.0,0.0,2.4,14.0,24.0
1,0.0,0.0,0.0,0.0,0.22,0.22,0.0,0.0,0.0,0.45,0.0,0.9,0.0,0.0,0.0,0.0,0.0,0.0,0.67,0.0,0.22,0.0,0.0,0.0,0.67,0.0,0.0,0.67,0.0,0.0,0.32,0.0,0.0,0.0,0.66,0.0,0.0,0.0,0.0,0.0,0.0,0.0,0.0,0.0,0.0,0.0,0.0,0.0,0.0,0.0,0.024,0.0,4.223,156.39999999999964,359.0
1,0.0,0.0,0.26,0.0,0.52,0.0,0.0,0.0,0.0,0.0,0.0,0.0,0.0,0.0,0.0,0.0,0.0,0.52,1.56,0.0,1.56,0.0,0.0,0.0,0.0,0.0,0.0,0.0,0.0,0.0,0.0,0.0,0.0,0.0,0.0,0.52,0.0,0.0,0.0,0.26,0.0,0.0,0.0,0.0,0.26,0.0,0.0,0.17069999999999982,0.113,0.037,0.037,0.0,1.797,20.0,169.0
1,0.0,0.0,0.0,0.0,0.0,0.0,0.0,0.0,0.0,0.0,0.38,0.61,0.0,0.0,0.0,0.0,0.0,0.0,0.0,0.0,0.0,0.0,0.0,0.0,1.85,0.0,0.0,0.0,0.0,0.61,0.0,0.0,0.4669999999999982,0.0,0.0,0.61,0.61,0.0,0.0,0.0,0.0,0.61,0.0,0.0,0.0,0.0,0.0,0.17069999999999982,0.0,0.0,0.0,0.0,1.24,6.0,67.0
2,0.0,0.0,0.0,0.0,0.84,0.0,0.0,0.42,0.0,0.0,0.0,0.0,0.0,0.0,0.0,0.0,0.0,0.42,0.42,0.0,0.0,0.0,0.0,0.0,0.0,0.0,0.0,0.0,0.0,0.0,0.0,0.0,0.0,0.0,0.0,0.0,0.0,0.0,0.0,0.0,0.0,0.0,0.0,0.0,0.0,0.0,0.0,0.0,0.488,1.1457999999999993,0.38239999999999963,0.0,3.168,36.0,301.0
1,0.0,0.0,0.0,0.0,0.0,0.0,0.0,0.0,0.0,0.0,0.0,0.0,0.0,0.0,0.0,0.0,0.0,0.0,4.76,0.0,0.0,0.0,0.0,0.0,0.0,0.0,0.0,0.0,0.0,0.0,0.0,0.0,0.0,0.0,0.0,0.0,0.0,0.0,0.0,0.0,0.0,0.0,0.0,0.0,0.0,0.0,0.0,0.0,0.0,0.0,0.0,0.0,9.018899999999988,99.0,100.0
1,0.0,0.0,0.0,0.0,0.0,0.0,0.0,0.0,0.0,0.0,0.0,1.15,0.0,0.0,0.0,0.0,0.0,0.0,2.89,0.0,0.57,0.0,0.0,0.0,0.0,0.0,0.0,0.0,0.0,0.57,0.0,0.0,0.0,0.0,0.0,0.0,0.0,0.0,0.0,0.0,0.0,0.0,0.0,0.2869999999999982,0.0,0.0,0.0,0.0,0.0,0.0,0.0,0.0,1.379,5.0,40.0
1,0.0,0.19,0.0,0.0,0.0,0.0,0.0,0.0,0.0,0.0,0.0,0.19,0.0,0.0,0.0,0.0,0.0,0.0,0.0,0.0,0.0,0.0,0.0,0.0,0.19,0.0,0.0,0.0,0.0,0.0,0.0,0.0,0.4669999999999982,0.0,0.0,0.38,0.19,0.0,0.0,0.0,0.0,0.0,0.0,0.0,0.0,0.0,0.0,0.0,0.201,0.0,0.0,0.0,2.217,9.0,204.0
2,0.0,0.0,0.0,0.0,0.0,0.0,0.0,0.0,0.0,0.0,0.0,0.0,0.0,0.0,0.0,0.0,0.0,0.0,0.0,0.0,0.0,0.0,0.0,0.0,0.0,0.0,0.0,0.0,0.0,0.0,0.0,0.0,0.0,0.0,0.0,0.0,0.0,0.0,0.0,0.0,0.0,0.0,0.0,0.0,0.0,0.0,0.0,0.0,0.537,0.0,0.0,0.0,3.8,15.0,19.0
2,0.58,0.0,0.34,0.0,0.11,0.11,0.0,0.0,0.0,0.23,0.23,0.93,0.65,0.0,0.0,0.58,0.23,0.11,4.19,0.0,1.51,0.0,0.58,0.46,0.0,0.0,0.0,0.0,0.0,0.0,0.0,0.0,0.0,0.0,0.0,0.0,0.0,0.0,0.34,0.0,0.0,0.0,0.0,0.0,0.11,0.0,0.0,0.0,0.125,0.733,0.104,0.14209999999999945,8.192,156.39999999999964,1179.3999999999996
1,0.0,0.0,0.0,0.0,0.27,0.0,0.0,0.0,0.0,0.27,0.0,0.54,0.0,0.17,0.0,0.0,0.54,0.0,1.63,0.0,0.0,0.0,0.0,0.0,3.183999999999996,1.35,0.27,0.27,0.27,0.27,0.27,0.0,0.0,0.07,0.27,0.27,0.0,0.0,0.27,0.27,0.0,0.0,0.27,0.0,0.81,0.0,0.0,0.0,0.192,0.0,0.0,0.0,4.608,35.0,424.0
1,0.0,0.0,0.0,0.0,1.06,0.0,0.0,0.0,0.0,0.0,0.0,1.06,0.0,0.0,0.0,0.0,0.0,0.0,1.06,0.0,1.06,0.0,0.0,0.0,1.06,1.06,0.0,0.0,0.0,0.0,0.0,0.0,0.0,0.0,0.0,0.0,0.0,0.0,0.0,0.0,0.0,0.0,0.0,0.2869999999999982,0.0,0.0,0.0,0.0,0.181,0.0,0.0,0.0,1.4,4.0,28.0
2,0.18,0.0,0.18,0.0,1.51,0.36,0.0,0.06,0.06,0.06,0.06,0.55,0.3,0.06,0.0,0.0,0.73,0.0,4.4,0.24,1.1,0.0,0.73,0.06,0.0,0.0,0.0,0.0,0.0,0.0,0.0,0.0,0.0,0.0,0.0,0.0,0.0,0.0,0.0,0.0,0.0,0.0,0.06,0.0,0.0,0.0,0.0,0.01,0.052,0.01,0.169,0.0,1.748,12.0,444.0
2,0.0,0.0,0.0,0.0,1.51,0.0,0.7839999999999964,0.0,0.0,0.0,0.0,0.0,0.0,0.0,0.0,0.0,0.0,0.0,0.0,0.0,0.0,0.0,0.0,0.0,0.0,0.0,0.0,0.0,0.0,0.0,0.0,0.0,0.0,0.0,0.0,0.63,0.0,0.0,0.0,0.0,0.0,0.0,0.0,0.0,0.0,0.0,0.0,0.0,0.0,0.0,0.0,0.0,4.5,34.0,108.0
2,0.54,0.0,1.08,0.0,0.54,0.0,0.7839999999999964,0.0,0.0,0.0,0.0,0.54,0.0,0.0,0.0,0.54,0.54,0.0,4.32,0.0,1.08,0.0,0.73,0.0,0.0,0.0,0.0,0.0,0.0,0.0,0.0,0.0,0.0,0.0,0.0,0.0,0.0,0.0,0.0,0.0,0.0,0.0,0.0,0.0,0.54,0.0,0.0,0.0,0.0,1.1457999999999993,0.261,0.0,5.323,68.0,181.0
1,0.0,0.0,0.0,0.0,0.0,0.0,0.0,0.0,0.0,0.0,0.0,0.0,0.0,0.0,0.0,0.0,0.0,0.0,0.0,0.0,0.0,0.0,0.0,0.0,3.183999999999996,0.0,0.0,0.0,0.0,0.0,0.0,0.0,0.0,0.0,0.0,0.63,0.0,0.0,0.0,0.0,0.0,0.0,0.0,0.0,0.0,0.0,0.0,0.0,0.0,0.0,0.0,0.0,1.0,1.0,9.0
1,0.0,0.0,0.0,0.0,0.0,0.0,0.0,0.0,0.0,0.0,0.0,2.22,0.0,0.0,0.0,0.0,0.0,0.0,0.0,0.0,0.0,0.0,0.0,0.0,1.61,1.61,0.0,0.0,0.0,0.0,0.0,0.0,0.0,0.0,0.0,0.0,0.0,0.0,0.0,0.0,0.0,0.0,0.0,0.0,0.0,0.0,0.0,0.0,0.222,0.0,0.0,0.0,1.958,6.0,47.0
1,0.0,0.0,0.32,0.0,0.0,0.0,0.32,0.0,0.32,0.0,0.0,0.65,0.0,0.0,0.0,0.0,0.0,0.32,0.98,0.0,2.63,0.0,0.0,0.0,0.0,0.0,0.32,0.0,0.0,0.0,0.0,0.0,0.0,0.0,0.66,0.0,0.0,0.0,0.0,0.0,0.0,0.0,0.0,0.0,0.0,0.0,0.0,0.0,0.0,0.0,0.0,0.128,5.633,118.0,338.0
1,0.0,0.56,0.0,0.0,0.56,0.0,0.0,0.0,0.0,0.0,0.0,1.7,0.0,0.0,0.0,0.0,0.91,0.0,1.13,0.0,0.0,0.0,0.0,0.0,0.0,0.0,0.0,0.0,0.51,0.56,0.0,0.0,0.0,0.0,0.0,0.0,0.0,0.0,0.53,0.0,0.0,0.0,0.0,0.0,0.0,0.0,0.0,0.0,0.0,0.0,0.0,0.0,2.028,13.0,71.0
1,0.0,0.0,0.0,0.0,0.0,0.0,0.0,0.0,0.0,0.0,0.0,0.0,0.0,0.0,0.0,0.0,0.0,0.0,0.0,0.0,0.0,0.0,0.0,0.0,0.0,0.0,0.0,0.0,0.0,0.0,0.0,0.0,0.0,0.0,0.0,0.0,0.0,0.0,0.0,0.0,0.0,0.0,0.0,0.0,0.0,0.0,0.0,0.0,0.0,0.0,0.0,0.0,6.666,15.0,20.0
1,0.0,0.0,0.17,0.0,0.17,0.0,0.0,0.17,0.08,0.0,0.08,0.25,0.0,0.0,0.0,0.08,0.0,0.0,0.94,0.0,0.6,0.0,0.25,0.0,1.89,0.43,0.0,0.08,0.0,0.25,0.32,0.0,0.0,0.0,0.25,0.0,0.17,0.0,0.0,0.0,0.0,0.0,0.0,0.0,0.0,0.0,0.0,0.0,0.127,0.051,0.038,0.0,1.838,24.0,605.0
2,0.0,0.0,1.29,0.0,0.0,0.0,0.0,0.0,0.0,0.0,0.0,1.78,0.0,0.0,0.0,0.0,0.0,0.0,1.78,0.0,0.0,0.0,0.0,0.0,0.0,0.0,0.0,0.0,0.0,0.0,0.0,0.0,0.0,0.0,0.0,0.0,0.0,0.0,0.0,0.0,0.0,0.0,0.0,0.0,0.0,0.0,0.0,0.0,0.0,1.1457999999999993,0.0,0.14209999999999945,9.018899999999988,75.0,160.0
1,0.59,0.0,1.19,0.0,0.59,0.64,0.0,0.0,0.0,0.0,0.0,0.0,0.0,0.0,0.0,0.0,0.0,0.0,1.19,0.0,0.59,0.0,0.0,0.0,0.59,0.0,1.19,0.0,0.0,0.59,0.0,0.0,0.0,0.07,0.0,0.0,0.59,0.0,0.0,0.0,0.0,0.0,0.0,0.0,0.59,0.0,0.0,0.0,0.312,0.312,0.0,0.0,1.818,22.0,80.0
1,0.0,0.0,0.0,0.0,0.0,0.0,0.0,0.0,0.0,0.0,0.0,0.0,0.0,0.0,0.0,0.0,0.0,0.0,0.0,0.0,0.0,0.0,0.0,0.0,0.0,0.0,0.0,0.0,0.0,0.0,0.0,0.0,0.0,0.0,0.0,0.0,0.0,0.0,0.0,0.0,0.0,0.61,0.0,0.0,0.0,0.0,0.0,0.0,0.0,0.0,0.0,0.0,1.629,7.0,44.0
1,0.0,0.0,0.0,0.0,0.0,0.0,0.0,0.0,0.0,0.0,0.0,2.22,0.0,0.0,0.0,0.0,0.0,0.0,0.0,0.0,0.0,0.0,0.0,0.0,0.0,0.0,0.0,0.0,0.0,0.0,0.0,0.0,0.0,0.0,0.0,0.0,0.0,0.0,0.0,0.0,0.0,0.61,0.0,0.0,0.0,0.0,0.0,0.0,0.0,0.0,0.0,0.0,1.928,15.0,54.0
1,0.08,0.16,0.08,0.0,0.2,0.0,0.04,0.04,0.04,0.49,0.12,0.32,0.12,0.04,0.0,0.08,0.0,0.0,0.77,0.0,0.2,0.0,0.0,0.0,0.0,0.0,0.0,0.0,0.0,0.0,0.0,0.0,0.0,0.0,0.0,0.63,0.65,0.0,0.0,0.04,0.0,0.08,0.0,0.16,0.0,0.28,0.0,0.016,0.243,0.033,0.0,0.016,2.747,86.0,1179.3999999999996
1,0.0,0.0,0.0,0.0,0.0,0.0,0.0,0.0,0.0,0.0,0.0,1.75,0.0,0.0,0.0,0.0,0.0,0.0,0.29,0.0,0.0,0.0,0.0,0.0,1.75,0.29,0.0,0.58,0.0,0.0,0.0,0.0,0.0,0.0,0.29,0.29,0.58,0.0,0.0,0.0,0.0,0.0,0.0,0.0,0.29,0.0,0.0,0.0,0.091,0.045,0.0,0.0,2.333,15.0,175.0
2,0.0,0.0,0.0,0.0,0.0,0.0,0.0,0.0,0.67,0.0,0.0,0.0,0.0,0.0,0.0,0.0,0.0,0.0,2.7,0.0,2.7,0.0,0.0,0.0,0.0,0.0,0.0,0.0,0.0,0.0,0.0,0.0,0.0,0.0,0.0,0.0,0.0,0.0,0.0,0.0,0.0,0.0,0.0,0.0,0.0,0.0,0.0,0.0,0.0,0.636,0.0,0.0,3.809,28.0,80.0
2,0.6569999999999983,0.0,0.0,0.0,0.0,0.0,0.7839999999999964,0.0,0.0,0.0,0.0,0.0,0.0,0.0,0.0,0.0,0.9,0.9,1.81,0.0,2.72,0.0,0.0,0.5769999999999982,0.0,0.0,0.0,0.0,0.0,0.0,0.0,0.0,0.0,0.0,0.0,0.0,0.0,0.0,0.0,0.0,0.0,0.0,0.0,0.0,0.0,0.0,0.0,0.0,0.0,0.564,0.0,0.0,2.818,19.0,62.0
2,0.18,0.0,0.18,0.0,1.51,0.36,0.06,0.06,0.06,0.12,0.06,0.54,0.3,0.06,0.0,0.0,0.72,0.06,4.54,0.24,1.09,0.0,0.73,0.06,0.0,0.0,0.0,0.0,0.0,0.0,0.0,0.0,0.0,0.0,0.0,0.0,0.0,0.0,0.0,0.0,0.0,0.0,0.06,0.0,0.06,0.0,0.0,0.01,0.052,0.01,0.167,0.0,1.733,12.0,442.0
1,0.06,0.0,0.19,0.0,0.06,0.06,0.0,0.0,0.0,0.13,0.0,0.26,0.06,0.0,0.0,0.0,0.0,0.0,0.52,0.0,0.46,0.0,0.0,0.0,2.57,0.92,0.0,0.06,0.13,0.52,0.32,0.0,0.06,0.0,0.26,0.13,0.32,0.0,0.26,0.0,0.0,0.0,0.0,0.0,0.06,0.0,0.0,0.009,0.152,0.047,0.028,0.0,1.948,23.0,836.0
1,0.0,0.0,0.0,0.0,0.51,0.0,0.0,0.0,0.0,0.0,0.0,0.0,0.51,0.0,0.0,0.0,0.0,0.0,1.55,0.0,0.0,0.0,0.0,0.0,0.0,0.0,0.51,0.0,0.0,0.0,0.0,0.0,0.4669999999999982,0.0,0.0,0.0,0.0,0.0,0.0,0.0,0.0,0.0,0.0,0.0,0.0,0.0,0.0,0.0,0.0,0.281,0.0,0.0,1.363,5.0,45.0
1,0.23,0.0,0.0,0.0,0.23,0.23,0.0,0.0,0.0,0.0,0.0,0.23,0.0,0.0,0.0,0.23,0.0,0.0,0.47,0.0,0.0,0.0,0.0,0.0,0.47,0.23,0.0,0.0,0.0,0.47,0.23,0.0,0.4669999999999982,0.0,0.0,0.0,0.23,0.0,0.0,0.0,0.0,0.0,0.0,0.0,0.0,0.0,0.0,0.106,0.106,0.0,0.0,0.0,1.588,8.0,143.0
2,0.0,0.0,0.55,0.0,1.11,0.0,0.0,0.0,0.0,0.0,0.0,0.0,0.65,0.0,0.16,0.0,0.37,0.37,3.14,0.0,0.92,0.0,0.0,0.0,0.0,0.0,0.0,0.0,0.0,0.0,0.0,0.0,0.0,0.0,0.0,0.0,0.0,0.0,0.0,0.0,0.0,0.0,0.0,0.0,0.0,0.0,0.0,0.0,0.186,0.434,0.0,0.0,1.377,4.0,73.0
1,0.0,0.0,0.0,0.0,0.0,0.0,0.0,0.0,0.0,0.0,0.0,0.0,0.65,0.0,0.0,0.0,0.0,0.0,4.76,0.0,0.0,0.0,0.0,0.0,0.0,0.0,1.916999999999998,0.0,0.0,0.0,0.0,0.0,0.0,0.0,0.0,0.0,0.0,0.0,0.0,0.0,0.0,0.0,0.0,0.0,0.0,0.0,0.0,0.0,0.0,0.0,0.0,0.0,1.0,1.0,10.0
1,0.0,0.0,0.0,0.0,1.51,0.0,0.0,0.0,0.0,0.0,0.0,0.0,0.0,0.0,0.0,0.0,0.0,0.0,0.0,0.0,0.0,0.0,0.0,0.0,0.0,0.0,0.0,0.0,0.0,0.0,0.0,0.0,0.0,0.0,0.0,0.0,0.0,0.0,0.0,0.0,0.0,0.61,0.0,0.2869999999999982,0.0,0.0,0.0,0.0,0.0,0.0,0.0,0.0,2.0,5.0,16.0
1,0.0,0.0,0.0,0.0,0.0,0.0,0.0,0.0,0.0,0.0,0.0,0.0,0.0,0.0,0.0,0.0,0.0,0.0,0.0,0.0,0.0,0.0,0.0,0.0,0.0,0.0,0.0,0.0,0.0,0.0,0.0,0.0,0.4669999999999982,0.0,0.0,0.0,0.0,0.0,0.0,0.0,0.0,0.0,0.0,0.0,1.44,0.0,0.0,0.0,0.537,0.0,0.0,0.0,1.0,1.0,10.0
1,0.0,0.0,0.0,0.0,0.0,0.0,0.0,0.0,0.0,1.32,0.0,0.0,0.0,0.0,0.0,0.0,0.0,0.0,3.7,0.0,3.14,0.0,0.0,0.0,0.0,0.0,0.0,0.0,0.51,0.0,0.0,0.0,0.0,0.0,0.0,0.0,0.0,0.0,0.0,0.0,0.0,0.0,0.0,0.0,0.0,0.0,0.0,0.0,0.0,0.0,0.0,0.0,2.0,4.0,9.0
2,0.0,0.0,1.29,0.0,0.0,0.0,0.0,0.0,0.0,0.0,0.0,0.0,0.0,0.0,0.0,1.36,0.0,0.0,3.27,0.0,1.63,0.0,0.0,0.0,0.0,0.0,0.0,0.0,0.0,0.0,0.0,0.0,0.0,0.0,0.0,0.0,0.0,0.0,0.0,0.0,0.0,0.0,0.0,0.0,0.0,0.0,0.0,0.0,0.0,1.1457999999999993,0.0,0.0,2.315,12.0,44.0
1,0.0,0.0,0.0,0.0,0.0,0.0,0.0,0.0,0.0,0.0,0.0,0.0,0.0,0.0,0.0,0.0,0.0,0.0,4.76,0.0,0.0,0.0,0.0,0.0,0.0,0.0,0.0,0.0,0.0,0.0,0.0,0.0,0.0,0.0,0.0,0.0,0.0,0.0,0.0,0.0,0.0,0.0,0.0,0.0,1.44,0.0,0.0,0.0,0.0,0.0,0.0,0.0,1.125,2.0,9.0
1,0.0,0.0,0.0,0.0,0.0,0.0,0.0,0.0,0.0,0.0,0.0,0.0,0.0,0.0,0.0,0.0,0.0,1.19,0.0,0.0,0.0,0.0,0.0,0.0,3.183999999999996,1.7939999999999965,0.0,0.85,0.0,0.7139999999999963,0.32,0.0,0.0,0.0,0.66,0.63,0.0,0.0,0.0,0.0,0.0,0.0,0.0,0.0,0.0,0.0,0.0,0.0,0.239,0.239,0.0,0.0,1.687,10.0,27.0
1,0.6569999999999983,0.0,0.0,0.0,0.0,0.0,0.0,0.0,0.0,0.0,0.0,0.0,0.0,0.0,0.0,0.0,0.0,0.0,2.96,0.0,0.0,0.0,0.0,0.0,0.0,0.0,0.0,0.0,0.0,0.0,0.0,0.0,0.0,0.0,0.0,0.0,0.0,0.0,0.0,0.0,0.0,0.0,0.0,0.0,0.0,0.0,0.0,0.0,0.0,0.377,0.0,0.0,1.0,1.0,33.0
1,0.0,0.0,0.19,0.0,0.19,0.19,0.0,0.0,0.0,0.19,0.0,0.38,0.0,0.0,0.0,0.0,0.0,0.38,1.54,0.0,0.96,0.0,0.0,0.0,2.69,1.54,0.77,0.57,0.19,0.7139999999999963,0.19,0.0,0.0,0.07,0.57,0.38,0.38,0.0,0.0,0.19,0.0,0.0,0.31,0.0,0.38,0.0,0.0,0.026,0.404,0.026,0.0,0.0,2.894,45.0,411.0
1,0.0,0.0,0.0,0.0,0.0,0.32,0.0,0.6,0.0,0.0,0.0,1.6,0.0,0.17,0.0,0.0,0.0,0.32,0.32,0.0,0.0,0.0,0.0,0.0,0.32,0.32,0.0,0.32,0.0,0.0,0.0,0.0,0.0,0.0,0.0,0.0,0.0,0.0,0.0,0.0,0.0,0.0,0.0,0.0,0.0,0.0,0.0,0.0,0.08,0.0,0.0,0.0,4.295,87.0,262.0
2,0.0,0.6169999999999982,1.11,0.0,1.11,0.0,0.7839999999999964,0.0,0.0,0.0,0.0,0.0,0.0,0.0,0.0,1.36,0.0,0.0,3.33,0.0,2.22,0.0,0.0,0.0,0.0,0.0,0.0,0.0,0.0,0.0,0.0,0.0,0.0,0.0,0.0,0.0,0.0,0.0,0.0,0.0,0.0,0.0,0.0,0.0,0.0,0.0,0.0,0.0,0.0,0.146,0.0,0.0,2.058,5.0,35.0
1,0.0,0.0,0.0,0.0,0.0,0.0,0.0,0.0,0.0,0.0,0.0,0.0,0.0,0.0,0.0,0.0,0.0,0.0,4.0,0.0,0.0,0.0,0.0,0.0,0.0,0.0,0.0,0.0,0.0,0.0,0.0,0.0,0.0,0.0,0.0,0.0,0.0,0.0,0.0,0.0,0.0,0.0,0.0,0.0,0.0,0.0,0.0,0.0,0.0,0.729,0.0,0.0,2.285,7.0,16.0
1,0.0,0.0,0.0,0.0,0.0,0.0,0.0,0.0,0.0,0.0,0.0,0.0,0.0,0.0,0.0,0.0,0.0,0.0,0.0,0.0,0.0,0.0,0.0,0.0,0.0,0.0,0.0,0.0,0.0,0.0,0.0,0.0,0.0,0.0,0.0,0.0,0.0,0.0,0.0,0.0,0.0,0.0,0.0,0.0,1.44,0.0,0.0,0.0,0.0,0.0,0.0,0.0,1.714,6.0,12.0
1,0.0,0.0,0.0,0.0,0.82,0.0,0.0,0.0,0.0,0.82,0.0,0.0,0.0,0.0,0.0,0.0,0.0,0.0,1.65,0.0,0.82,0.0,0.0,0.0,0.0,0.0,0.82,0.0,0.51,0.7139999999999963,0.0,0.0,0.4669999999999982,0.0,0.0,0.0,0.0,0.0,0.0,0.0,0.0,0.61,0.0,0.0,1.44,0.0,0.0,0.0,0.301,0.0,0.0,0.0,1.678,5.0,47.0
2,0.0,0.0,0.0,0.0,0.0,0.0,0.0,0.0,0.0,0.0,0.0,0.0,0.0,0.0,0.0,0.0,0.0,0.0,0.0,0.0,0.0,0.0,0.73,0.0,0.0,0.0,0.0,0.0,0.0,0.0,0.0,0.0,0.0,0.0,0.0,0.0,0.95,0.0,0.0,0.0,0.0,0.0,0.0,0.0,0.0,0.0,0.0,0.0,0.201,0.0,0.1,0.0,4.548,59.0,141.0
1,0.0,0.0,0.0,0.0,0.0,0.25,0.0,0.6,0.0,0.0,0.0,0.25,0.0,0.0,0.0,0.0,0.0,0.25,0.0,0.0,0.0,0.0,0.0,0.0,0.75,0.25,0.0,0.0,0.0,0.7139999999999963,0.0,0.0,0.0,0.0,0.0,0.25,0.95,0.0,0.0,0.0,0.0,0.0,0.0,0.0,0.0,0.5,0.0,0.0,0.153,0.0,0.0,0.0,1.958,26.0,329.0
1,0.0,0.0,0.0,0.0,0.0,0.24,0.0,0.0,0.0,0.0,0.0,0.72,0.0,0.0,0.0,0.0,0.0,0.0,0.24,0.0,0.0,0.0,0.0,0.0,2.65,1.2,0.0,0.0,0.0,0.0,0.0,0.0,0.24,0.0,0.0,0.0,0.95,0.0,0.0,0.0,0.0,0.0,0.0,0.0,0.0,0.48,0.0,0.067,0.371,0.0,0.0,0.0,3.322,44.0,319.0
1,0.16,0.08,0.0,0.0,0.0,0.0,0.0,0.0,0.16,0.33,0.0,0.67,0.0,0.0,0.08,0.0,0.5,0.33,0.58,0.16,0.42,0.0,0.0,0.08,1.34,0.58,0.0,0.0,0.0,0.08,0.0,0.0,0.0,0.0,0.0,0.63,0.95,0.0,0.16,0.0,0.0,0.0,0.0,0.08,0.0,0.0,0.0,0.084,0.408,0.0,0.012,0.0,4.179,104.0,1179.3999999999996
2,0.0,0.0,0.0,0.0,1.51,0.0,0.4,0.6,0.0,0.4,0.0,0.8,0.0,0.0,0.0,0.0,0.91,0.4,4.0,0.0,2.0,0.0,0.0,0.0,0.0,0.0,0.0,0.0,0.0,0.0,0.0,0.0,0.0,0.0,0.0,0.0,0.0,0.0,0.0,0.0,0.0,0.0,0.0,0.0,0.0,0.0,0.0,0.0,0.0,0.706,0.212,0.0,1.838,13.0,114.0
1,0.0,0.0,0.0,0.0,0.0,0.0,0.0,0.0,0.0,0.0,0.0,0.0,0.0,0.0,0.0,0.0,0.0,0.0,0.0,0.0,0.0,0.0,0.0,0.0,0.0,0.0,1.916999999999998,0.0,0.0,0.0,0.0,0.0,0.0,0.0,0.0,0.0,0.0,0.0,0.0,0.0,0.0,0.0,0.0,0.0,0.0,0.0,0.0,0.0,0.0,0.0,0.0,0.0,1.5,3.0,12.0
2,0.42,0.0,0.42,0.0,1.51,0.42,0.42,0.0,0.0,0.84,0.38,0.84,0.0,0.0,0.0,1.36,0.0,0.0,2.95,0.0,2.1,0.0,0.73,0.0,0.0,0.0,0.0,0.0,0.0,0.0,0.0,0.0,0.0,0.0,0.0,0.0,0.0,0.0,0.0,0.0,0.0,0.0,0.0,0.0,0.0,0.0,0.0,0.0,0.291,0.072,0.38239999999999963,0.072,2.632,12.0,179.0
2,0.41,0.41,0.41,0.0,0.13,0.1,0.03,0.06,0.52,0.94,0.27,0.76,0.45,0.17,0.03,0.24,0.41,0.03,2.99,0.0,1.25,0.0,0.34,0.5769999999999982,0.0,0.0,0.0,0.0,0.0,0.0,0.0,0.0,0.0,0.0,0.0,0.0,0.0,0.0,0.0,0.0,0.0,0.0,0.0,0.0,0.1,0.0,0.0,0.011,0.076,0.425,0.38239999999999963,0.112,5.761,131.0,1179.3999999999996
1,0.05,0.0,0.31,0.0,0.0,0.05,0.0,0.05,0.47,0.0,0.0,0.15,0.0,0.0,0.0,0.0,0.26,0.05,0.21,0.0,0.15,0.0,0.0,0.0,0.79,0.85,0.05,0.0,0.0,0.0,0.0,0.0,0.4669999999999982,0.0,0.0,0.0,0.85,0.0,0.0,0.0,0.0,0.0,0.0,0.0,0.0,0.0,0.0,0.112,0.202,0.0,0.014,0.0,3.117,52.0,1179.3999999999996
2,0.1,0.1,0.7,0.0,0.6,0.2,0.4,0.1,0.67,0.8,0.1,0.5,0.0,0.0,0.0,0.1,0.0,1.11,2.22,0.35,1.92,0.0,0.0,0.3,0.0,0.0,0.0,0.0,0.0,0.0,0.0,0.0,0.0,0.0,0.1,0.0,0.0,0.0,0.1,0.0,0.0,0.0,0.0,0.0,0.0,0.0,0.0,0.0,0.0,0.991,0.38239999999999963,0.032,3.173,56.0,1044.0
1,0.0,0.0,0.0,0.0,0.0,0.0,0.0,0.0,0.0,0.0,0.0,0.0,0.0,0.0,0.0,0.0,0.0,0.0,4.34,0.0,3.14,0.0,0.0,0.0,0.0,0.0,1.916999999999998,0.0,0.0,0.0,0.0,0.0,0.0,0.0,0.0,0.0,0.0,0.0,0.0,0.0,0.0,0.0,0.0,0.0,0.0,0.0,0.0,0.0,0.0,1.1457999999999993,0.0,0.0,1.0,1.0,9.0
1,0.0,0.0,0.0,0.0,0.0,0.64,0.0,0.0,0.23,0.0,0.0,0.0,0.0,0.0,0.0,0.0,0.0,0.0,0.0,0.0,0.0,0.0,0.0,0.0,0.92,0.92,0.0,0.0,0.0,0.0,0.0,0.0,0.46,0.0,0.0,0.0,0.23,0.0,0.23,0.23,0.0,0.0,0.23,0.0,0.0,0.69,0.0,0.033,0.0,0.0,0.0,0.0,1.554,13.0,143.0
2,0.27,0.27,0.55,0.0,0.27,0.27,0.0,0.6,0.27,0.82,0.27,0.55,0.0,0.0,0.0,0.0,0.91,0.55,1.65,0.35,3.03,0.0,0.0,0.0,0.0,0.0,0.0,0.0,0.0,0.0,0.0,0.0,0.0,0.0,0.0,0.0,0.0,0.0,0.0,0.27,0.0,0.0,0.0,0.0,0.0,0.0,0.0,0.0,0.28,1.029,0.093,0.0,3.621,63.0,344.0
1,0.0,0.0,0.0,0.0,0.0,0.0,0.0,0.0,0.0,0.0,0.0,1.35,0.0,0.0,0.0,0.0,0.0,0.0,2.7,0.0,1.35,0.0,0.0,0.0,0.0,1.35,0.0,0.0,0.0,0.0,0.0,0.0,0.0,0.0,0.0,0.0,0.0,0.0,0.0,0.0,0.0,0.0,0.31,0.0,0.0,0.0,0.0,0.0,0.0,0.0,0.0,0.0,1.88,5.0,47.0
2,0.0,0.0,0.93,0.0,0.0,0.0,0.0,0.0,0.0,1.32,0.38,0.0,0.0,0.0,0.0,0.0,0.91,0.0,4.67,0.35,0.93,0.0,0.0,0.0,0.0,0.0,0.0,0.0,0.0,0.0,0.0,0.0,0.0,0.0,0.0,0.0,0.0,0.0,0.0,0.0,0.0,0.0,0.0,0.0,0.93,0.0,0.0,0.0,0.0,0.464,0.154,0.0,1.612,10.0,50.0
1,0.0,0.0,0.0,0.0,0.0,0.0,0.0,0.0,0.0,0.0,0.0,0.0,0.0,0.0,0.0,0.0,0.0,0.0,0.0,0.0,0.0,0.0,0.0,0.0,2.56,1.7939999999999965,0.0,0.85,0.0,0.0,0.0,0.0,0.0,0.0,0.66,0.63,0.0,0.0,0.0,0.0,0.0,0.0,0.0,0.2869999999999982,0.0,0.0,0.0,0.0,0.537,0.0,0.0,0.0,2.093,11.0,90.0
1,0.0,0.0,0.0,0.0,0.0,0.0,0.0,0.0,0.0,0.0,0.0,0.0,0.0,0.0,0.0,0.0,0.0,0.0,0.0,0.0,0.0,0.0,0.0,0.0,0.0,0.0,1.16,0.0,0.0,0.0,0.0,0.0,0.0,0.0,0.0,0.0,0.0,0.0,0.0,0.0,0.0,0.0,0.0,0.2869999999999982,1.16,0.0,0.0,0.0,0.391,0.0,0.0,0.0,1.384,4.0,18.0
1,0.0,0.0,0.0,0.0,0.0,0.0,0.0,0.39,0.0,0.0,0.0,0.39,0.0,0.0,0.0,0.0,0.0,0.0,0.0,0.0,0.0,0.0,0.0,0.0,0.39,0.0,0.0,0.0,0.39,0.39,0.0,0.0,0.39,0.0,0.0,0.39,0.39,0.0,0.0,0.0,0.0,0.0,0.0,0.0,0.0,0.0,0.0,0.0,0.049,0.0,0.0,0.0,2.0,38.0,124.0
1,0.0,0.0,0.31,0.0,1.04,0.1,0.0,0.0,0.0,0.0,0.0,0.1,0.0,0.0,0.0,0.0,0.0,0.0,0.2,0.0,0.0,0.0,0.0,0.0,0.41,0.2,0.52,0.2,0.2,0.2,0.2,0.0,0.41,0.07,0.2,0.2,0.1,0.0,0.1,0.2,0.0,0.41,0.1,0.1,0.1,0.0,0.0,0.067,0.523,0.0,0.016,0.033,2.232,47.0,393.0
2,0.0,0.0,0.67,0.0,0.27,0.27,0.13,0.0,0.13,0.27,0.0,0.4,0.4,0.0,0.0,0.0,0.27,0.0,0.0,0.0,0.0,0.0,0.27,0.0,0.0,0.0,0.0,0.0,0.0,0.0,0.0,0.0,0.0,0.0,0.0,0.0,0.0,0.0,0.0,0.0,0.0,0.0,0.0,0.0,0.0,0.0,0.0,0.0,0.109,0.021,0.0,0.0,1.728,12.0,204.0
2,0.0,0.37,1.11,0.0,0.37,0.0,0.0,0.0,0.0,0.74,0.37,0.74,0.0,0.0,0.16,1.36,0.0,0.0,0.74,0.0,1.48,0.0,0.0,0.37,0.0,0.0,0.0,0.0,0.0,0.0,0.0,0.0,0.0,0.0,0.0,0.0,0.0,0.0,0.0,0.0,0.0,0.0,0.0,0.0,0.0,0.0,0.0,0.0,0.292,0.878,0.175,0.058,5.985,58.0,425.0
2,0.0,0.51,0.0,0.0,0.0,0.0,0.0,0.0,0.0,0.51,0.38,0.51,0.0,0.0,0.0,0.25,0.76,1.19,2.04,0.0,0.76,0.0,0.0,0.0,0.0,0.0,0.0,0.0,0.0,0.0,0.0,0.0,0.0,0.0,0.0,0.0,0.0,0.0,0.0,0.25,0.0,0.0,0.0,0.0,0.0,0.0,0.0,0.0,0.457,0.29,0.0,0.124,2.614,66.0,149.0
2,0.0,0.0,0.0,0.0,0.0,0.0,0.7839999999999964,0.0,0.0,0.0,0.0,0.0,0.0,0.0,0.0,0.0,0.0,0.0,0.0,0.0,1.47,0.0,0.0,0.0,0.0,0.0,0.0,0.0,0.0,0.0,0.0,0.0,0.0,0.0,0.0,0.0,0.0,0.0,0.0,0.0,0.0,0.0,0.0,0.0,0.0,0.0,0.0,0.17069999999999982,0.0,0.0,0.248,0.14209999999999945,3.15,12.0,63.0
1,0.0,0.0,0.0,0.0,0.0,0.0,0.0,0.0,0.0,0.7,0.0,0.0,0.0,0.0,0.0,0.0,0.0,0.0,0.0,0.0,0.0,0.0,0.0,0.0,0.0,0.0,0.7,0.0,0.0,0.0,0.0,0.0,0.0,0.0,0.0,0.0,0.0,0.0,0.0,0.0,0.0,0.0,0.0,0.0,0.0,0.0,0.0,0.0,0.227,0.0,0.0,0.0,4.043,28.0,186.0
1,0.0,0.0,0.0,0.0,1.51,0.0,0.0,0.0,0.0,0.0,0.0,0.0,0.0,0.0,0.0,0.0,0.0,0.0,0.0,0.0,0.0,0.0,0.0,0.0,3.183999999999996,0.0,0.0,0.0,0.0,0.0,0.0,0.0,0.0,0.0,0.0,0.0,0.0,0.0,0.0,0.0,0.0,0.0,0.0,0.0,0.0,0.0,0.0,0.0,0.0,0.0,0.0,0.0,1.333,2.0,9.0
1,0.0,0.0,0.0,0.0,0.0,0.0,0.0,0.0,0.0,0.0,0.0,0.8,0.0,0.0,0.0,0.0,0.0,0.0,1.61,0.0,0.0,0.0,0.0,0.0,1.61,0.8,1.916999999999998,0.8,0.51,0.7139999999999963,0.32,0.0,0.0,0.07,0.66,0.63,0.8,0.0,0.0,0.39,0.0,0.0,0.31,0.0,0.8,0.0,0.0,0.122,0.366,0.0,0.0,0.0,1.853,13.0,76.0
1,0.0,0.0,1.29,0.0,0.0,0.0,0.0,0.0,0.0,0.0,0.0,0.0,0.0,0.0,0.0,0.0,0.0,1.19,0.0,0.0,0.0,0.0,0.0,0.0,3.183999999999996,1.7939999999999965,0.0,0.85,0.0,0.7139999999999963,0.32,0.0,0.0,0.0,0.66,0.63,0.0,0.0,0.0,0.0,0.0,0.0,0.0,0.0,0.0,0.0,0.0,0.0,0.18,0.0,0.0,0.0,1.611,10.0,29.0
1,0.0,0.0,0.09,0.0,0.09,0.0,0.0,0.55,0.0,0.09,0.0,0.73,0.09,0.0,0.0,0.0,0.55,0.0,0.09,0.0,0.0,0.0,0.36,0.09,3.183999999999996,0.0,0.0,0.0,0.0,0.0,0.09,0.0,0.0,0.0,0.0,0.09,0.09,0.0,0.0,0.0,0.0,0.0,0.0,0.2869999999999982,0.0,0.0,0.0,0.012,0.1,0.0,0.1,0.0,2.188,22.0,510.0
2,0.16,0.16,0.5,0.0,0.33,0.0,0.0,0.0,0.5,0.84,0.0,0.84,0.0,0.17,0.0,0.0,0.0,0.16,2.37,0.0,0.5,0.0,0.0,0.33,0.0,0.0,0.0,0.0,0.0,0.0,0.0,0.0,0.0,0.0,0.0,0.0,0.0,0.0,0.0,0.0,0.0,0.0,0.16,0.0,0.0,0.0,0.0,0.0,0.143,0.458,0.143,0.028,6.298,156.39999999999964,781.0
2,0.0,0.0,0.48,0.0,0.72,0.48,0.0,0.0,0.24,0.0,0.38,0.24,0.0,0.0,0.0,0.48,0.0,0.24,1.21,0.0,1.45,0.0,0.48,0.24,0.0,0.0,0.0,0.0,0.0,0.24,0.0,0.0,0.0,0.0,0.0,0.0,0.0,0.0,0.0,0.24,0.0,0.0,0.24,0.0,0.0,0.0,0.0,0.0,0.036,0.036,0.184,0.0,2.276,66.0,255.0
2,0.17,0.0,0.08,0.0,0.42,0.08,0.08,0.42,0.08,0.08,0.0,0.6,0.17,0.17,0.0,0.0,0.17,0.08,1.2,0.0,3.14,0.0,0.34,0.08,0.0,0.0,0.0,0.0,0.0,0.0,0.0,0.0,0.0,0.0,0.0,0.0,0.0,0.0,0.0,0.0,0.0,0.0,0.0,0.0,0.0,0.0,0.0,0.0,0.081,0.108,0.013,0.0,4.07,48.0,574.0
1,0.0,0.0,0.0,0.0,0.0,0.0,0.0,0.0,0.0,0.0,0.0,0.32,0.0,0.0,0.0,0.0,0.0,0.0,0.97,0.0,0.97,0.0,0.0,0.0,1.29,0.64,1.916999999999998,0.64,0.51,0.64,0.32,0.0,0.0,0.07,0.64,0.63,0.95,0.0,0.53,0.39,0.0,0.0,0.31,0.0,0.32,1.166999999999998,0.0,0.051,0.255,0.0,0.0,0.0,2.197,15.0,156.0
2,0.13,0.26,0.52,0.0,0.26,0.0,0.13,0.0,0.0,0.39,0.13,0.13,0.13,0.0,0.16,0.13,0.0,0.78,0.39,0.13,0.52,0.0,0.0,0.0,0.0,0.0,0.0,0.0,0.0,0.0,0.0,0.0,0.0,0.0,0.0,0.0,0.0,0.0,0.0,0.0,0.0,0.0,0.0,0.0,0.0,0.0,0.0,0.0,0.0,0.366,0.0,0.04,7.138,149.0,1179.3999999999996
2,0.0,0.0,0.41,0.0,0.82,0.61,0.2,0.0,0.2,0.61,0.38,1.23,0.2,0.0,0.0,0.61,0.0,0.0,2.89,0.35,1.23,0.0,0.0,0.2,0.0,0.0,0.0,0.0,0.0,0.0,0.0,0.0,0.0,0.0,0.0,0.0,0.0,0.0,0.0,0.0,0.0,0.0,0.0,0.0,0.0,0.0,0.0,0.098,0.065,0.816,0.065,0.0,3.716,45.0,301.0
1,0.0,0.0,0.0,0.0,0.0,0.0,0.0,0.6,0.0,1.3,0.0,0.0,0.0,0.0,0.0,0.0,0.0,0.32,0.32,0.0,0.65,0.0,0.0,0.0,3.183999999999996,1.7939999999999965,0.32,0.0,0.0,0.65,0.0,0.0,0.0,0.0,0.0,0.0,0.95,0.0,0.0,0.0,0.0,0.0,0.0,0.0,0.65,0.0,0.0,0.153,0.537,0.0,0.0,0.0,5.555,42.0,500.0
1,0.0,0.0,1.29,0.0,0.0,0.0,0.0,0.0,0.0,0.0,0.0,1.69,0.0,0.0,0.0,0.0,0.0,0.0,1.69,0.0,0.0,0.0,0.0,0.0,0.0,0.0,0.0,0.0,0.0,0.0,0.0,0.0,0.0,0.0,0.0,0.0,0.0,0.0,0.53,0.0,0.0,0.61,0.0,0.0,0.0,0.0,0.0,0.0,0.0,0.0,0.0,0.0,1.0,1.0,12.0
1,0.0,0.0,1.2,0.0,0.0,0.0,0.0,0.0,0.0,0.0,0.0,2.22,0.0,0.0,0.0,0.0,0.0,0.0,0.0,0.0,0.0,0.0,0.0,0.0,0.0,0.0,0.0,0.0,0.0,0.0,0.0,0.0,0.0,0.0,0.0,0.0,0.0,0.0,0.0,0.0,0.0,0.61,0.0,0.0,0.0,0.0,0.0,0.0,0.537,0.222,0.0,0.0,2.826,8.0,65.0
2,0.6569999999999983,0.0,0.7,0.0,1.05,0.0,0.7,0.0,0.0,0.35,0.0,0.7,0.0,0.0,0.16,0.7,0.0,0.35,4.76,0.0,1.4,0.0,0.35,0.35,0.0,0.0,0.0,0.0,0.0,0.0,0.0,0.0,0.0,0.0,0.0,0.0,0.0,0.0,0.0,0.0,0.0,0.0,0.0,0.0,0.35,0.0,0.0,0.0,0.0,0.367,0.061,0.0,1.88,12.0,94.0
1,0.0,0.0,0.0,0.0,1.51,0.0,0.0,0.0,0.0,0.0,0.0,0.0,0.0,0.0,0.0,0.0,0.0,0.0,3.84,0.0,0.0,0.0,0.0,0.0,0.0,0.0,0.0,0.0,0.0,0.0,0.0,0.0,0.0,0.0,0.0,0.0,0.0,0.0,0.0,0.0,0.0,0.0,0.0,0.0,0.0,0.0,0.0,0.0,0.0,0.0,0.0,0.0,1.0,1.0,9.0
1,0.0,0.0,0.0,0.0,0.0,0.0,0.0,0.0,0.0,1.32,0.0,0.0,0.0,0.0,0.0,0.0,0.0,0.0,0.0,0.0,0.0,0.0,0.0,0.0,2.32,1.7939999999999965,0.0,0.85,0.0,0.7139999999999963,0.0,0.0,0.0,0.0,0.66,0.0,0.0,0.0,0.0,0.0,0.0,0.0,0.0,0.0,0.0,0.0,0.0,0.0,0.453,0.0,0.0,0.0,9.018899999999988,75.0,187.0
2,0.0,0.0,0.0,0.0,0.0,0.0,0.0,0.0,0.0,0.0,0.0,0.0,0.0,0.0,0.0,0.0,0.0,0.0,3.22,0.0,0.0,0.0,0.0,0.0,0.0,0.0,0.0,0.0,0.0,0.0,0.0,0.0,0.0,0.0,0.0,0.0,0.0,0.0,0.0,0.0,0.0,0.0,0.0,0.0,0.0,0.0,0.0,0.0,0.0,0.546,0.0,0.0,2.3,9.0,23.0
1,0.0,0.0,0.0,0.0,0.0,0.0,0.0,0.0,0.0,0.0,0.0,0.0,0.0,0.0,0.0,0.0,0.0,0.0,0.85,0.0,0.0,0.0,0.0,0.0,3.183999999999996,1.7939999999999965,1.916999999999998,0.85,0.51,0.7139999999999963,0.32,0.0,0.0,0.07,0.66,0.63,0.85,0.0,0.53,0.39,0.0,0.0,0.31,0.0,0.85,0.0,0.0,0.0,0.278,0.0,0.0,0.0,2.138,12.0,77.0
2,0.47,0.31,0.47,0.0,0.05,0.15,0.05,0.23,0.44,0.76,0.26,0.97,0.58,0.17,0.0,0.26,0.44,0.0,3.25,0.0,1.5,0.0,0.73,0.34,0.0,0.0,0.0,0.0,0.0,0.0,0.0,0.0,0.0,0.0,0.0,0.0,0.0,0.0,0.0,0.0,0.0,0.0,0.0,0.0,0.02,0.0,0.0,0.0,0.068,0.344,0.38239999999999963,0.14209999999999945,6.094,156.39999999999964,1179.3999999999996
2,0.0,0.52,1.05,0.0,1.51,0.52,0.7839999999999964,0.0,0.0,0.0,0.38,1.05,0.0,0.0,0.0,1.05,0.91,1.05,4.21,0.0,1.57,0.0,0.52,0.0,0.0,0.0,0.0,0.0,0.0,0.0,0.0,0.0,0.4669999999999982,0.0,0.0,0.0,0.0,0.0,0.0,0.0,0.0,0.0,0.0,0.0,0.0,0.0,0.0,0.0,0.0,1.1457999999999993,0.38239999999999963,0.091,3.062,19.0,98.0
1,0.0,0.0,0.0,0.0,0.0,0.0,0.0,0.0,0.0,1.32,0.0,2.22,0.0,0.0,0.0,0.0,0.0,0.0,1.57,0.0,0.0,0.0,0.0,0.0,0.78,0.78,0.0,0.85,0.0,0.0,0.0,0.0,0.0,0.0,0.0,0.63,0.0,0.0,0.0,0.0,0.0,0.0,0.0,0.0,0.0,0.0,0.0,0.0,0.268,0.0,0.0,0.0,2.885,11.0,101.0
2,0.0,0.0,0.0,0.0,0.0,0.0,0.0,0.6,0.0,0.0,0.38,0.0,0.0,0.0,0.0,0.0,0.0,0.0,4.08,0.0,1.02,0.0,0.73,0.0,0.0,0.0,0.0,0.0,0.0,0.0,0.0,0.0,0.0,0.0,0.0,0.0,0.0,0.0,0.0,0.0,0.0,0.0,0.0,0.0,0.0,0.0,0.0,0.0,0.0,0.968,0.0,0.0,2.179,18.0,85.0
1,0.11,0.0,0.22,0.0,0.55,0.0,0.0,0.0,0.0,0.0,0.0,0.55,0.0,0.0,0.0,0.11,0.11,0.0,1.22,0.0,0.0,0.0,0.0,0.0,1.22,0.44,0.0,0.0,0.0,0.11,0.0,0.0,0.4669999999999982,0.0,0.0,0.0,0.0,0.0,0.11,0.0,0.0,0.0,0.0,0.0,0.22,0.0,0.0,0.052,0.156,0.017,0.0,0.052,3.061,38.0,600.0
2,0.0,0.0,0.84,0.0,0.84,0.0,0.7839999999999964,0.0,0.0,0.0,0.0,0.0,0.65,0.0,0.0,0.0,0.0,0.0,2.54,0.0,1.69,0.0,0.0,0.5769999999999982,0.0,0.0,0.0,0.0,0.0,0.0,0.0,0.0,0.0,0.0,0.0,0.0,0.0,0.0,0.0,0.0,0.0,0.0,0.0,0.0,0.0,0.0,0.0,0.0,0.388,0.776,0.129,0.0,9.018899999999988,156.39999999999964,249.0
2,0.0,0.56,0.0,0.0,0.56,0.0,0.0,0.0,0.67,0.56,0.11,1.79,0.22,0.11,0.0,0.11,0.22,0.89,1.79,0.0,2.8,0.0,0.0,0.0,0.11,0.11,0.0,0.0,0.0,0.0,0.0,0.0,0.0,0.0,0.0,0.0,0.0,0.0,0.0,0.0,0.0,0.0,0.0,0.0,0.0,0.0,0.0,0.0,0.186,0.056,0.056,0.0,2.153,53.0,532.0
1,0.17,0.0,0.51,0.0,0.17,0.0,0.0,0.0,0.0,1.32,0.0,0.17,0.0,0.0,0.0,0.17,0.34,0.0,1.19,0.0,0.85,0.0,0.0,0.0,1.53,0.68,0.0,0.0,0.0,0.0,0.0,0.0,0.0,0.0,0.0,0.0,0.0,0.0,0.0,0.0,0.0,0.0,0.0,0.0,0.0,0.0,0.0,0.027,0.111,0.167,0.0,0.0,1.894,22.0,216.0
1,0.0,0.0,0.0,0.0,1.19,0.0,0.0,0.0,0.0,0.0,0.0,1.19,0.0,0.0,0.0,0.0,0.0,0.0,0.0,0.0,0.0,0.0,0.0,0.0,3.183999999999996,1.7939999999999965,0.0,0.0,0.51,0.0,0.0,0.0,0.0,0.0,0.0,0.0,0.95,0.0,0.0,0.0,0.0,0.61,0.0,0.0,1.19,0.0,0.0,0.0,0.0,0.0,0.0,0.0,1.733,14.0,52.0
2,0.1,0.1,0.73,0.0,0.2,0.1,0.2,0.6,0.1,0.31,0.31,1.04,0.0,0.0,0.0,0.1,0.91,0.31,2.4,0.35,2.92,0.0,0.0,0.2,0.1,0.1,0.0,0.0,0.0,0.0,0.0,0.0,0.0,0.0,0.0,0.0,0.1,0.0,0.1,0.1,0.0,0.0,0.0,0.0,0.0,0.0,0.0,0.0,0.163,0.785,0.065,0.0,4.064,92.0,817.0
2,0.0,0.17,0.0,0.0,0.0,0.0,0.17,0.52,0.0,0.17,0.35,0.52,0.0,0.0,0.0,0.0,0.17,0.7,0.87,0.0,0.7,0.0,0.35,0.0,0.0,0.0,0.0,0.0,0.0,0.0,0.0,0.0,0.0,0.0,0.0,0.0,0.0,0.0,0.0,0.0,0.0,0.0,0.0,0.0,0.0,0.0,0.0,0.029,0.147,0.117,0.058,0.14209999999999945,3.521,39.0,419.0
1,0.0,0.0,0.72,0.0,0.0,0.0,0.0,0.0,0.0,0.0,0.0,0.0,0.0,0.0,0.0,0.0,0.0,0.0,0.0,0.0,0.0,0.0,0.0,0.0,0.72,0.0,0.0,0.0,0.0,0.0,0.0,0.0,0.0,0.0,0.0,0.0,0.72,0.0,0.36,0.0,0.0,0.0,0.0,0.0,0.0,0.36,0.0,0.0,0.0,0.0,0.0,0.0,1.646,12.0,107.0
2,0.17,0.0,0.17,0.0,1.47,0.35,0.0,0.05,0.05,0.05,0.05,0.52,0.29,0.05,0.0,0.0,0.7,0.0,4.17,0.23,1.11,0.0,0.73,0.05,0.0,0.0,0.0,0.0,0.0,0.0,0.0,0.0,0.0,0.0,0.0,0.0,0.0,0.0,0.0,0.0,0.0,0.0,0.0,0.0,0.0,0.0,0.0,0.01,0.051,0.01,0.165,0.0,1.79,12.0,453.0
2,0.0,0.6169999999999982,0.0,0.0,0.0,0.0,0.7839999999999964,0.0,0.0,0.0,0.0,0.0,0.0,0.0,0.0,1.36,0.91,0.0,0.0,0.0,1.47,0.0,0.0,0.0,0.0,0.0,0.0,0.0,0.0,0.0,0.0,0.0,0.0,0.0,0.0,0.0,0.95,0.0,0.0,0.0,0.0,0.0,0.0,0.0,0.0,0.0,0.0,0.0,0.338,0.508,0.169,0.14209999999999945,9.018899999999988,140.0,170.0
1,0.0,0.0,0.0,0.0,0.0,0.0,0.0,0.0,0.0,0.84,0.0,0.84,0.0,0.0,0.0,0.0,0.0,0.0,2.54,0.0,1.69,0.0,0.0,0.0,0.0,0.0,0.0,0.0,0.0,0.0,0.0,0.0,0.0,0.0,0.0,0.0,0.0,0.0,0.0,0.0,0.0,0.0,0.0,0.0,0.0,1.166999999999998,0.0,0.0,0.134,0.0,0.0,0.0,1.285,5.0,27.0
2,0.0,0.0,0.0,0.0,0.4,0.4,0.4,0.4,0.0,0.0,0.38,0.0,0.0,0.0,0.0,0.4,0.0,0.0,3.6,0.0,2.0,0.0,0.0,0.4,0.0,0.0,0.0,0.0,0.0,0.0,0.0,0.0,0.0,0.0,0.0,0.0,0.0,0.0,0.0,0.0,0.0,0.0,0.0,0.0,0.0,0.0,0.0,0.0,0.0,0.124,0.0,0.0,1.94,12.0,97.0
2,0.0,0.0,0.53,0.0,0.53,0.0,0.53,0.0,0.0,0.53,0.0,0.0,0.0,0.0,0.0,0.0,0.53,0.0,4.76,0.0,3.14,0.0,0.0,0.0,0.0,0.0,0.0,0.0,0.0,0.0,0.0,0.0,0.0,0.0,0.0,0.0,0.0,0.0,0.0,0.0,0.0,0.0,0.0,0.0,0.0,0.0,0.0,0.0,0.09,0.361,0.0,0.0,2.437,19.0,78.0
2,0.4,0.26,0.93,0.0,0.0,0.64,0.0,0.6,0.67,1.2,0.0,0.8,0.4,0.0,0.16,0.0,0.26,1.19,2.4,0.35,1.06,0.0,0.73,0.5769999999999982,0.0,0.0,0.0,0.0,0.0,0.0,0.0,0.0,0.0,0.0,0.13,0.0,0.0,0.0,0.0,0.0,0.0,0.0,0.0,0.0,0.0,0.0,0.0,0.0,0.0,0.593,0.217,0.039,9.018899999999988,156.39999999999964,1112.0
2,0.0,0.34,0.0,0.0,0.68,0.0,0.68,0.0,0.0,0.34,0.34,0.0,0.0,0.0,0.0,0.34,0.0,1.19,3.42,0.0,2.73,0.0,0.0,0.0,0.34,0.34,0.0,0.0,0.0,0.0,0.0,0.0,0.34,0.0,0.0,0.0,0.0,0.0,0.0,0.0,0.0,0.0,0.0,0.0,0.0,0.0,0.0,0.0,0.0,0.048,0.048,0.0,1.411,15.0,96.0
1,0.08,0.17,0.17,0.0,0.8,0.08,0.0,0.26,0.0,0.0,0.0,2.22,0.17,0.0,0.0,0.08,0.0,0.0,0.0,0.0,0.0,0.0,0.0,0.0,2.68,0.0,0.0,0.0,0.0,0.0,0.0,0.0,0.0,0.0,0.0,0.35,0.08,0.0,0.0,0.0,0.0,0.08,0.08,0.0,0.0,0.0,0.0,0.023,0.046,0.0,0.023,0.0,2.658,57.0,436.0
1,0.0,0.0,0.0,0.0,0.74,0.0,0.0,0.0,0.0,1.32,0.0,0.0,0.0,0.0,0.0,0.0,0.0,0.0,1.49,0.0,0.74,0.0,0.0,0.0,2.98,1.7939999999999965,1.49,0.85,0.51,0.7139999999999963,0.32,0.0,0.0,0.07,0.66,0.63,0.74,0.0,0.0,0.39,0.0,0.0,0.31,0.0,0.74,0.0,0.0,0.0,0.537,0.0,0.0,0.0,2.607,12.0,133.0
1,0.0,0.0,0.0,0.0,0.0,0.0,0.0,0.0,0.0,0.0,0.0,0.0,0.0,0.0,0.0,0.0,0.0,0.0,0.0,0.0,0.0,0.0,0.0,0.0,0.0,0.0,0.0,0.0,0.0,0.0,0.0,0.0,0.0,0.0,0.0,0.0,0.0,0.0,0.0,0.0,0.0,0.0,0.0,0.0,0.0,0.0,0.0,0.0,0.0,1.1457999999999993,0.0,0.0,3.0,5.0,15.0
1,0.46,0.0,0.0,0.0,0.0,0.0,0.0,0.0,0.0,0.0,0.0,1.85,0.0,0.0,0.0,0.0,0.0,0.0,0.92,0.0,0.46,0.0,0.0,0.0,0.92,0.0,0.0,0.0,0.0,0.0,0.0,0.0,0.0,0.0,0.46,0.0,0.92,0.0,0.0,0.0,0.0,0.0,0.0,0.0,0.0,0.0,0.0,0.0,0.125,0.0,0.0,0.0,1.51,10.0,74.0
2,0.6569999999999983,0.38,0.77,0.0,0.0,0.57,0.0,0.57,0.67,1.15,0.0,0.38,0.38,0.0,0.16,0.19,0.19,1.19,2.12,0.35,1.15,0.0,0.73,0.5769999999999982,0.0,0.0,0.0,0.0,0.0,0.0,0.0,0.0,0.0,0.0,0.19,0.0,0.0,0.0,0.0,0.0,0.0,0.0,0.0,0.0,0.0,0.0,0.0,0.027,0.027,0.438,0.191,0.054,9.018899999999988,156.39999999999964,921.0
2,0.59,0.44,0.29,0.0,0.14,0.03,0.03,0.14,0.56,0.67,0.29,0.67,0.59,0.17,0.03,0.22,0.44,0.07,3.43,0.0,1.53,0.0,0.59,0.5769999999999982,0.0,0.0,0.0,0.0,0.0,0.0,0.0,0.0,0.0,0.0,0.03,0.0,0.0,0.0,0.0,0.0,0.0,0.0,0.0,0.0,0.07,0.0,0.0,0.0,0.075,0.613,0.38239999999999963,0.137,7.3,156.39999999999964,1179.3999999999996
2,0.0,0.0,0.0,0.0,0.96,0.0,0.7839999999999964,0.0,0.0,0.0,0.0,0.0,0.0,0.0,0.0,0.96,0.0,0.0,0.0,0.0,1.92,0.0,0.0,0.0,0.0,0.0,0.0,0.0,0.0,0.0,0.0,0.0,0.0,0.0,0.0,0.0,0.0,0.0,0.0,0.0,0.0,0.0,0.0,0.2869999999999982,0.0,0.0,0.0,0.0,0.0,0.824,0.0,0.0,3.025,67.0,118.0
2,0.29,0.29,0.0,0.0,0.29,0.0,0.0,0.6,0.0,0.0,0.0,0.29,0.0,0.0,0.0,0.58,0.91,0.29,2.04,0.35,1.46,0.0,0.0,0.0,0.0,0.0,0.0,0.0,0.0,0.0,0.0,0.0,0.0,0.0,0.0,0.0,0.0,0.0,0.0,0.0,0.0,0.0,0.0,0.0,0.0,0.0,0.0,0.0,0.0,0.42,0.046,0.046,2.228,34.0,234.0
1,0.0,0.0,0.0,0.0,0.0,0.0,0.0,0.0,0.0,1.23,0.0,2.22,0.0,0.0,0.0,0.0,0.0,0.0,0.0,0.0,0.0,0.0,0.0,0.0,0.0,0.0,0.0,0.0,0.0,0.0,0.0,0.0,0.0,0.0,0.0,0.0,0.95,0.0,0.0,0.0,0.0,0.0,0.0,0.0,0.0,0.0,0.0,0.0,0.537,0.0,0.0,0.0,2.142,8.0,60.0
1,0.0,0.0,0.36,0.0,0.36,0.0,0.0,0.0,0.0,0.0,0.0,0.36,0.0,0.0,0.0,0.0,0.0,0.0,0.0,0.0,0.0,0.0,0.0,0.0,3.183999999999996,1.7939999999999965,0.0,0.0,0.0,0.0,0.0,0.0,0.0,0.0,0.0,0.0,0.95,0.0,0.0,0.0,0.0,0.0,0.0,0.0,0.0,0.0,0.0,0.17069999999999982,0.537,0.0,0.0,0.0,3.722,20.0,268.0
1,0.0,0.0,0.0,0.0,0.0,0.0,0.0,0.0,0.0,0.0,0.0,0.52,0.0,0.0,0.0,0.0,0.0,0.0,1.05,0.0,1.05,0.0,0.0,0.0,0.52,1.7939999999999965,1.58,0.85,0.0,0.52,0.0,0.0,0.0,0.0,0.52,0.0,0.0,0.0,0.0,0.0,0.0,0.0,0.0,0.0,0.52,0.0,0.0,0.0,0.164,0.0,0.0,0.0,2.173,11.0,113.0
1,0.0,0.0,0.0,0.0,0.0,0.0,0.0,0.0,0.0,0.0,0.0,0.0,0.0,0.0,0.0,0.0,0.0,0.0,0.0,0.0,0.0,0.0,0.0,0.0,0.0,0.0,0.0,0.0,0.0,0.0,0.0,0.0,0.0,0.0,0.0,0.0,0.0,0.0,0.0,0.0,0.0,0.0,0.0,0.0,1.44,0.0,0.0,0.0,0.0,0.0,0.0,0.0,5.333,18.0,32.0
1,0.0,0.0,0.0,0.0,0.0,0.0,0.0,0.0,0.0,0.0,0.0,0.0,0.0,0.0,0.0,0.0,0.0,0.0,0.0,0.0,0.0,0.0,0.0,0.0,0.0,0.0,0.0,0.0,0.0,0.0,0.32,0.0,0.4669999999999982,0.0,0.0,0.0,0.0,0.0,0.53,0.0,0.0,0.0,0.0,0.2869999999999982,0.0,0.0,0.0,0.0,0.0,0.0,0.0,0.14209999999999945,3.041,14.0,219.0
1,0.0,0.0,0.36,0.0,0.09,0.0,0.0,0.0,0.0,0.0,0.0,0.0,0.09,0.0,0.0,0.0,0.0,0.18,4.24,0.0,1.35,0.0,0.0,0.0,0.0,0.0,0.0,0.0,0.0,0.0,0.0,0.0,0.0,0.0,0.0,0.0,0.0,0.0,0.0,0.0,0.0,0.0,0.0,0.0,0.09,0.99,0.0,0.072,0.116,0.188,0.0,0.0,1.302,9.0,297.0
1,0.0,0.0,0.0,0.0,0.0,0.0,0.0,0.0,0.0,0.31,0.0,0.31,0.0,0.0,0.0,0.0,0.0,0.0,0.95,0.0,0.95,0.0,0.0,0.0,1.27,0.63,1.91,0.63,0.51,0.63,0.32,0.0,0.0,0.07,0.63,0.63,0.95,0.0,0.53,0.39,0.0,0.0,0.31,0.0,0.63,1.166999999999998,0.0,0.05,0.304,0.0,0.0,0.0,2.186,15.0,164.0
1,0.0,0.0,0.0,0.0,1.4,0.0,0.0,0.0,0.0,0.0,0.0,2.22,0.0,0.0,0.0,0.0,0.0,0.0,0.0,0.0,0.0,0.0,0.0,0.0,0.0,0.0,0.0,0.0,0.0,0.0,0.0,0.0,0.0,0.0,0.0,0.0,0.0,0.0,0.0,0.0,0.0,0.0,0.0,0.0,0.0,0.0,0.0,0.0,0.0,0.239,0.0,0.0,1.923,7.0,50.0
1,0.0,0.38,0.38,0.0,0.0,0.38,0.0,0.0,0.0,0.38,0.0,0.77,0.0,0.0,0.0,0.0,0.0,0.0,3.5,0.0,1.16,0.0,0.0,0.0,0.0,0.0,0.0,0.0,0.38,0.0,0.0,0.0,0.0,0.0,0.0,0.0,0.0,0.0,0.0,0.0,0.0,0.0,0.0,0.0,0.0,0.0,0.0,0.0,0.131,0.0,0.0,0.0,1.843,11.0,118.0
2,0.0,0.0,0.0,0.0,0.0,0.0,0.0,0.0,0.0,0.0,0.0,0.0,0.0,0.0,0.0,0.81,0.0,0.0,4.09,0.0,0.0,0.0,0.0,0.0,0.0,0.0,0.0,0.0,0.0,0.0,0.0,0.0,0.0,0.0,0.0,0.0,0.0,0.0,0.0,0.0,0.0,0.0,0.0,0.0,0.0,0.0,0.0,0.0,0.176,0.706,0.0,0.0,8.411,55.0,143.0
1,0.0,0.0,0.0,0.0,0.0,0.0,0.0,0.0,0.0,0.0,0.0,0.0,0.0,0.0,0.0,0.0,0.0,0.0,0.0,0.0,0.0,0.0,0.0,0.0,0.31,0.0,0.0,0.62,0.0,0.31,0.0,0.0,0.0,0.0,0.31,0.63,0.0,0.0,0.0,0.0,0.0,0.0,0.0,0.2869999999999982,0.0,0.0,0.0,0.0,0.0,0.0,0.0,0.0,2.607,11.0,219.0
2,0.0,0.0,0.76,0.0,0.76,0.0,0.76,0.51,0.0,1.02,0.0,0.25,0.65,0.0,0.16,0.0,0.25,1.19,1.53,0.0,1.79,0.0,0.73,0.0,0.0,0.0,0.0,0.0,0.0,0.0,0.0,0.0,0.0,0.0,0.0,0.0,0.0,0.0,0.0,0.39,0.0,0.0,0.0,0.0,0.0,0.0,0.0,0.0,0.083,0.458,0.38239999999999963,0.0,2.455,19.0,248.0
1,0.22,0.0,0.22,0.0,0.45,0.0,0.0,0.0,0.22,0.0,0.0,0.0,0.0,0.17,0.0,0.0,0.22,0.0,0.0,0.0,0.67,0.0,0.0,0.0,0.67,0.0,0.0,0.0,0.0,0.0,0.0,0.0,0.0,0.0,0.0,0.0,0.45,0.0,0.0,0.0,0.0,0.61,0.0,0.0,0.22,0.0,0.0,0.0,0.042,0.063,0.0,0.14209999999999945,3.133,121.0,749.0
2,0.0,0.0,0.2,0.0,0.81,0.64,0.0,0.0,0.0,0.0,0.2,1.21,0.0,0.0,0.0,0.0,0.0,0.2,1.21,0.0,0.0,0.0,0.6,0.4,0.0,0.0,0.0,0.0,0.0,0.0,0.0,0.0,0.0,0.0,0.0,0.63,0.2,0.0,0.0,0.0,0.0,0.0,0.0,0.0,0.0,0.0,0.0,0.0,0.152,0.121,0.121,0.0,2.61,10.0,261.0
1,0.0,0.0,0.0,0.0,0.0,0.0,0.0,0.0,0.0,0.0,0.0,0.46,0.46,0.0,0.0,0.0,0.0,0.0,1.38,0.0,0.46,0.0,0.0,0.0,0.46,0.0,0.0,0.0,0.0,0.0,0.0,0.0,0.0,0.0,0.0,0.0,0.92,0.0,0.53,0.0,0.0,0.46,0.31,0.0,1.38,0.92,0.0,0.149,0.074,0.0,0.0,0.0,1.76,12.0,132.0
2,0.1,0.1,0.71,0.0,0.51,0.2,0.2,0.1,0.67,0.82,0.1,0.51,0.0,0.0,0.0,0.1,0.0,1.02,2.15,0.35,1.84,0.0,0.0,0.3,0.0,0.0,0.0,0.0,0.0,0.0,0.0,0.0,0.0,0.0,0.1,0.0,0.0,0.0,0.1,0.0,0.0,0.0,0.0,0.0,0.0,0.0,0.0,0.0,0.0,0.974,0.38239999999999963,0.033,3.163,56.0,1028.0
1,0.6569999999999983,0.0,1.02,0.0,0.0,0.0,0.0,0.0,0.0,0.0,0.0,0.0,0.0,0.0,0.0,0.0,0.0,0.0,1.36,0.0,0.0,0.0,0.0,0.0,0.34,0.34,0.68,0.34,0.0,0.34,0.0,0.0,0.0,0.0,0.34,0.0,0.0,0.0,0.34,0.0,0.0,0.0,0.0,0.0,1.02,0.34,0.0,0.0,0.172,0.387,0.0,0.0,1.5,15.0,84.0
2,0.64,0.0,0.25,0.0,0.0,0.38,0.0,0.0,0.0,0.25,0.38,0.25,0.65,0.0,0.0,0.77,0.9,0.12,1.93,0.0,0.51,0.0,0.12,0.5769999999999982,0.0,0.0,0.0,0.0,0.0,0.0,0.0,0.0,0.0,0.07,0.0,0.0,0.0,0.0,0.0,0.12,0.0,0.0,0.0,0.0,0.12,0.0,0.0,0.0,0.161,1.082,0.299,0.092,5.274,146.0,981.0
1,0.0,0.0,0.0,0.0,0.0,0.0,0.0,0.0,0.0,0.0,0.0,0.0,0.0,0.0,0.0,0.0,0.0,0.0,4.76,0.0,3.14,0.0,0.0,0.0,0.0,0.0,0.0,0.0,0.0,0.0,0.0,0.0,0.0,0.0,0.0,0.0,0.0,0.0,0.0,0.0,0.0,0.0,0.0,0.0,1.44,0.0,0.0,0.0,0.0,0.0,0.0,0.0,1.0,1.0,9.0
2,0.0,0.0,1.29,0.0,0.0,0.0,0.0,0.0,0.0,0.0,0.0,0.0,0.0,0.0,0.0,0.0,0.0,1.19,1.92,0.0,1.92,0.0,0.0,0.0,0.0,0.0,0.0,0.0,0.0,0.0,0.0,0.0,0.0,0.0,0.0,0.0,0.0,0.0,0.0,0.0,0.0,0.0,0.0,0.0,0.0,0.0,0.0,0.0,0.0,0.0,0.0,0.0,1.416,6.0,17.0
1,0.6569999999999983,0.0,0.0,0.0,1.05,0.0,0.0,0.0,0.0,0.0,0.0,2.1,0.0,0.0,0.0,0.0,0.0,0.0,4.21,0.0,2.1,0.0,0.0,0.0,1.05,1.05,0.0,0.0,0.0,0.0,0.0,0.0,0.0,0.0,0.0,0.0,0.0,0.0,0.0,0.0,0.0,0.61,0.0,0.0,0.0,0.0,0.0,0.0,0.171,0.0,0.0,0.0,2.541,12.0,61.0
2,0.0,0.0,0.98,0.0,0.0,0.0,0.49,0.0,0.0,0.98,0.0,0.98,0.0,0.0,0.0,1.36,0.0,0.0,1.47,0.0,0.0,0.0,0.0,0.0,0.0,0.0,0.0,0.0,0.0,0.0,0.0,0.0,0.0,0.0,0.0,0.0,0.0,0.0,0.0,0.0,0.0,0.0,0.0,0.0,0.49,0.0,0.0,0.156,0.0,0.862,0.0,0.0,9.018899999999988,156.39999999999964,571.0
2,0.0,0.57,0.0,0.0,0.0,0.0,0.0,0.0,0.0,0.0,0.38,0.57,0.65,0.0,0.0,0.0,0.0,1.19,3.46,0.0,1.15,0.0,0.0,0.0,0.0,0.0,0.0,0.0,0.0,0.0,0.0,0.0,0.0,0.0,0.0,0.0,0.0,0.0,0.0,0.0,0.0,0.0,0.0,0.0,0.0,0.0,0.0,0.0,0.0,0.107,0.0,0.0,1.421,7.0,54.0
2,0.28,0.28,0.28,0.0,0.57,0.28,0.28,0.0,0.0,0.0,0.0,0.86,0.28,0.0,0.0,0.0,0.57,0.28,2.88,0.0,2.01,0.0,0.73,0.0,0.0,0.0,0.0,0.0,0.0,0.0,0.0,0.0,0.0,0.0,0.0,0.0,0.0,0.0,0.0,0.0,0.0,0.0,0.0,0.0,0.0,0.0,0.0,0.0,0.131,0.218,0.218,0.0,3.694,40.0,218.0
2,0.0,0.0,0.0,0.0,0.0,0.0,0.0,0.0,0.0,0.0,0.0,0.0,0.0,0.17,0.0,0.0,0.0,0.0,1.56,0.35,1.56,0.0,0.0,0.0,0.0,0.0,0.0,0.0,0.0,0.0,0.0,0.0,0.0,0.0,0.0,0.0,0.0,0.0,0.0,0.0,0.0,0.0,0.0,0.0,0.0,0.0,0.0,0.0,0.0,0.754,0.188,0.0,5.551,119.0,161.0
1,0.22,0.0,0.22,0.0,0.45,0.0,0.0,0.0,0.0,0.0,0.0,0.0,0.65,0.0,0.0,0.22,0.0,0.0,0.68,0.22,0.0,0.0,0.0,0.0,0.0,0.0,0.0,0.0,0.0,0.0,0.0,0.0,0.0,0.0,0.0,0.0,0.22,0.0,0.0,0.0,0.0,0.0,0.22,0.2869999999999982,0.22,0.91,0.0,0.0,0.267,0.0,0.0,0.0,1.649,13.0,94.0
1,0.0,0.0,0.0,0.0,0.0,0.0,0.0,0.0,0.0,0.0,0.0,1.24,0.0,0.0,0.0,0.0,0.0,0.0,0.0,0.0,0.0,0.0,0.0,0.0,0.0,0.0,0.0,0.0,0.0,0.0,0.0,0.0,0.4669999999999982,0.0,0.0,0.0,0.0,0.0,0.0,0.0,0.0,0.0,0.0,0.0,0.0,0.0,0.0,0.0,0.0,0.0,0.0,0.0,1.6,7.0,64.0
2,0.0,0.0,0.0,0.0,0.27,0.0,0.0,0.0,0.0,0.83,0.0,0.0,0.0,0.0,0.0,0.0,0.0,0.0,0.27,0.0,0.27,0.0,0.0,0.0,0.0,0.0,0.0,0.0,0.0,0.0,0.0,0.0,0.0,0.0,0.0,0.0,0.0,0.0,0.0,0.0,0.0,0.0,0.0,0.0,0.0,0.0,0.0,0.0,0.0,0.0,0.185,0.14209999999999945,7.313,99.0,607.0
2,0.62,0.0,0.62,0.0,1.25,0.0,0.62,0.0,0.0,0.0,0.0,0.62,0.0,0.0,0.0,0.62,0.62,0.0,1.25,0.0,2.51,0.0,0.62,0.0,0.0,0.0,0.0,0.0,0.0,0.0,0.0,0.0,0.0,0.0,0.0,0.0,0.0,0.0,0.0,0.0,0.0,0.0,0.0,0.0,0.0,0.0,0.0,0.0,0.0,0.456,0.273,0.0,2.52,22.0,121.0
1,0.0,0.0,0.0,0.0,0.0,0.0,0.0,0.0,0.0,0.0,0.0,0.0,0.0,0.0,0.0,0.0,0.0,0.0,0.0,0.0,0.0,0.0,0.0,0.0,2.22,0.0,0.0,0.85,0.51,0.0,0.0,0.0,0.0,0.0,0.66,0.0,0.0,0.0,0.0,0.0,0.0,0.61,0.0,0.0,0.0,0.0,0.0,0.0,0.0,0.0,0.0,0.0,3.578,20.0,68.0
1,0.0,0.0,0.0,0.0,0.0,0.0,0.0,0.0,0.14,0.0,0.0,0.43,0.0,0.0,0.0,0.0,0.14,0.0,0.0,0.0,0.14,0.0,0.0,0.0,0.14,0.57,0.0,0.0,0.0,0.0,0.0,0.0,0.14,0.0,0.0,0.43,0.0,0.0,0.0,0.0,0.0,0.0,0.0,0.0,0.0,0.0,0.0,0.058,0.156,0.0,0.0,0.0,1.566,13.0,462.0
2,0.0,0.6169999999999982,1.29,0.0,0.0,0.36,0.0,0.36,0.67,1.08,0.36,0.72,0.0,0.17,0.0,0.36,0.36,0.36,1.08,0.0,2.53,0.0,0.0,0.0,0.0,0.0,0.0,0.0,0.0,0.0,0.0,0.0,0.0,0.0,0.0,0.0,0.95,0.0,0.0,0.0,0.0,0.0,0.0,0.0,0.36,0.0,0.0,0.0,0.334,1.1457999999999993,0.38239999999999963,0.066,9.018899999999988,156.39999999999964,736.0
2,0.06,0.0,0.24,0.0,0.1,0.0,0.0,0.17,0.17,0.17,0.0,0.1,0.03,0.0,0.0,0.03,0.0,0.0,0.45,0.0,0.2,0.0,0.03,0.0,1.18,1.22,0.0,0.0,0.0,0.0,0.0,0.0,0.0,0.0,0.0,0.0,0.95,0.0,0.0,0.0,0.0,0.0,0.06,0.0,0.45,0.0,0.0,0.17069999999999982,0.305,0.029,0.011,0.023,2.813,26.0,1179.3999999999996
1,0.0,0.16,0.32,0.0,0.16,0.0,0.0,0.16,0.16,0.0,0.0,0.0,0.0,0.0,0.16,0.0,0.0,0.0,0.0,0.0,0.0,0.0,0.0,0.0,0.96,0.48,0.16,0.0,0.0,0.0,0.0,0.0,0.0,0.0,0.66,0.0,0.16,0.0,0.0,0.0,0.0,0.61,0.0,0.0,0.32,0.16,0.0,0.0,0.124,0.0,0.0,0.11,4.771,63.0,1064.0
1,0.0,0.6169999999999982,0.0,0.0,0.0,0.0,0.0,0.0,0.0,1.08,0.0,2.22,0.0,0.0,0.0,0.0,0.0,0.0,4.76,0.0,0.0,0.0,0.0,0.0,0.0,0.0,0.0,0.0,0.0,0.0,0.0,0.0,0.0,0.0,0.0,0.0,0.0,0.0,0.0,0.0,0.0,0.0,0.0,0.0,1.08,0.0,0.0,0.0,0.0,0.169,0.0,0.0,2.052,21.0,39.0
1,0.0,0.0,0.0,0.0,1.11,0.0,0.0,0.55,0.0,1.32,0.0,0.0,0.0,0.0,0.0,0.55,0.0,0.0,1.67,0.0,2.23,0.0,0.0,0.0,0.55,0.55,0.0,0.0,0.0,0.7139999999999963,0.0,0.0,0.0,0.0,0.0,0.0,0.55,0.0,0.0,0.0,0.0,0.0,0.0,0.0,0.0,0.0,0.0,0.0,0.0,0.085,0.0,0.0,1.142,5.0,48.0
1,0.0,0.0,0.0,0.0,0.14,0.0,0.0,0.0,0.0,0.0,0.0,1.75,0.0,0.0,0.0,0.0,0.0,0.0,0.29,0.0,0.0,0.0,0.0,0.0,0.14,0.0,0.0,0.29,0.0,0.14,0.0,0.0,0.14,0.0,0.14,0.0,0.14,0.0,0.0,0.0,0.0,0.0,0.0,0.2869999999999982,0.0,0.14,0.0,0.0,0.064,0.021,0.0,0.0,1.715,11.0,187.0
1,0.0,0.0,0.0,0.0,0.0,0.0,0.0,0.0,0.0,0.0,0.0,0.0,0.0,0.0,0.0,0.0,0.0,0.0,0.0,0.0,0.76,0.0,0.0,0.0,1.53,0.76,1.916999999999998,0.76,0.51,0.7139999999999963,0.32,0.0,0.0,0.07,0.66,0.63,0.76,0.0,0.53,0.39,0.0,0.0,0.31,0.0,0.76,0.0,0.0,0.0,0.339,0.339,0.0,0.0,1.813,12.0,78.0
1,0.02,0.0,0.15,0.0,0.24,0.31,0.0,0.04,0.22,0.0,0.02,0.08,0.0,0.0,0.02,0.0,0.0,0.02,0.08,0.0,0.06,0.0,0.0,0.0,0.44,0.47,0.02,0.0,0.0,0.0,0.0,0.0,0.11,0.0,0.0,0.0,0.0,0.0,0.0,0.0,0.0,0.02,0.0,0.0,0.0,0.0,0.0,0.17069999999999982,0.15,0.0,0.006,0.0,2.838,52.0,1179.3999999999996
1,0.0,0.0,0.0,0.0,0.0,0.0,0.0,0.0,0.0,0.0,0.0,0.0,0.0,0.0,0.0,0.0,0.0,0.0,0.0,0.0,0.0,0.0,0.0,0.0,0.0,0.0,0.0,0.0,0.0,0.0,0.0,0.0,0.0,0.0,0.0,0.0,0.0,0.0,0.0,0.0,0.0,0.0,0.0,0.0,0.0,0.0,0.0,0.0,0.0,0.0,0.0,0.0,1.25,2.0,9.0
2,0.0,0.0,0.0,0.0,0.0,0.0,0.0,0.0,0.0,0.0,0.0,0.0,0.0,0.0,0.0,1.36,0.0,0.0,0.0,0.0,0.0,0.0,0.0,0.0,0.0,0.0,0.0,0.0,0.0,0.0,0.0,0.0,0.0,0.0,0.0,0.0,0.0,0.0,0.0,0.0,0.0,0.0,0.0,0.0,0.0,0.0,0.0,0.0,0.462,0.462,0.0,0.0,3.125,6.0,25.0
2,0.6569999999999983,0.0,0.0,0.0,0.0,0.0,0.0,0.0,0.0,0.62,0.0,1.24,0.0,0.0,0.0,0.62,0.0,0.0,1.86,0.0,3.1,0.0,0.0,0.0,0.0,0.0,0.0,0.0,0.0,0.0,0.0,0.0,0.0,0.0,0.0,0.0,0.0,0.0,0.0,0.0,0.0,0.0,0.0,0.0,1.24,0.0,0.0,0.0,0.1,1.105,0.201,0.0,9.018899999999988,155.0,271.0
2,0.0,0.0,0.0,0.0,1.51,0.0,0.7839999999999964,0.0,0.0,0.0,0.0,0.0,0.0,0.0,0.0,0.0,0.76,0.76,0.76,0.0,2.29,0.0,0.0,0.0,0.0,0.0,0.0,0.0,0.0,0.0,0.0,0.0,0.0,0.0,0.0,0.0,0.0,0.0,0.0,0.0,0.0,0.0,0.0,0.0,0.0,0.0,0.0,0.0,0.0,0.0,0.0,0.0,3.85,19.0,77.0
1,0.31,0.0,0.31,0.0,0.0,0.0,0.0,0.0,0.0,0.0,0.0,0.31,0.31,0.0,0.0,0.0,0.0,0.0,2.84,0.0,0.94,0.0,0.0,0.0,0.0,0.0,0.0,0.0,0.0,0.0,0.0,0.0,0.0,0.0,0.0,0.0,0.0,0.0,0.0,0.0,0.0,0.0,0.0,0.0,0.0,0.0,0.0,0.0,0.059,0.709,0.0,0.0,1.119,4.0,47.0
1,0.0,0.0,0.0,0.0,0.0,0.0,0.0,0.0,0.0,0.0,0.0,0.0,0.0,0.0,0.0,0.0,0.0,0.0,0.0,0.0,3.14,0.0,0.0,0.0,0.0,0.0,0.0,0.0,0.0,0.0,0.0,0.0,0.0,0.0,0.0,0.0,0.0,0.0,0.0,0.0,0.0,0.0,0.0,0.0,0.0,0.0,0.0,0.0,0.0,0.0,0.0,0.0,1.0,1.0,12.0
1,0.0,0.0,0.0,0.0,1.23,0.0,0.0,0.0,0.0,0.0,0.0,0.0,0.0,0.0,0.0,0.0,0.0,0.0,1.23,0.0,0.0,0.0,0.0,0.0,0.0,0.0,1.23,0.0,0.0,0.0,0.0,0.0,0.0,0.0,0.0,0.0,0.0,0.0,0.0,0.0,0.0,0.61,0.0,0.2869999999999982,1.23,0.0,0.0,0.0,0.468,0.0,0.0,0.0,1.058,2.0,18.0
2,0.0,0.0,0.0,0.0,0.39,0.39,0.39,0.39,0.0,0.0,0.38,0.0,0.0,0.0,0.0,0.39,0.0,0.0,3.52,0.0,1.96,0.0,0.0,0.39,0.0,0.0,0.0,0.0,0.0,0.0,0.0,0.0,0.0,0.0,0.0,0.0,0.0,0.0,0.0,0.0,0.0,0.0,0.0,0.0,0.0,0.0,0.0,0.0,0.0,0.124,0.0,0.0,1.94,12.0,97.0
1,0.0,0.6169999999999982,0.0,0.0,0.0,0.0,0.0,0.0,0.0,1.24,0.0,0.0,0.0,0.0,0.0,0.0,0.0,0.0,1.65,0.0,0.0,0.0,0.0,0.0,0.0,0.0,0.0,0.0,0.0,0.0,0.0,0.0,0.0,0.0,0.0,0.0,0.0,0.0,0.0,0.0,0.0,0.0,0.0,0.0,0.0,0.0,0.0,0.17069999999999982,0.0,0.07,0.0,0.14209999999999945,7.416,43.0,356.0
1,0.0,0.0,0.0,0.0,0.0,0.0,0.0,0.0,0.0,0.0,0.0,0.0,0.0,0.0,0.0,0.0,0.0,0.0,0.0,0.0,0.0,0.0,0.0,0.0,3.183999999999996,1.7939999999999965,0.0,0.0,0.0,0.0,0.0,0.0,0.0,0.0,0.0,0.0,0.0,0.0,0.0,0.0,0.0,0.0,0.0,0.2869999999999982,0.0,0.0,0.0,0.0,0.0,0.0,0.0,0.0,1.142,2.0,9.0
1,0.0,0.0,0.0,0.0,0.0,0.0,0.0,0.0,0.0,0.0,0.0,0.0,0.0,0.0,0.0,0.0,0.0,0.0,0.0,0.0,3.14,0.0,0.0,0.0,0.0,0.0,0.0,0.0,0.0,0.0,0.0,0.0,0.0,0.0,0.0,0.0,0.0,0.0,0.0,0.0,0.0,0.0,0.0,0.0,1.44,0.0,0.0,0.0,0.0,0.0,0.0,0.0,1.0,1.0,9.0
1,0.0,0.0,0.1,0.0,0.1,0.1,0.2,0.2,0.1,0.0,0.0,0.2,0.1,0.17,0.0,0.0,0.0,0.0,0.0,0.0,0.0,0.0,0.0,0.0,3.0,0.0,0.0,0.0,0.0,0.0,0.0,0.0,0.0,0.0,0.0,0.31,0.0,0.0,0.0,0.0,0.0,0.0,0.0,0.0,0.0,0.0,0.0,0.013,0.097,0.0,0.027,0.0,2.214,22.0,423.0
1,0.12,0.0,0.12,0.0,0.0,0.0,0.0,0.0,0.67,0.0,0.0,0.37,0.0,0.0,0.0,0.0,0.0,0.0,0.49,0.0,0.24,0.0,0.0,0.0,0.61,0.74,0.12,0.0,0.0,0.0,0.0,0.0,0.4669999999999982,0.0,0.0,0.0,0.0,0.0,0.0,0.0,0.0,0.0,0.0,0.0,0.0,0.0,0.0,0.119,0.17,0.0,0.034,0.0,3.237,32.0,505.0
2,0.0,0.55,1.11,0.0,0.55,0.55,0.0,0.0,0.0,0.0,0.38,0.0,0.0,0.0,0.16,1.11,0.0,0.0,1.67,0.0,1.67,0.0,0.55,0.0,0.0,0.0,0.0,0.0,0.0,0.0,0.0,0.0,0.0,0.0,0.0,0.0,0.0,0.0,0.0,0.0,0.0,0.0,0.0,0.0,0.0,0.0,0.0,0.0,0.0,0.086,0.086,0.14209999999999945,4.166,18.0,125.0
2,0.34,0.42,0.25,0.0,0.08,0.42,0.08,0.25,0.08,1.32,0.34,0.51,0.65,0.0,0.16,0.08,0.0,0.0,3.0,0.0,0.94,0.0,0.34,0.34,0.0,0.0,0.0,0.0,0.0,0.0,0.0,0.0,0.0,0.0,0.0,0.0,0.0,0.0,0.0,0.0,0.0,0.0,0.0,0.0,0.17,0.0,0.0,0.0,0.065,0.261,0.294,0.065,3.282,62.0,535.0
1,0.51,0.0,0.51,0.0,1.51,0.0,0.0,0.0,0.0,0.51,0.0,0.51,0.0,0.0,0.0,0.0,0.0,0.0,1.02,0.0,0.0,0.0,0.51,0.0,0.0,0.0,0.0,0.0,0.0,0.0,0.0,0.0,0.0,0.0,0.0,0.0,0.0,0.0,0.0,0.0,0.0,0.0,0.0,0.0,0.0,0.51,0.0,0.0,0.079,0.0,0.0,0.0,1.442,8.0,75.0
2,0.0,0.0,0.0,0.0,0.0,0.0,0.0,0.0,0.0,0.0,0.0,0.0,0.0,0.0,0.0,0.0,0.0,0.0,0.0,0.0,2.11,0.0,0.7,0.0,0.0,0.0,0.0,0.0,0.0,0.0,0.0,0.0,0.0,0.0,0.0,0.0,0.0,0.0,0.0,0.0,0.0,0.0,0.0,0.0,0.0,0.0,0.0,0.0,0.0,1.1457999999999993,0.37,0.0,9.018899999999988,95.0,461.0
2,0.0,0.0,0.0,0.0,0.0,0.0,0.7839999999999964,0.0,0.0,1.21,0.0,1.21,0.65,0.0,0.0,1.21,0.0,0.0,4.76,0.0,0.0,0.0,0.0,0.0,0.0,0.0,0.0,0.0,0.0,0.0,0.0,0.0,0.0,0.0,0.0,0.0,0.0,0.0,0.0,0.0,0.0,0.0,0.0,0.0,0.0,0.0,0.0,0.0,0.0,0.0,0.0,0.0,1.676,15.0,57.0
2,0.0,0.0,0.0,0.0,0.0,0.0,0.0,0.0,0.0,0.0,0.0,0.0,0.65,0.0,0.0,0.0,0.0,0.0,2.58,0.0,1.72,0.0,0.73,0.0,0.0,0.0,0.0,0.0,0.0,0.0,0.0,0.0,0.0,0.0,0.0,0.0,0.0,0.0,0.0,0.0,0.0,0.0,0.0,0.0,0.0,0.0,0.0,0.142,0.0,1.1457999999999993,0.0,0.0,9.018899999999988,70.0,199.0
2,0.0,0.0,0.54,0.0,0.54,0.0,0.0,0.0,0.0,0.54,0.0,0.0,0.0,0.0,0.0,0.54,0.0,0.0,1.64,0.0,0.54,0.0,0.0,0.0,0.0,0.0,0.0,0.0,0.0,0.0,0.0,0.0,0.0,0.0,0.0,0.0,0.0,0.0,0.0,0.0,0.0,0.0,0.0,0.0,0.54,0.0,0.0,0.0,0.096,1.1457999999999993,0.0,0.0,1.969,16.0,130.0
1,0.0,0.0,0.0,0.0,0.0,0.0,0.0,0.0,0.0,0.0,0.0,0.0,0.0,0.0,0.0,0.0,0.0,0.0,0.0,0.0,0.0,0.0,0.0,0.0,0.0,0.0,0.0,0.0,0.0,0.0,0.0,0.0,0.4669999999999982,0.0,0.0,0.0,0.0,0.0,0.0,0.0,0.0,0.0,0.0,0.0,0.0,0.0,0.0,0.0,0.0,0.0,0.0,0.0,1.714,3.0,12.0
1,0.0,0.0,0.0,0.0,0.0,0.0,0.0,0.0,0.0,0.0,0.0,0.0,0.0,0.0,0.0,0.0,0.0,0.0,1.92,0.0,0.0,0.0,0.0,0.0,0.0,0.0,0.0,0.0,0.0,0.0,0.0,0.0,0.0,0.0,0.66,0.0,0.0,0.0,0.0,0.0,0.0,0.61,0.0,0.0,0.0,0.0,0.0,0.0,0.0,0.26,0.0,0.0,2.2,10.0,44.0
1,0.0,0.0,1.04,0.0,0.0,0.0,0.0,0.0,0.0,1.04,0.0,0.0,0.0,0.0,0.0,0.0,0.0,0.0,4.76,0.0,0.0,0.0,0.0,0.0,1.04,0.0,0.0,0.0,0.0,0.0,0.0,0.0,0.0,0.0,0.0,0.0,0.0,0.0,0.0,0.0,0.0,0.0,0.0,0.0,1.44,0.0,0.0,0.0,0.211,0.422,0.0,0.0,1.16,4.0,29.0
2,0.0,0.0,0.0,0.0,0.0,0.0,0.0,0.0,0.0,0.0,0.0,0.0,0.0,0.0,0.0,0.0,0.0,0.0,0.0,0.0,0.0,0.0,0.0,0.0,0.0,0.0,0.0,0.0,0.0,0.0,0.0,0.0,0.0,0.0,0.0,0.0,0.0,0.0,0.0,0.0,0.0,0.0,0.0,0.0,0.0,0.0,0.0,0.0,0.0,0.0,0.0,0.0,3.0,16.0,33.0
1,0.0,0.6169999999999982,0.0,0.0,0.0,0.0,0.0,0.0,0.0,1.32,0.0,0.0,0.0,0.0,0.0,0.0,0.0,0.0,0.0,0.0,0.0,0.0,0.0,0.0,0.0,0.0,0.0,0.0,0.0,0.0,0.0,0.0,0.0,0.0,0.0,0.0,0.0,0.0,0.0,0.0,0.0,0.0,0.0,0.0,1.44,0.0,0.0,0.0,0.0,0.0,0.0,0.0,1.0,1.0,10.0
1,0.0,0.0,0.0,0.0,0.0,0.0,0.0,0.0,0.27,0.0,0.0,0.82,0.27,0.0,0.0,0.0,0.91,0.0,1.36,0.0,0.54,0.0,0.0,0.0,0.27,0.0,0.0,0.0,0.0,0.0,0.0,0.0,0.0,0.0,0.0,0.54,0.27,0.0,0.0,0.0,0.0,0.0,0.0,0.0,0.0,0.0,0.0,0.0,0.09,0.045,0.0,0.0,1.465,8.0,85.0
2,0.1,0.1,0.71,0.0,0.61,0.3,0.4,0.1,0.67,0.81,0.1,0.5,0.0,0.0,0.0,0.1,0.0,1.01,2.34,0.35,2.03,0.0,0.0,0.3,0.0,0.0,0.0,0.0,0.0,0.0,0.0,0.0,0.0,0.0,0.1,0.0,0.0,0.0,0.1,0.0,0.0,0.0,0.0,0.0,0.0,0.0,0.0,0.0,0.0,0.928,0.38239999999999963,0.032,3.179,56.0,1043.0
2,0.0,0.6169999999999982,0.56,0.0,0.0,0.64,0.0,0.18,0.37,0.75,0.0,2.08,0.0,0.0,0.0,0.0,0.37,0.0,2.65,0.0,0.94,0.0,0.0,0.18,0.0,0.0,0.18,0.0,0.0,0.0,0.0,0.0,0.0,0.0,0.0,0.0,0.0,0.0,0.0,0.0,0.0,0.0,0.0,0.0,0.0,0.0,0.0,0.0,0.084,0.31,0.112,0.0,2.548,34.0,237.0
2,0.45,0.6169999999999982,0.9,0.0,0.45,0.0,0.0,0.45,0.0,1.32,0.0,2.22,0.0,0.17,0.0,0.45,0.0,0.0,1.8,0.0,3.14,0.0,0.0,0.0,0.0,0.0,0.0,0.0,0.0,0.0,0.0,0.0,0.0,0.0,0.0,0.0,0.0,0.0,0.0,0.0,0.0,0.0,0.0,0.0,0.0,0.0,0.0,0.0,0.244,1.1457999999999993,0.244,0.081,9.018899999999988,156.39999999999964,773.0
1,0.0,0.0,0.0,0.0,0.0,0.0,0.0,0.0,0.0,0.0,0.0,0.89,0.0,0.0,0.0,0.0,0.0,0.0,3.57,0.0,2.67,0.0,0.0,0.0,0.0,0.0,0.0,0.0,0.0,0.0,0.0,0.0,0.0,0.0,0.0,0.0,0.0,0.0,0.0,0.0,0.0,0.0,0.0,0.0,0.0,0.0,0.0,0.0,0.0,0.0,0.0,0.0,2.375,23.0,38.0
1,0.0,0.0,0.0,0.0,0.32,0.32,0.0,0.0,0.0,0.0,0.0,0.32,0.0,0.0,0.0,0.0,0.0,0.0,1.3,0.0,0.98,0.0,0.0,0.0,0.0,0.0,0.0,0.0,0.32,0.0,0.0,0.0,0.0,0.0,0.0,0.0,0.0,0.0,0.0,0.0,0.0,0.0,0.0,0.2869999999999982,0.0,0.0,0.0,0.0,0.257,0.0,0.0,0.0,1.3,7.0,104.0
2,0.15,0.0,0.3,0.0,1.23,0.61,0.0,0.6,0.0,0.15,0.0,0.3,0.0,0.0,0.15,0.3,0.91,1.19,1.85,0.0,1.08,0.0,0.0,0.3,0.0,0.0,0.0,0.0,0.0,0.0,0.0,0.0,0.0,0.0,0.0,0.0,0.0,0.0,0.0,0.39,0.0,0.0,0.0,0.0,0.0,0.0,0.0,0.0,0.128,0.615,0.025,0.0,1.377,13.0,186.0
1,0.42,0.0,0.42,0.0,0.21,0.0,0.0,0.0,0.0,0.0,0.0,0.21,0.0,0.0,0.0,0.0,0.0,0.0,1.91,0.0,0.42,0.0,0.0,0.0,0.0,0.0,0.0,0.0,0.0,0.0,0.0,0.0,0.0,0.0,0.0,0.0,0.0,0.0,0.0,0.0,0.0,0.0,0.0,0.0,0.21,0.0,0.0,0.04,0.04,0.0,0.0,0.0,2.0,3.0,14.0
1,0.0,0.0,0.59,0.0,0.29,0.59,0.59,0.29,0.0,0.29,0.29,0.0,0.0,0.0,0.0,0.0,0.0,0.89,3.58,0.0,1.49,0.0,0.0,0.0,0.0,0.0,0.0,0.0,0.0,0.0,0.0,0.0,0.0,0.0,0.0,0.0,0.0,0.0,0.0,0.0,0.0,0.0,0.0,0.0,0.29,0.29,0.0,0.088,0.0,0.044,0.132,0.0,1.592,15.0,121.0
1,0.0,0.0,0.0,0.0,0.0,0.0,0.0,0.0,0.0,0.0,0.0,2.15,0.0,0.0,0.0,0.0,0.0,0.0,1.07,0.0,0.0,0.0,0.0,0.0,3.183999999999996,1.07,0.0,0.0,0.51,0.0,0.32,0.0,0.0,0.0,0.0,0.0,0.95,0.0,0.0,0.0,0.0,0.61,0.31,0.0,0.0,0.0,0.0,0.0,0.388,0.0,0.0,0.14209999999999945,2.666,13.0,104.0
1,0.0,0.0,1.29,0.0,0.0,0.0,0.0,0.0,0.0,1.29,0.0,1.29,0.0,0.0,0.0,0.0,0.0,0.0,2.59,0.0,0.0,0.0,0.0,0.0,2.59,1.7939999999999965,0.0,0.0,0.0,0.0,0.0,0.0,0.0,0.0,0.0,0.0,0.0,0.0,0.0,0.0,0.0,0.0,0.0,0.0,0.0,0.0,0.0,0.0,0.22,0.0,0.0,0.0,1.35,4.0,27.0
1,0.6569999999999983,0.43,0.0,0.0,0.0,0.0,0.0,0.0,0.0,0.43,0.0,0.87,0.0,0.0,0.0,0.0,0.0,0.0,3.5,0.0,1.31,0.0,0.0,0.0,1.31,0.43,0.0,0.0,0.0,0.0,0.0,0.0,0.0,0.0,0.43,0.0,0.0,0.0,0.0,0.0,0.0,0.0,0.0,0.0,0.0,0.0,0.0,0.0,0.19,0.0,0.0,0.0,2.085,25.0,73.0
2,0.0,0.6169999999999982,0.72,0.0,0.0,0.0,0.0,0.6,0.0,0.0,0.38,0.0,0.0,0.0,0.0,1.36,0.0,0.72,1.45,0.0,0.0,0.0,0.72,0.0,0.0,0.0,0.0,0.0,0.0,0.0,0.0,0.0,0.0,0.0,0.0,0.0,0.0,0.0,0.0,0.0,0.0,0.0,0.0,0.0,0.0,0.0,0.0,0.0,0.123,0.495,0.0,0.0,1.525,8.0,61.0
2,0.0,0.0,0.0,0.0,1.51,0.0,0.7839999999999964,0.6,0.0,1.03,0.0,1.03,0.0,0.0,0.0,1.36,0.0,0.0,2.06,0.0,1.03,0.0,0.0,0.0,0.0,0.0,0.0,0.0,0.0,0.0,0.0,0.0,0.0,0.0,0.0,0.0,0.0,0.0,0.0,0.0,0.0,0.0,0.0,0.0,1.03,0.0,0.0,0.0,0.0,0.0,0.0,0.0,9.018899999999988,65.0,139.0
1,0.0,0.0,0.0,0.0,0.0,0.64,0.0,0.0,0.0,0.0,0.0,0.0,0.0,0.0,0.0,0.0,0.0,0.0,2.02,0.0,1.01,0.0,0.0,0.0,2.02,1.01,1.916999999999998,0.85,0.51,0.7139999999999963,0.32,0.0,0.0,0.07,0.66,0.63,0.0,0.0,0.0,0.39,0.0,0.0,0.0,0.0,1.01,0.0,0.0,0.0,0.476,0.0,0.0,0.0,1.875,11.0,45.0
2,0.0,0.0,0.69,0.0,0.69,0.0,0.69,0.0,0.0,0.0,0.0,0.0,0.65,0.0,0.0,0.0,0.0,0.0,1.38,0.0,2.08,0.0,0.0,0.5769999999999982,0.0,0.0,0.0,0.0,0.0,0.0,0.0,0.0,0.0,0.0,0.0,0.0,0.0,0.0,0.0,0.0,0.0,0.0,0.0,0.0,0.0,0.0,0.0,0.0,0.35,0.701,0.116,0.0,8.781,34.0,281.0
2,0.0,0.0,0.0,0.0,0.0,0.0,0.0,0.0,0.0,0.0,0.0,0.0,0.0,0.0,0.0,0.0,0.0,0.0,1.29,0.0,0.64,0.0,0.0,0.0,0.0,0.0,0.0,0.0,0.0,0.0,0.0,0.0,0.0,0.0,0.0,0.0,0.0,0.0,0.0,0.0,0.0,0.0,0.0,0.0,0.0,0.0,0.0,0.0,0.0,0.0,0.0,0.0,1.103,3.0,32.0
2,0.43,0.43,0.43,0.0,0.14,0.1,0.03,0.07,0.54,1.01,0.28,0.79,0.47,0.17,0.03,0.25,0.39,0.0,3.0,0.0,1.3,0.0,0.39,0.57,0.0,0.0,0.0,0.0,0.0,0.0,0.0,0.0,0.0,0.0,0.0,0.0,0.0,0.0,0.0,0.0,0.0,0.0,0.0,0.0,0.1,0.0,0.0,0.011,0.077,0.458,0.38239999999999963,0.113,6.601,156.39999999999964,1179.3999999999996
2,0.0,0.0,0.52,0.0,1.51,0.0,0.7839999999999964,0.0,0.0,1.05,0.38,1.58,0.0,0.0,0.0,0.52,0.0,0.0,1.05,0.0,0.52,0.0,0.0,0.0,0.52,0.52,0.0,0.0,0.0,0.0,0.0,0.0,0.0,0.0,0.0,0.0,0.0,0.0,0.0,0.0,0.0,0.0,0.0,0.0,0.0,0.0,0.0,0.0,0.25,0.0,0.0,0.0,2.82,23.0,110.0
2,0.0,0.0,0.0,0.0,1.21,0.0,0.7839999999999964,0.6,0.67,1.21,0.38,1.21,0.0,0.0,0.0,0.0,0.91,0.0,2.43,0.35,3.14,0.0,0.0,0.0,0.0,0.0,0.0,0.0,0.0,0.0,0.0,0.0,0.0,0.0,0.0,0.0,0.0,0.0,0.0,0.0,0.0,0.0,0.0,0.0,0.0,0.0,0.0,0.0,0.0,0.555,0.0,0.0,9.018899999999988,156.39999999999964,314.0
1,0.0,0.0,0.0,0.0,0.0,0.0,0.0,0.0,0.0,0.0,0.0,0.0,0.0,0.0,0.0,0.0,0.0,0.0,0.77,0.0,2.32,0.0,0.0,0.0,0.0,0.0,0.0,0.0,0.0,0.0,0.0,0.0,0.0,0.0,0.0,0.0,0.0,0.0,0.0,0.0,0.0,0.61,0.0,0.2869999999999982,0.0,0.0,0.0,0.17069999999999982,0.247,0.0,0.0,0.0,1.611,12.0,29.0
1,0.0,0.0,0.0,0.0,0.0,0.0,0.0,0.0,0.0,0.0,0.0,0.0,0.0,0.0,0.0,0.0,0.0,0.0,4.37,0.0,0.62,0.0,0.0,0.0,0.0,0.0,0.0,0.0,0.0,0.0,0.0,0.0,0.0,0.0,0.0,0.0,0.0,0.0,0.0,0.0,0.0,0.0,0.0,0.0,0.0,0.0,0.0,0.0,0.0,0.0,0.116,0.0,1.419,5.0,44.0
1,0.6569999999999983,0.0,0.0,0.0,0.0,0.0,0.0,0.0,0.0,0.0,0.0,0.0,0.0,0.17,0.0,0.0,0.0,0.0,0.0,0.0,0.0,0.0,0.0,0.0,0.0,0.0,0.0,0.0,0.0,0.0,0.0,0.0,0.0,0.0,0.0,0.0,0.0,0.0,0.0,0.0,0.0,0.0,0.0,0.0,0.0,0.0,0.0,0.0,0.0,0.0,0.0,0.0,1.607,8.0,45.0
1,0.0,0.0,0.0,0.0,0.0,0.0,0.0,0.0,0.0,0.0,0.0,0.0,0.0,0.0,0.0,0.0,0.0,0.0,0.0,0.0,0.0,0.0,0.0,0.0,0.0,0.0,0.0,0.0,0.0,0.0,0.0,0.0,0.0,0.0,0.0,0.0,0.0,0.0,0.0,0.0,0.0,0.0,0.0,0.0,0.0,0.0,0.0,0.0,0.0,0.0,0.0,0.0,2.0,3.0,9.0
1,0.0,0.0,0.29,0.0,0.29,0.0,0.0,0.0,0.0,0.0,0.0,2.05,0.0,0.0,0.0,0.0,0.0,0.0,0.0,0.0,0.0,0.0,0.0,0.0,0.0,0.0,0.0,0.0,0.0,0.0,0.0,0.0,0.0,0.0,0.0,0.0,0.58,0.0,0.0,0.0,0.0,0.0,0.0,0.0,0.0,0.0,0.0,0.0,0.187,0.0,0.0,0.0,1.484,11.0,147.0
1,0.0,0.0,0.0,0.0,1.51,0.0,0.0,0.0,0.0,0.0,0.0,0.0,0.0,0.0,0.0,0.0,0.0,0.0,0.0,0.0,0.0,0.0,0.0,0.0,0.0,0.0,0.0,0.0,0.0,0.0,0.0,0.0,0.0,0.0,0.0,0.0,0.0,0.0,0.0,0.0,0.0,0.0,0.0,0.2869999999999982,0.0,0.0,0.0,0.0,0.537,0.0,0.0,0.0,2.111,7.0,19.0
1,0.0,0.0,1.06,0.0,0.0,0.0,0.0,0.0,0.0,0.0,0.0,0.0,0.0,0.0,0.0,0.0,0.0,0.0,2.12,0.0,2.12,0.0,0.0,0.0,0.0,0.0,0.0,0.0,0.0,0.7139999999999963,0.0,0.0,0.0,0.0,0.0,0.0,0.0,0.0,0.0,0.0,0.0,0.0,0.0,0.0,0.0,0.0,0.0,0.0,0.0,0.0,0.0,0.0,9.018899999999988,73.0,160.0
2,0.0,0.0,0.32,0.0,0.64,0.64,0.32,0.32,0.0,0.0,0.0,0.32,0.32,0.0,0.0,0.32,0.32,0.0,2.27,0.0,3.14,0.0,0.0,0.32,0.0,0.0,0.0,0.0,0.0,0.0,0.0,0.0,0.0,0.0,0.0,0.0,0.0,0.0,0.0,0.0,0.0,0.0,0.0,0.0,0.32,0.0,0.0,0.0,0.106,0.0,0.159,0.053,1.537,10.0,143.0
1,0.0,0.0,0.0,0.0,0.0,0.0,0.0,0.0,0.0,0.0,0.0,0.0,0.54,0.0,0.0,0.54,0.54,0.0,1.63,0.0,0.54,0.0,0.0,0.0,0.0,0.0,0.0,0.0,0.0,0.0,0.0,0.0,0.0,0.0,0.0,0.0,0.0,0.0,0.0,0.0,0.0,0.0,0.0,0.2869999999999982,0.0,0.54,0.0,0.0,0.0,0.407,0.0,0.0,2.038,14.0,53.0
1,0.0,0.0,0.0,0.0,0.0,0.0,0.0,0.0,0.0,0.0,0.0,0.0,0.0,0.0,0.0,0.0,0.0,0.0,0.0,0.0,0.0,0.0,0.0,0.0,0.0,0.0,1.916999999999998,0.0,0.0,0.0,0.0,0.0,0.0,0.0,0.0,0.0,0.0,0.0,0.0,0.0,0.0,0.0,0.0,0.0,0.0,0.0,0.0,0.0,0.0,0.0,0.0,0.0,1.545,6.0,17.0
1,0.0,0.0,0.0,0.0,0.0,0.0,0.0,0.0,0.0,0.0,0.0,0.0,0.0,0.0,0.0,0.0,0.0,0.0,0.0,0.0,0.0,0.0,0.0,0.0,3.183999999999996,1.7939999999999965,1.916999999999998,0.85,0.51,0.7139999999999963,0.32,0.0,0.0,0.07,0.66,0.63,0.0,0.0,0.0,0.39,0.0,0.0,0.0,0.0,0.0,0.0,0.0,0.0,0.537,0.0,0.0,0.0,3.333,11.0,30.0
1,0.0,0.0,0.79,0.0,0.0,0.0,0.0,0.0,0.0,0.0,0.0,1.58,0.0,0.0,0.0,0.0,0.0,0.0,2.38,0.0,0.79,0.0,0.0,0.0,0.0,0.0,0.0,0.0,0.0,0.0,0.0,0.0,0.0,0.0,0.0,0.0,0.0,0.0,0.0,0.0,0.0,0.0,0.0,0.0,0.0,0.0,0.0,0.137,0.0,0.0,0.0,0.0,1.09,3.0,24.0
1,0.0,0.0,0.0,0.0,0.0,0.0,0.0,0.0,0.0,0.0,0.0,0.0,0.0,0.0,0.0,0.0,0.0,0.0,0.0,0.0,0.0,0.0,0.0,0.0,0.0,0.0,0.0,0.0,0.0,0.0,0.0,0.0,0.0,0.0,0.0,0.0,0.0,0.0,0.0,0.0,0.0,0.0,0.0,0.0,1.44,0.0,0.0,0.0,0.0,0.0,0.0,0.0,1.142,2.0,9.0
1,0.0,0.0,0.0,0.0,0.0,0.0,0.0,0.0,0.0,0.0,0.0,2.22,0.0,0.0,0.0,0.0,0.0,0.0,0.0,0.0,0.0,0.0,0.0,0.0,0.0,0.0,0.0,0.0,0.0,0.0,0.0,0.0,0.0,0.0,0.0,0.0,0.0,0.0,0.0,0.0,0.0,0.0,0.0,0.0,0.0,0.0,0.0,0.0,0.0,0.645,0.0,0.0,1.666,7.0,15.0
1,0.0,0.0,1.29,0.0,0.0,0.0,0.0,0.0,0.0,0.0,0.0,0.0,0.0,0.0,0.0,0.0,0.0,1.19,3.2,0.0,2.4,0.0,0.0,0.0,1.6,0.8,1.916999999999998,0.8,0.51,0.7139999999999963,0.32,0.0,0.0,0.07,0.66,0.63,0.0,0.0,0.53,0.39,0.0,0.0,0.31,0.0,1.44,0.0,0.0,0.0,0.25,0.0,0.0,0.0,2.065,12.0,95.0
2,0.0,0.26,0.79,0.0,0.26,0.26,0.08,0.6,0.53,1.32,0.26,0.71,0.17,0.08,0.16,0.88,0.44,0.0,1.86,0.26,1.24,0.0,0.08,0.35,0.0,0.0,0.0,0.0,0.0,0.0,0.0,0.0,0.08,0.0,0.0,0.0,0.0,0.0,0.0,0.0,0.0,0.0,0.0,0.0,0.26,0.08,0.0,0.098,0.226,0.353,0.254,0.113,3.598,54.0,968.0
2,0.0,0.0,0.0,0.0,0.84,0.64,0.42,0.0,0.0,0.42,0.38,0.42,0.0,0.0,0.0,0.0,0.0,0.42,2.11,0.0,1.27,0.0,0.73,0.0,0.0,0.0,0.0,0.0,0.0,0.0,0.0,0.0,0.0,0.0,0.0,0.42,0.0,0.0,0.0,0.0,0.0,0.0,0.0,0.0,0.42,0.0,0.0,0.097,0.097,0.244,0.38239999999999963,0.0,9.018899999999988,156.39999999999964,977.0
2,0.33,0.16,0.16,0.0,1.35,0.64,0.16,0.33,0.0,0.16,0.0,0.84,0.0,0.0,0.16,1.36,0.33,0.16,2.88,0.0,2.37,0.0,0.0,0.0,0.0,0.0,0.0,0.0,0.0,0.0,0.0,0.0,0.0,0.0,0.0,0.0,0.0,0.0,0.0,0.0,0.0,0.0,0.0,0.0,0.0,0.0,0.0,0.0,0.113,0.028,0.084,0.0,4.971,40.0,532.0
1,0.0,0.0,0.0,0.0,0.0,0.0,0.0,0.0,0.0,0.0,0.0,1.14,0.0,0.0,0.0,0.0,0.0,0.0,2.29,0.0,0.0,0.0,0.0,0.0,1.14,1.14,0.0,0.0,0.0,0.0,0.32,0.0,0.0,0.0,0.0,0.0,0.0,0.0,0.0,0.0,0.0,0.0,0.0,0.2869999999999982,0.0,0.0,0.0,0.0,0.0,0.596,0.0,0.14209999999999945,2.133,14.0,64.0
1,0.0,0.0,0.0,0.0,0.51,0.0,0.0,0.0,0.0,0.0,0.0,2.22,0.0,0.17,0.0,0.0,0.51,0.0,0.0,0.0,0.0,0.0,0.0,0.0,1.03,0.51,0.0,0.0,0.0,0.51,0.0,0.0,0.4669999999999982,0.0,0.0,0.0,0.0,0.0,0.0,0.0,0.0,0.0,0.0,0.2869999999999982,0.0,0.0,0.0,0.0,0.0,0.0,0.0,0.0,1.586,6.0,92.0
2,0.41,0.0,1.25,0.0,0.2,0.2,0.0,0.0,0.0,0.41,0.0,1.25,0.0,0.0,0.0,0.62,0.91,0.0,4.6,0.0,2.3,0.0,0.62,0.2,0.0,0.0,0.0,0.0,0.0,0.0,0.0,0.0,0.0,0.0,0.0,0.0,0.0,0.0,0.2,0.0,0.0,0.0,0.0,0.0,0.0,0.0,0.0,0.0,0.153,0.345,0.345,0.14209999999999945,5.132,37.0,426.0
2,0.08,0.0,0.32,0.0,0.24,0.32,0.0,0.16,0.16,0.0,0.0,0.65,0.0,0.0,0.0,0.0,0.0,0.0,4.67,0.0,0.65,0.0,0.0,0.32,0.0,0.0,0.0,0.0,0.0,0.0,0.0,0.0,0.0,0.0,0.0,0.0,0.0,0.0,0.0,0.08,0.0,0.32,0.0,0.0,0.24,0.0,0.0,0.0,0.045,0.36,0.03,0.0,1.42,10.0,196.0
1,0.0,0.0,0.24,0.0,0.0,0.0,0.0,0.0,0.0,0.48,0.0,0.24,0.0,0.0,0.0,0.0,0.48,0.24,0.72,0.35,0.72,0.0,0.0,0.0,1.69,0.0,0.0,0.0,0.0,0.0,0.0,0.0,0.0,0.0,0.0,0.0,0.0,0.0,0.0,0.0,0.0,0.0,0.0,0.0,0.0,0.0,0.0,0.0,0.034,0.0,0.0,0.0,3.202,87.0,285.0
1,0.0,0.0,0.0,0.0,0.0,0.0,0.0,0.0,0.0,0.0,0.0,0.0,0.0,0.0,0.0,0.0,0.0,0.0,0.0,0.0,0.0,0.0,0.0,0.0,0.0,0.0,0.0,0.0,0.0,0.0,0.0,0.0,0.0,0.0,0.0,0.0,0.0,0.0,0.0,0.0,0.0,0.0,0.0,0.0,0.0,0.0,0.0,0.0,0.0,0.0,0.0,0.0,1.166,3.0,14.0
1,0.0,0.0,0.0,0.0,0.0,0.0,0.0,0.0,0.0,0.0,0.0,0.0,0.0,0.0,0.0,0.0,0.0,0.0,0.0,0.0,0.0,0.0,0.0,0.0,0.0,0.0,0.0,0.0,0.0,0.0,0.0,0.0,0.0,0.0,0.0,0.0,0.95,0.0,0.0,0.0,0.0,0.0,0.0,0.0,0.0,0.68,0.0,0.0,0.136,0.0,0.0,0.0,4.341,46.0,178.0
1,0.0,0.0,0.0,0.0,0.0,0.0,0.0,0.0,0.0,0.0,0.0,0.0,0.0,0.0,0.0,0.0,0.0,0.0,0.0,0.0,0.0,0.0,0.0,0.0,3.183999999999996,1.7939999999999965,1.916999999999998,0.85,0.51,0.7139999999999963,0.32,0.0,0.0,0.07,0.66,0.63,0.0,0.0,0.0,0.39,0.0,0.0,0.0,0.0,0.0,0.0,0.0,0.0,0.537,0.0,0.0,0.0,3.1,11.0,31.0
2,0.0,0.0,0.0,0.0,1.05,0.64,0.7839999999999964,0.0,0.0,0.0,0.0,0.0,0.0,0.0,0.0,0.0,0.0,0.0,3.15,0.0,1.05,0.0,0.73,0.0,0.0,0.0,0.0,0.0,0.0,0.0,0.0,0.0,0.0,0.0,0.0,0.0,0.0,0.0,0.0,0.0,0.0,0.0,0.0,0.0,0.0,0.0,0.0,0.0,0.0,0.171,0.171,0.0,2.05,6.0,41.0
1,0.0,0.0,0.0,0.0,0.0,0.0,0.0,0.6,0.0,0.0,0.0,0.0,0.0,0.0,0.0,0.0,0.0,0.0,0.0,0.0,0.0,0.0,0.0,0.0,0.0,0.0,0.0,0.0,0.0,0.0,0.0,0.0,0.0,0.0,0.0,0.0,0.95,0.0,0.0,0.0,0.0,0.0,0.31,0.0,0.0,0.0,0.0,0.0,0.0,0.0,0.0,0.0,1.666,7.0,15.0
1,0.0,0.0,0.0,0.0,0.0,0.0,0.0,0.0,0.0,0.0,0.0,2.22,0.0,0.0,0.0,0.0,0.0,0.0,0.0,0.0,0.0,0.0,0.0,0.0,0.0,0.0,1.916999999999998,0.0,0.0,0.0,0.0,0.0,0.0,0.0,0.0,0.0,0.0,0.0,0.0,0.0,0.0,0.0,0.0,0.2869999999999982,0.0,0.0,0.0,0.0,0.537,0.0,0.0,0.0,1.0,1.0,9.0
1,0.0,0.6169999999999982,0.0,0.0,0.0,0.0,0.0,0.0,0.0,0.0,0.0,1.08,0.0,0.0,0.0,0.0,0.0,0.0,0.0,0.0,0.0,0.0,0.0,0.0,0.0,0.0,0.0,0.0,0.0,0.0,0.0,0.0,0.0,0.0,0.0,0.0,0.0,0.0,0.0,0.0,0.0,0.0,0.0,0.0,0.0,0.0,0.0,0.0,0.181,0.0,0.0,0.0,1.612,11.0,50.0
1,0.05,0.0,0.1,0.0,0.15,0.05,0.0,0.0,0.57,0.0,0.0,0.26,0.0,0.0,0.0,0.0,0.0,0.05,0.21,0.0,0.15,0.0,0.0,0.0,0.63,0.68,0.05,0.0,0.0,0.0,0.0,0.0,0.4669999999999982,0.0,0.0,0.0,0.42,0.0,0.0,0.0,0.0,0.0,0.0,0.0,0.0,0.0,0.0,0.17069999999999982,0.17,0.0,0.014,0.0,3.461,66.0,1170.0
1,0.0,0.0,0.0,0.0,0.0,0.64,0.0,0.0,0.0,0.0,0.0,0.0,0.0,0.17,0.0,0.0,0.0,0.0,0.0,0.0,3.14,0.0,0.0,0.0,0.0,0.0,1.916999999999998,0.0,0.0,0.0,0.0,0.0,0.0,0.0,0.0,0.0,0.0,0.0,0.0,0.0,0.0,0.0,0.0,0.0,0.0,0.0,0.0,0.0,0.52,0.0,0.0,0.0,1.0,1.0,9.0
1,0.0,0.0,0.0,0.0,0.0,0.0,0.0,0.0,0.0,1.32,0.0,0.0,0.0,0.0,0.0,0.0,0.0,0.0,0.0,0.0,0.0,0.0,0.0,0.0,0.0,0.0,1.63,0.0,0.0,0.0,0.0,0.0,0.4669999999999982,0.0,0.0,0.0,0.0,0.0,0.0,0.0,0.0,0.0,0.0,0.0,0.0,0.0,0.0,0.0,0.272,0.0,0.0,0.0,4.19,26.0,88.0
2,0.16,0.0,0.67,0.0,0.33,0.16,0.33,0.6,0.16,0.5,0.33,1.51,0.0,0.0,0.0,0.0,0.91,0.33,2.18,0.35,3.14,0.0,0.0,0.33,0.0,0.0,0.0,0.0,0.0,0.0,0.0,0.0,0.0,0.0,0.0,0.0,0.0,0.0,0.0,0.16,0.0,0.0,0.0,0.0,0.0,0.0,0.0,0.0,0.19,1.1457999999999993,0.054,0.0,5.567,101.0,657.0
1,0.0,0.0,0.0,0.0,0.0,0.0,0.0,0.0,0.0,0.0,0.0,1.66,0.0,0.0,0.0,0.0,0.0,0.0,3.33,0.0,1.66,0.0,0.0,0.5769999999999982,1.66,0.0,1.66,0.0,0.0,0.0,0.0,0.0,0.0,0.0,0.0,0.0,0.95,0.0,0.0,0.0,0.0,0.0,0.0,0.0,0.0,0.0,0.0,0.0,0.29,0.0,0.0,0.14209999999999945,1.722,7.0,31.0
1,0.0,0.0,1.29,0.0,0.0,0.0,0.0,0.0,0.0,0.0,0.0,0.0,0.0,0.0,0.0,0.0,0.0,0.0,4.76,0.0,1.17,0.0,0.0,0.0,0.0,0.0,0.0,0.0,0.0,0.0,0.0,0.0,0.0,0.0,0.0,0.0,0.0,0.0,0.53,0.0,0.0,0.0,0.0,0.0,1.17,1.166999999999998,0.0,0.0,0.0,0.0,0.0,0.0,3.0,15.0,45.0
2,0.0,0.0,0.0,0.0,0.0,0.0,0.7839999999999964,0.0,0.0,0.0,0.0,0.0,0.0,0.0,0.0,0.0,0.0,0.0,0.0,0.0,0.0,0.0,0.0,0.0,0.0,0.0,0.0,0.0,0.0,0.0,0.0,0.0,0.0,0.0,0.0,0.0,0.0,0.0,0.0,0.0,0.0,0.0,0.0,0.0,0.0,0.0,0.0,0.0,0.0,0.297,0.0,0.0,2.0,8.0,52.0
1,0.0,0.0,0.0,0.0,0.0,0.0,0.0,0.0,0.0,0.0,0.0,1.28,0.0,0.0,0.0,0.0,0.0,0.0,3.84,0.0,0.0,0.0,0.0,0.0,1.28,0.0,0.0,0.0,0.0,0.0,0.0,0.0,0.0,0.0,0.0,0.0,0.0,0.0,0.0,0.0,0.0,0.0,0.0,0.2869999999999982,1.28,0.0,0.0,0.0,0.0,0.0,0.0,0.0,1.428,2.0,10.0
1,0.0,0.0,0.0,0.0,0.0,0.0,0.0,0.0,0.0,0.78,0.0,0.0,0.0,0.0,0.0,0.0,0.0,0.0,1.56,0.0,0.0,0.0,0.0,0.0,0.78,0.78,0.0,0.85,0.0,0.0,0.0,0.0,0.0,0.0,0.0,0.63,0.0,0.0,0.0,0.0,0.0,0.0,0.0,0.0,0.0,0.0,0.0,0.0,0.278,0.0,0.0,0.0,2.472,11.0,89.0
1,0.24,0.0,0.12,0.0,0.0,0.0,0.0,0.36,0.0,0.12,0.0,1.09,0.12,0.0,0.0,0.0,0.6,0.0,0.0,0.0,0.0,0.0,0.12,0.12,3.183999999999996,0.0,0.0,0.0,0.0,0.0,0.0,0.0,0.0,0.0,0.0,0.12,0.12,0.0,0.0,0.0,0.0,0.0,0.0,0.0,0.0,0.0,0.0,0.016,0.05,0.0,0.016,0.0,2.309,25.0,425.0
1,0.0,0.0,0.0,0.0,0.0,0.0,0.0,0.0,0.0,0.0,0.0,0.0,0.0,0.0,0.0,0.0,0.0,0.0,2.17,0.0,2.17,0.0,0.0,0.0,0.0,0.0,0.0,0.0,0.0,0.0,0.0,0.0,0.0,0.0,0.0,0.0,0.0,0.0,0.0,0.0,0.0,0.0,0.0,0.0,1.44,1.166999999999998,0.0,0.0,0.537,0.371,0.0,0.14209999999999945,1.714,11.0,24.0
1,0.0,0.0,0.0,0.0,0.58,0.0,0.0,0.0,0.0,0.0,0.0,0.0,0.0,0.0,0.0,0.0,0.0,0.0,0.87,0.0,0.29,0.0,0.0,0.0,0.29,0.29,0.29,0.58,0.0,0.0,0.0,0.0,0.0,0.07,0.58,0.0,0.0,0.0,0.0,0.0,0.0,0.0,0.0,0.0,0.0,0.0,0.0,0.0,0.22,0.0,0.38239999999999963,0.0,9.018899999999988,156.39999999999964,434.0
2,0.0,0.0,1.29,0.0,0.0,0.64,0.0,0.38,0.0,0.0,0.38,1.16,0.0,0.0,0.0,0.38,0.0,1.16,1.93,0.0,0.38,0.0,0.73,0.38,0.0,0.0,0.0,0.0,0.0,0.0,0.0,0.0,0.0,0.0,0.0,0.0,0.0,0.0,0.0,0.0,0.0,0.0,0.0,0.0,0.0,0.0,0.0,0.0,0.06,0.609,0.121,0.0,2.666,22.0,160.0
2,0.0,0.0,0.78,0.0,1.17,0.0,0.0,0.0,0.0,0.0,0.0,0.39,0.0,0.0,0.0,0.78,0.0,0.0,1.56,0.0,1.96,0.0,0.0,0.5769999999999982,0.0,0.0,0.0,0.0,0.0,0.0,0.0,0.0,0.0,0.0,0.0,0.0,0.0,0.0,0.0,0.0,0.0,0.0,0.0,0.0,0.0,0.0,0.0,0.0,0.0,0.0,0.092,0.0,4.111,20.0,222.0
1,0.0,0.0,0.0,0.0,0.0,0.0,0.0,0.0,0.0,0.0,0.0,0.0,0.0,0.0,0.0,0.0,0.0,0.0,0.0,0.0,0.0,0.0,0.0,0.0,0.0,0.0,0.0,0.0,0.0,0.0,0.0,0.0,0.0,0.0,0.0,0.0,0.0,0.0,0.0,0.0,0.0,0.0,0.0,0.0,0.0,0.0,0.0,0.0,0.0,0.391,0.0,0.0,1.333,4.0,20.0
2,0.0,0.0,0.0,0.0,0.0,0.0,0.7839999999999964,0.0,0.0,1.32,0.0,1.96,0.0,0.0,0.0,0.0,0.0,0.0,3.92,0.0,1.96,0.0,0.0,0.0,0.0,0.0,0.0,0.0,0.0,0.0,0.0,0.0,0.0,0.0,0.0,0.0,0.0,0.0,0.0,0.0,0.0,0.0,0.0,0.0,0.0,0.0,0.0,0.0,0.0,0.0,0.0,0.0,6.166,60.0,74.0
2,0.0,0.0,0.0,0.0,0.93,0.0,0.0,0.0,0.0,0.93,0.0,0.0,0.0,0.0,0.0,0.0,0.0,0.0,2.8,0.0,2.8,0.0,0.0,0.0,0.0,0.0,0.0,0.0,0.0,0.0,0.0,0.0,0.0,0.0,0.0,0.0,0.0,0.0,0.0,0.0,0.0,0.0,0.0,0.0,0.0,0.0,0.0,0.0,0.0,0.0,0.0,0.0,9.018899999999988,73.0,166.0
1,0.12,0.0,0.12,0.0,0.0,0.06,0.0,0.0,0.56,0.0,0.0,0.31,0.0,0.0,0.0,0.06,0.0,0.06,0.25,0.0,0.18,0.0,0.0,0.0,0.63,0.69,0.06,0.0,0.0,0.0,0.0,0.0,0.4669999999999982,0.0,0.0,0.0,0.63,0.0,0.0,0.06,0.0,0.0,0.0,0.06,0.0,0.0,0.0,0.17069999999999982,0.16,0.0,0.017,0.0,2.829,47.0,815.0
1,0.6569999999999983,0.0,0.41,0.0,0.0,0.0,0.0,0.0,0.0,0.0,0.38,0.83,0.0,0.0,0.0,0.0,0.0,0.0,2.91,0.0,1.66,0.0,0.0,0.0,0.41,0.41,0.0,0.0,0.0,0.0,0.0,0.0,0.0,0.0,0.0,0.0,0.41,0.0,0.0,0.0,0.0,0.0,0.31,0.0,0.0,0.0,0.0,0.0,0.0,0.283,0.0,0.0,2.022,13.0,91.0
2,0.0,0.0,0.0,0.0,0.0,0.64,0.0,0.6,0.0,0.0,0.0,0.0,0.0,0.0,0.0,0.0,0.0,0.0,3.87,0.0,0.64,0.0,0.0,0.0,0.0,0.0,0.0,0.0,0.0,0.0,0.0,0.0,0.0,0.0,0.0,0.0,0.0,0.0,0.0,0.0,0.0,0.0,0.0,0.0,0.0,0.0,0.0,0.0,0.0,1.1457999999999993,0.116,0.0,1.8,12.0,63.0
1,0.0,0.0,0.0,0.0,0.0,0.0,0.0,0.0,0.0,0.0,0.0,0.0,0.0,0.0,0.0,0.29,0.0,0.0,4.38,0.0,0.58,0.0,0.0,0.0,0.0,0.0,0.0,0.0,0.29,0.0,0.0,0.0,0.0,0.0,0.0,0.0,0.0,0.0,0.0,0.0,0.0,0.0,0.0,0.0,0.58,0.0,0.0,0.055,0.167,0.0,0.0,0.0,1.122,3.0,55.0
1,0.0,0.0,0.0,0.0,0.0,0.0,0.0,0.0,0.0,0.0,0.0,0.0,0.0,0.0,0.0,0.0,0.0,0.0,4.5,0.0,0.0,0.0,0.0,0.0,0.0,0.0,0.0,0.0,0.0,0.0,0.0,0.0,0.0,0.0,0.0,0.0,0.0,0.0,0.0,0.0,0.0,0.0,0.0,0.0,0.0,0.9,0.0,0.0,0.174,0.0,0.0,0.0,1.222,4.0,22.0
1,0.6569999999999983,0.0,0.0,0.0,0.0,0.0,0.0,0.0,0.0,0.0,0.0,0.0,0.0,0.0,0.0,0.0,0.0,0.0,1.02,0.0,0.0,0.0,0.0,0.0,0.0,0.0,1.02,0.0,0.0,0.0,0.0,0.0,0.0,0.0,0.0,0.0,0.0,0.0,0.0,0.0,0.0,0.61,0.0,0.0,0.0,0.0,0.0,0.0,0.352,0.176,0.0,0.0,1.241,3.0,36.0
2,0.0,0.0,0.51,0.0,1.03,0.51,0.0,0.0,0.0,0.0,0.38,1.03,0.0,0.17,0.0,0.0,0.51,0.51,2.59,0.0,3.14,0.0,0.0,0.0,0.0,0.0,0.0,0.0,0.0,0.0,0.0,0.0,0.0,0.0,0.0,0.0,0.0,0.0,0.0,0.0,0.0,0.0,0.0,0.0,0.0,0.0,0.0,0.0,0.074,0.373,0.149,0.0,7.233,71.0,217.0
2,0.0,0.16,0.0,0.0,0.16,0.16,0.0,0.6,0.67,0.32,0.32,0.48,0.0,0.0,0.0,1.36,0.0,0.32,0.81,0.35,1.46,0.0,0.16,0.5769999999999982,0.0,0.0,0.0,0.0,0.0,0.0,0.0,0.0,0.0,0.0,0.0,0.0,0.0,0.0,0.0,0.0,0.0,0.0,0.0,0.0,0.0,0.0,0.0,0.17069999999999982,0.35,0.134,0.107,0.026,5.216,57.0,1038.0
2,0.0,0.0,0.0,0.0,0.47,0.0,0.7839999999999964,0.0,0.0,0.0,0.38,0.47,0.0,0.0,0.0,0.47,0.0,1.19,1.91,0.35,1.43,0.0,0.0,0.0,0.0,0.0,0.0,0.0,0.0,0.0,0.0,0.0,0.0,0.0,0.0,0.0,0.0,0.0,0.0,0.0,0.0,0.0,0.0,0.0,0.0,0.0,0.0,0.0,0.0,0.073,0.295,0.0,3.361,54.0,158.0
1,0.0,0.0,0.0,0.0,0.0,0.0,0.0,0.0,0.0,0.0,0.0,1.38,0.0,0.0,0.0,0.0,0.0,0.0,2.77,0.0,0.0,0.0,0.0,0.0,0.0,0.0,1.38,0.0,0.0,0.0,0.0,0.0,0.0,0.0,0.0,0.0,0.0,0.0,0.0,0.0,0.0,0.0,0.0,0.0,0.0,0.0,0.0,0.0,0.228,0.0,0.0,0.0,1.0,1.0,12.0
1,0.0,0.0,0.0,0.0,0.0,0.0,0.0,0.0,0.0,0.0,0.0,0.0,0.0,0.0,0.0,0.0,0.0,0.0,0.0,0.0,0.0,0.0,0.0,0.0,0.0,0.0,1.916999999999998,0.0,0.0,0.0,0.0,0.0,0.0,0.0,0.0,0.0,0.0,0.0,0.0,0.0,0.0,0.0,0.0,0.0,0.0,0.0,0.0,0.17069999999999982,0.0,0.0,0.0,0.0,2.6,6.0,13.0
1,0.0,0.0,0.0,0.0,0.0,0.0,0.0,0.0,0.0,0.0,0.0,0.0,0.0,0.0,0.0,0.0,0.0,0.0,2.32,0.0,1.16,0.0,0.0,0.0,0.0,0.0,0.0,0.85,0.0,0.7139999999999963,0.0,0.0,0.0,0.0,0.0,0.0,0.0,0.0,0.0,0.0,0.0,0.0,0.0,0.0,0.0,0.0,0.0,0.0,0.408,0.0,0.0,0.0,2.125,17.0,51.0
2,0.46,0.33,0.2,0.0,0.13,0.53,0.06,0.2,0.0,1.13,0.33,0.66,0.65,0.0,0.16,0.0,0.0,0.0,3.6,0.0,1.13,0.0,0.13,0.26,0.0,0.0,0.0,0.0,0.0,0.0,0.0,0.0,0.0,0.0,0.0,0.0,0.0,0.0,0.0,0.0,0.0,0.0,0.0,0.0,0.0,0.0,0.0,0.012,0.038,0.41,0.192,0.115,4.754,156.39999999999964,813.0
1,0.0,0.0,0.0,0.0,0.0,0.0,0.0,0.0,0.67,0.0,0.0,0.0,0.0,0.0,0.0,0.0,0.91,0.0,2.63,0.0,3.14,0.0,0.0,0.0,0.0,0.0,0.0,0.0,0.0,0.0,0.0,0.0,0.0,0.0,0.0,0.0,0.0,0.0,0.0,0.0,0.0,0.0,0.0,0.0,0.0,0.0,0.0,0.0,0.0,0.0,0.0,0.0,2.058,11.0,35.0
2,0.5,0.4,0.33,0.0,0.13,0.03,0.13,0.1,0.54,0.78,0.3,0.71,0.54,0.17,0.03,0.27,0.44,0.03,3.19,0.0,1.42,0.0,0.37,0.5769999999999982,0.0,0.0,0.0,0.0,0.0,0.0,0.0,0.0,0.0,0.0,0.0,0.0,0.0,0.0,0.0,0.0,0.0,0.0,0.0,0.0,0.06,0.0,0.0,0.0,0.074,0.445,0.38239999999999963,0.119,6.029,136.0,1179.3999999999996
2,0.0,0.0,1.28,0.0,0.0,0.0,0.0,0.0,0.0,0.0,0.0,1.28,0.0,0.0,0.0,0.0,0.0,0.0,1.28,0.0,3.14,0.0,0.0,0.5769999999999982,0.0,0.0,0.0,0.0,0.0,0.0,0.0,0.0,0.0,0.0,0.0,0.0,0.0,0.0,0.0,0.0,0.0,0.0,0.0,0.0,0.0,0.0,0.0,0.0,0.0,0.0,0.204,0.0,5.181,25.0,57.0
2,0.0,0.48,0.48,0.0,1.46,0.0,0.48,0.0,0.0,0.97,0.38,0.0,0.0,0.0,0.0,0.48,0.0,0.0,0.97,0.35,1.95,0.0,0.0,0.48,0.0,0.0,0.0,0.0,0.0,0.0,0.0,0.0,0.0,0.0,0.0,0.0,0.95,0.0,0.0,0.39,0.0,0.0,0.0,0.0,0.0,0.0,0.0,0.0,0.073,0.589,0.294,0.0,4.85,47.0,194.0
1,0.0,0.0,1.09,0.0,0.0,0.0,0.0,0.0,0.0,1.09,0.0,2.19,0.0,0.0,0.0,0.0,0.0,0.0,0.0,0.0,0.0,0.0,0.0,0.0,1.09,1.09,0.0,0.85,0.0,0.0,0.0,0.0,0.0,0.0,0.0,0.63,0.0,0.0,0.0,0.0,0.0,0.0,0.0,0.0,0.0,0.0,0.0,0.0,0.325,0.0,0.0,0.0,4.586,51.0,133.0
1,0.0,0.0,0.0,0.0,0.0,0.0,0.0,0.0,0.0,0.0,0.0,1.31,0.0,0.0,0.0,0.0,0.0,0.0,1.31,0.0,0.0,0.0,0.0,0.0,0.0,1.7939999999999965,0.0,0.0,0.0,0.0,0.0,0.0,0.0,0.0,0.0,0.0,0.95,0.0,0.0,0.0,0.0,0.0,0.0,0.0,0.0,0.0,0.0,0.0,0.431,0.0,0.0,0.0,2.176,8.0,37.0
1,0.0,0.0,0.0,0.0,0.34,0.0,0.0,0.0,0.0,0.0,0.0,0.34,0.0,0.0,0.0,0.0,0.0,0.0,0.0,0.0,0.0,0.0,0.0,0.0,0.0,0.0,0.0,0.0,0.34,0.0,0.0,0.0,0.4669999999999982,0.0,0.0,0.0,0.34,0.0,0.0,0.0,0.0,0.0,0.0,0.0,0.0,0.0,0.0,0.088,0.132,0.0,0.0,0.0,1.25,7.0,85.0
2,0.0,0.0,0.0,0.0,0.0,0.0,0.0,0.0,0.0,0.0,0.0,0.72,0.0,0.0,0.0,0.0,0.0,0.0,0.0,0.0,0.0,0.0,0.0,0.0,0.0,0.0,0.0,0.48,0.0,0.0,0.0,0.0,0.0,0.0,0.0,0.24,0.0,0.0,0.48,0.0,0.0,0.0,0.0,0.0,0.0,0.0,0.0,0.0,0.186,0.0,0.0,0.0,2.823,38.0,240.0
2,0.0,0.0,1.01,0.0,0.0,0.0,0.5,0.0,0.0,1.32,0.38,1.51,0.0,0.0,0.0,0.5,0.0,0.0,3.53,0.0,1.01,0.0,0.73,0.5769999999999982,0.0,0.0,0.0,0.0,0.0,0.0,0.0,0.0,0.0,0.0,0.0,0.0,0.0,0.0,0.0,0.0,0.0,0.0,0.0,0.0,0.0,0.0,0.0,0.0,0.089,1.1457999999999993,0.38239999999999963,0.0,4.09,23.0,225.0
1,0.0,0.0,0.0,0.0,0.0,0.0,0.0,0.0,0.0,0.0,0.0,0.0,0.0,0.17,0.0,0.0,0.0,0.0,0.0,0.35,0.0,0.0,0.0,0.0,0.0,0.0,0.0,0.0,0.0,0.0,0.0,0.0,0.0,0.0,0.0,0.0,0.0,0.0,0.0,0.0,0.0,0.0,0.0,0.2869999999999982,0.0,0.0,0.0,0.0,0.214,0.214,0.0,0.0,1.263,4.0,24.0
1,0.0,0.0,0.0,0.0,0.0,0.0,0.0,0.0,0.0,0.0,0.0,0.0,0.0,0.0,0.0,0.0,0.0,0.0,0.0,0.0,0.0,0.0,0.0,0.0,2.56,1.7939999999999965,1.916999999999998,0.0,0.0,0.0,0.0,0.0,0.0,0.0,0.0,0.0,0.0,0.0,0.0,0.0,0.0,0.0,0.0,0.0,1.44,0.0,0.0,0.0,0.0,0.0,0.0,0.0,1.5,4.0,24.0
2,0.0,0.0,1.29,0.0,0.0,0.0,0.0,0.0,0.0,0.0,0.0,1.29,0.0,0.0,0.0,0.0,0.0,0.0,1.29,0.0,3.14,0.0,0.0,0.5769999999999982,0.0,0.0,0.0,0.0,0.0,0.0,0.0,0.0,0.0,0.0,0.0,0.0,0.0,0.0,0.0,0.0,0.0,0.0,0.0,0.0,0.0,0.0,0.0,0.0,0.0,0.0,0.208,0.0,4.818,25.0,53.0
2,0.0,0.0,0.0,0.0,0.0,0.0,0.0,0.0,0.0,0.0,0.0,0.0,0.0,0.0,0.0,0.0,0.0,0.0,3.7,0.0,0.0,0.0,0.0,0.0,0.0,0.0,0.0,0.0,0.0,0.0,0.0,0.0,0.0,0.0,0.0,0.0,0.0,0.0,0.0,0.0,0.0,0.0,0.0,0.0,0.0,0.0,0.0,0.0,0.0,1.1457999999999993,0.0,0.0,2.666,11.0,24.0
1,0.0,0.0,0.0,0.0,0.0,0.0,0.0,0.42,0.0,0.0,0.0,1.28,0.42,0.0,0.0,0.0,0.42,0.0,0.0,0.0,0.0,0.0,0.0,0.0,2.57,0.0,0.0,0.0,0.14,0.0,0.0,0.0,0.14,0.0,0.0,0.28,0.28,0.0,0.0,0.0,0.0,0.0,0.0,0.0,0.0,0.0,0.0,0.08,0.242,0.0,0.04,0.0,2.275,20.0,421.0
1,0.0,0.0,0.0,0.0,0.0,0.0,0.0,0.0,0.0,0.0,0.0,0.0,0.0,0.0,0.0,0.0,0.0,0.0,3.22,0.0,0.0,0.0,0.0,0.0,0.0,0.0,0.0,0.0,0.0,0.0,0.0,0.0,0.0,0.0,0.0,0.0,0.0,0.0,0.0,0.0,0.0,0.0,0.0,0.0,0.0,0.0,0.0,0.0,0.537,0.0,0.0,0.0,1.6,4.0,9.0
1,0.0,0.0,0.0,0.0,0.0,0.0,0.0,0.0,0.0,0.0,0.0,0.33,0.33,0.0,0.0,0.0,0.0,0.0,1.0,0.0,0.33,0.0,0.0,0.0,3.183999999999996,1.7939999999999965,0.0,0.0,0.0,0.33,0.32,0.0,0.0,0.0,0.0,0.0,0.66,0.0,0.33,0.0,0.0,0.0,0.0,0.0,0.0,0.0,0.0,0.17069999999999982,0.0,0.0,0.0,0.0,2.701,20.0,181.0
2,0.6569999999999983,0.0,0.35,0.0,0.7,0.35,0.7,0.0,0.67,0.0,0.0,0.0,0.65,0.0,0.0,0.0,0.91,0.0,3.16,0.0,1.4,0.0,0.0,0.5769999999999982,0.0,0.0,0.0,0.0,0.0,0.0,0.0,0.0,0.0,0.0,0.0,0.0,0.0,0.0,0.0,0.0,0.0,0.0,0.0,0.0,0.0,0.0,0.0,0.0,0.173,0.23,0.0,0.0,4.596,60.0,262.0
1,0.0,0.0,0.48,0.0,0.0,0.0,0.0,0.0,0.0,0.0,0.0,0.0,0.0,0.0,0.0,0.48,0.0,0.0,2.43,0.0,0.97,0.0,0.0,0.48,0.0,0.0,0.0,0.0,0.0,0.0,0.0,0.0,0.0,0.0,0.0,0.0,0.0,0.0,0.0,0.0,0.0,0.0,0.0,0.0,0.48,0.0,0.0,0.0,0.0,0.45,0.0,0.0,1.138,4.0,41.0
1,0.0,0.0,0.0,0.0,0.0,0.0,0.0,0.0,0.0,0.0,0.0,0.0,0.0,0.0,0.0,0.0,0.0,0.0,4.34,0.0,0.0,0.0,0.0,0.0,0.0,0.0,0.0,0.0,0.0,0.0,0.0,0.0,0.0,0.0,0.0,0.0,0.0,0.0,0.0,0.0,0.0,0.0,0.0,0.0,0.0,0.0,0.0,0.0,0.0,0.0,0.0,0.0,1.333,3.0,12.0
1,0.0,0.0,0.0,0.0,0.0,0.0,0.0,0.0,0.0,0.0,0.0,0.0,0.0,0.0,0.0,0.0,0.0,0.0,1.78,0.0,0.89,0.0,0.0,0.0,0.0,0.0,1.916999999999998,0.0,0.0,0.0,0.0,0.0,0.0,0.0,0.0,0.0,0.89,0.0,0.0,0.0,0.0,0.0,0.0,0.0,0.0,0.89,0.0,0.0,0.15,0.0,0.0,0.0,1.85,15.0,37.0
2,0.0,0.6169999999999982,0.0,0.0,0.8,0.0,0.0,0.0,0.0,0.8,0.0,0.8,0.0,0.0,0.0,1.36,0.0,0.8,0.8,0.0,2.41,0.0,0.0,0.0,0.0,0.0,0.0,0.0,0.0,0.0,0.0,0.0,0.0,0.0,0.0,0.0,0.0,0.0,0.0,0.0,0.0,0.0,0.0,0.2869999999999982,0.0,0.0,0.0,0.0,0.0,1.1457999999999993,0.0,0.0,1.463,12.0,101.0
1,0.0,0.0,0.0,0.0,0.0,0.0,0.0,0.0,0.0,0.0,0.0,0.0,0.0,0.0,0.0,0.0,0.0,0.0,0.0,0.0,0.0,0.0,0.0,0.0,0.0,0.0,0.0,0.0,0.0,0.0,0.32,0.0,0.0,0.0,0.0,0.0,0.0,0.0,0.0,0.0,0.0,0.0,0.0,0.2869999999999982,0.0,0.0,0.0,0.0,0.0,0.0,0.0,0.14209999999999945,5.857,16.0,41.0
1,0.0,0.19,0.0,0.0,0.0,0.0,0.0,0.0,0.0,0.0,0.0,0.19,0.0,0.0,0.0,0.0,0.0,0.0,0.0,0.0,0.0,0.0,0.0,0.0,0.19,0.0,0.0,0.0,0.0,0.0,0.0,0.0,0.4669999999999982,0.0,0.0,0.38,0.19,0.0,0.0,0.0,0.0,0.0,0.0,0.0,0.0,0.0,0.0,0.0,0.199,0.0,0.0,0.0,2.204,9.0,205.0
2,0.33,0.44,0.37,0.0,0.14,0.11,0.0,0.07,0.67,1.16,0.11,1.42,0.65,0.17,0.03,0.03,0.07,0.07,4.38,0.0,1.49,0.0,0.33,0.18,0.0,0.0,0.0,0.0,0.0,0.0,0.0,0.0,0.0,0.0,0.0,0.0,0.0,0.0,0.0,0.0,0.0,0.0,0.11,0.0,0.03,0.0,0.0,0.006,0.159,0.069,0.221,0.11,3.426,72.0,819.0
1,0.07,0.0,0.07,0.0,0.0,0.07,0.0,0.0,0.0,0.0,0.14,1.04,0.14,0.07,0.0,0.0,0.52,0.0,0.0,0.0,0.0,0.0,0.22,0.0,2.23,0.07,0.0,0.0,0.0,0.0,0.0,0.0,0.0,0.0,0.0,0.22,0.14,0.0,0.07,0.0,0.0,0.0,0.07,0.0,0.0,0.0,0.0,0.111,0.151,0.0,0.02,0.0,2.25,24.0,720.0
1,0.0,0.0,0.0,0.0,0.0,0.0,0.0,0.0,0.0,0.85,0.0,0.85,0.0,0.0,0.0,1.28,0.0,0.0,0.85,0.0,0.42,0.0,0.0,0.0,1.7,1.28,0.85,0.85,0.42,0.42,0.32,0.0,0.0,0.07,0.42,0.63,0.42,0.0,0.0,0.39,0.0,0.0,0.31,0.0,0.42,0.0,0.0,0.0,0.369,0.0,0.0,0.0,2.44,12.0,144.0
2,0.0,0.0,0.0,0.0,0.94,0.0,0.0,0.0,0.0,0.0,0.0,0.0,0.0,0.0,0.0,0.0,0.0,0.0,1.88,0.0,2.83,0.0,0.0,0.0,0.0,0.0,0.0,0.0,0.0,0.0,0.0,0.0,0.0,0.0,0.0,0.0,0.0,0.0,0.0,0.0,0.0,0.0,0.0,0.0,0.0,0.0,0.0,0.0,0.0,0.443,0.0,0.0,4.652,31.0,107.0
1,0.0,0.44,0.0,0.0,0.44,0.0,0.0,0.0,0.0,0.44,0.0,0.44,0.0,0.0,0.0,0.0,0.0,0.0,0.44,0.0,0.0,0.0,0.0,0.0,0.0,0.0,0.0,0.0,0.0,0.0,0.0,0.0,0.0,0.0,0.0,0.0,0.0,0.0,0.0,0.0,0.0,0.0,0.0,0.0,0.0,0.0,0.0,0.17069999999999982,0.0,0.074,0.0,0.14209999999999945,7.288,43.0,328.0
1,0.0,0.28,0.28,0.0,0.86,0.0,0.0,0.0,0.0,0.28,0.28,0.0,0.0,0.0,0.0,0.0,0.0,0.0,2.87,0.0,1.72,0.0,0.0,0.0,0.28,0.28,0.0,0.0,0.0,0.0,0.0,0.0,0.0,0.0,0.0,0.0,0.0,0.0,0.0,0.0,0.0,0.0,0.0,0.0,0.57,0.0,0.0,0.0,0.137,0.0,0.0,0.0,1.95,15.0,156.0
2,0.0,0.0,0.0,0.0,0.0,0.0,0.0,0.0,0.0,0.0,0.0,1.36,0.0,0.0,0.0,0.68,0.68,0.0,4.76,0.35,0.0,0.0,0.0,0.0,0.0,0.0,0.0,0.0,0.0,0.0,0.0,0.0,0.0,0.0,0.0,0.0,0.0,0.0,0.0,0.0,0.0,0.0,0.0,0.0,0.0,0.0,0.0,0.0,0.0,1.1457999999999993,0.0,0.0,2.818,21.0,124.0
2,0.19,0.19,0.29,0.0,1.07,0.19,0.19,0.6,0.67,0.58,0.09,1.07,0.19,0.17,0.09,0.0,0.0,1.17,3.81,0.35,1.75,0.0,0.09,0.29,0.0,0.0,0.0,0.0,0.0,0.0,0.0,0.0,0.0,0.0,0.0,0.0,0.0,0.0,0.09,0.09,0.0,0.0,0.0,0.0,0.0,0.0,0.0,0.0,0.0,0.404,0.233,0.031,4.32,49.0,877.0
1,0.0,0.0,0.0,0.0,0.0,0.0,0.0,0.0,0.0,0.0,0.0,2.22,0.0,0.0,0.0,0.0,0.0,0.0,0.0,0.0,0.0,0.0,0.0,0.0,0.0,0.0,0.0,0.0,0.0,0.0,0.0,0.0,0.0,0.0,0.0,0.0,0.0,0.0,0.0,0.0,0.0,0.0,0.0,0.0,0.0,0.0,0.0,0.0,0.0,0.74,0.0,0.0,1.5,4.0,18.0
2,0.0,0.33,0.33,0.0,1.51,0.33,0.66,0.0,0.0,0.16,0.16,0.99,0.0,0.0,0.0,0.82,0.33,0.16,2.81,0.0,0.99,0.0,0.49,0.33,0.0,0.0,0.0,0.0,0.0,0.0,0.0,0.0,0.16,0.0,0.0,0.0,0.0,0.0,0.0,0.0,0.0,0.0,0.0,0.0,0.0,0.0,0.0,0.0,0.025,0.252,0.05,0.05,6.269,156.39999999999964,721.0
1,0.0,0.0,0.36,0.0,0.0,0.09,0.0,0.09,0.0,0.0,0.09,0.36,0.09,0.0,0.0,0.0,0.27,0.0,0.0,0.0,0.0,0.0,0.09,0.0,3.183999999999996,0.0,0.0,0.0,0.0,0.0,0.0,0.0,0.27,0.0,0.0,0.0,0.0,0.0,0.0,0.0,0.0,0.0,0.09,0.0,0.0,0.0,0.0,0.1,0.176,0.0,0.125,0.0,2.356,21.0,641.0
2,0.56,0.0,0.84,0.0,0.28,0.64,0.0,0.6,0.28,0.28,0.28,1.41,0.0,0.0,0.0,0.0,0.91,0.0,0.84,0.35,2.83,0.0,0.28,0.5769999999999982,0.0,0.0,0.0,0.0,0.0,0.0,0.0,0.0,0.0,0.0,0.0,0.0,0.0,0.0,0.0,0.0,0.0,0.0,0.0,0.0,0.0,0.0,0.0,0.0,0.129,1.1457999999999993,0.043,0.0,3.979,47.0,386.0
1,0.0,0.0,0.0,0.0,0.0,0.0,0.0,0.0,0.0,0.0,0.0,0.76,0.0,0.0,0.0,0.0,0.0,0.76,1.52,0.0,0.0,0.0,0.0,0.0,0.0,0.0,0.0,0.0,0.0,0.0,0.0,0.0,0.0,0.0,0.0,0.0,0.0,0.0,0.0,0.0,0.0,0.0,0.0,0.0,0.0,0.0,0.0,0.0,0.133,0.266,0.0,0.0,1.0,1.0,23.0
1,0.0,0.6169999999999982,0.0,0.0,0.0,0.0,0.0,0.0,0.66,0.66,0.0,0.22,0.0,0.0,0.0,0.0,0.0,0.88,0.66,0.0,0.88,0.0,0.0,0.0,1.76,0.0,1.54,0.0,0.0,0.44,0.0,0.0,0.44,0.0,0.0,0.0,0.0,0.0,0.44,0.0,0.0,0.0,0.0,0.0,0.0,0.0,0.0,0.0,0.023,0.023,0.047,0.094,8.76,156.39999999999964,876.0
1,0.0,0.0,1.21,0.0,0.0,0.0,0.0,0.0,0.0,0.0,0.0,0.0,0.0,0.0,0.0,0.0,0.0,0.0,2.43,0.0,0.0,0.0,0.0,0.0,0.0,0.0,0.0,0.0,0.0,0.0,0.0,0.0,0.0,0.0,0.0,0.0,0.0,0.0,0.53,0.0,0.0,0.0,0.0,0.0,1.21,0.0,0.0,0.17069999999999982,0.0,0.238,0.0,0.0,1.0,1.0,16.0
1,0.35,0.0,0.71,0.0,0.0,0.0,0.0,0.0,0.0,0.35,0.0,0.71,0.0,0.0,0.0,0.0,0.0,0.0,4.76,0.0,1.06,0.0,0.0,0.0,0.0,0.0,0.0,0.0,0.0,0.0,0.0,0.0,0.0,0.0,0.0,0.0,0.0,0.0,0.0,0.0,0.0,0.0,0.0,0.0,0.35,0.0,0.0,0.0,0.067,0.0,0.0,0.0,1.0,1.0,40.0
2,0.6569999999999983,0.0,0.0,0.0,0.0,0.0,0.74,0.0,0.0,1.32,0.38,0.74,0.0,0.0,0.0,0.74,0.91,0.0,4.47,0.0,0.74,0.0,0.73,0.0,0.0,0.0,0.0,0.0,0.0,0.0,0.0,0.0,0.0,0.0,0.0,0.0,0.0,0.0,0.0,0.0,0.0,0.0,0.0,0.0,0.0,0.0,0.0,0.0,0.0,0.355,0.118,0.14209999999999945,2.095,7.0,44.0
1,0.0,0.0,0.28,0.0,0.84,0.0,0.0,0.0,0.0,0.0,0.0,1.96,0.0,0.0,0.0,0.0,0.0,0.0,0.28,0.0,0.0,0.0,0.0,0.0,1.4,0.84,0.0,0.0,0.0,0.7139999999999963,0.0,0.0,0.0,0.0,0.0,0.0,0.56,0.0,0.0,0.0,0.0,0.0,0.0,0.0,0.28,0.0,0.0,0.0,0.0,0.0,0.0,0.0,1.426,7.0,97.0
2,0.0,0.0,0.0,0.0,0.0,0.0,0.0,0.0,0.0,0.0,0.0,0.0,0.0,0.0,0.0,0.0,0.0,0.0,0.0,0.0,0.0,0.0,0.0,0.0,0.0,0.0,0.0,0.0,0.0,0.0,0.0,0.0,0.0,0.0,0.0,0.0,0.0,0.0,0.0,0.0,0.0,0.0,0.0,0.0,1.17,0.0,0.0,0.0,0.422,0.422,0.38239999999999963,0.0,4.066,17.0,61.0
1,0.0,0.0,0.0,0.0,0.0,0.0,0.0,0.0,0.0,0.0,0.0,2.08,0.0,0.0,0.0,0.0,0.91,0.0,0.0,0.0,0.0,0.0,0.0,0.0,1.04,0.0,0.0,0.0,0.0,0.0,0.0,0.0,0.0,0.0,0.0,0.0,0.0,0.0,0.0,0.0,0.0,0.0,0.0,0.0,0.0,0.0,0.0,0.0,0.478,0.0,0.0,0.0,3.291,21.0,79.0
2,0.0,0.0,0.8,0.0,1.44,0.16,0.16,0.0,0.0,0.0,0.0,0.64,0.65,0.0,0.0,0.0,0.16,0.16,1.6,0.0,0.47,0.0,0.64,0.0,0.0,0.0,0.0,0.0,0.0,0.0,0.0,0.0,0.0,0.0,0.0,0.0,0.0,0.0,0.0,0.0,0.0,0.0,0.0,0.0,0.0,0.0,0.0,0.0,0.024,0.299,0.174,0.0,1.891,24.0,174.0
2,0.2,0.6169999999999982,0.61,0.0,0.0,0.0,0.0,0.0,0.2,0.0,0.0,0.4,0.0,0.0,0.0,0.2,0.0,0.0,0.2,0.0,0.2,0.0,0.0,0.4,0.0,0.0,0.0,0.0,0.0,0.0,0.0,0.0,0.0,0.0,0.0,0.0,0.0,0.0,0.0,0.0,0.0,0.0,0.0,0.0,0.0,0.0,0.0,0.0,0.0,0.831,0.338,0.03,9.018899999999988,156.39999999999964,1179.3999999999996
2,0.0,0.0,0.0,0.0,0.0,0.0,0.0,0.0,0.0,0.0,0.0,0.0,0.0,0.0,0.0,0.0,0.0,0.0,0.0,0.0,0.0,0.0,0.0,0.0,0.0,0.0,0.0,0.0,0.0,0.0,0.0,0.0,0.0,0.0,0.0,0.0,0.0,0.0,0.0,0.0,0.0,0.0,0.0,0.0,1.17,0.0,0.0,0.0,0.417,0.208,0.38239999999999963,0.0,4.066,17.0,61.0
2,0.6569999999999983,0.0,0.48,0.0,0.0,0.64,0.0,0.0,0.48,0.0,0.38,0.0,0.0,0.0,0.16,0.48,0.48,1.19,0.0,0.0,0.96,0.0,0.0,0.48,0.0,0.0,0.0,0.0,0.0,0.0,0.0,0.0,0.4669999999999982,0.0,0.0,0.0,0.0,0.0,0.0,0.0,0.0,0.0,0.0,0.0,0.0,0.48,0.0,0.0,0.537,0.175,0.38239999999999963,0.116,9.018899999999988,156.39999999999964,717.0
2,0.6569999999999983,0.0,1.06,0.0,0.0,0.0,0.0,0.6,0.35,0.35,0.0,0.35,0.0,0.0,0.0,1.36,0.7,0.35,2.12,0.35,2.12,0.0,0.35,0.5769999999999982,0.0,0.0,0.0,0.0,0.0,0.0,0.0,0.0,0.0,0.0,0.0,0.0,0.0,0.0,0.0,0.0,0.0,0.0,0.0,0.0,0.0,0.0,0.0,0.0,0.117,0.353,0.0,0.0,1.209,13.0,196.0
1,0.0,0.0,0.26,0.0,0.0,0.0,0.0,0.0,0.0,0.0,0.0,0.26,0.53,0.0,0.0,0.0,0.53,0.0,0.53,0.0,0.0,0.0,0.0,0.0,0.8,0.0,0.0,0.0,0.0,0.0,0.0,0.0,0.0,0.0,0.0,0.53,0.0,0.0,0.0,0.0,0.0,0.0,0.0,0.0,0.0,0.0,0.0,0.0,0.043,0.0,0.043,0.0,1.487,4.0,61.0
1,0.0,0.0,0.56,0.0,0.0,0.0,0.0,0.0,0.0,1.12,0.0,0.56,0.0,0.0,0.0,0.0,0.0,0.0,1.12,0.0,1.12,0.0,0.0,0.0,0.56,0.56,0.0,0.85,0.0,0.0,0.0,0.0,0.0,0.0,0.0,0.56,0.0,0.0,0.0,0.0,0.0,0.0,0.0,0.0,1.12,0.0,0.0,0.0,0.311,0.0,0.0,0.0,2.486,11.0,92.0
1,0.0,0.0,0.0,0.0,0.0,0.0,0.0,0.0,0.0,0.0,0.0,0.0,0.0,0.0,0.0,0.0,0.0,1.04,1.04,0.0,0.0,0.0,0.0,0.0,1.04,0.0,0.0,0.0,0.0,0.0,0.0,0.0,0.0,0.0,0.0,0.0,0.95,0.0,0.53,0.0,0.0,0.0,0.31,0.0,0.0,0.0,0.0,0.17069999999999982,0.358,0.179,0.0,0.0,2.037,13.0,55.0
2,0.25,0.25,0.0,0.0,0.75,0.0,0.0,0.0,0.25,0.75,0.0,1.51,0.0,0.17,0.0,0.0,0.5,0.0,3.29,0.0,1.01,0.0,0.0,0.0,0.0,0.0,0.0,0.0,0.0,0.0,0.0,0.0,0.25,0.0,0.0,0.0,0.0,0.0,0.0,0.0,0.0,0.0,0.0,0.0,0.0,0.0,0.0,0.0,0.082,0.041,0.124,0.124,3.181,32.0,210.0
1,0.0,0.0,0.0,0.0,0.0,0.0,0.0,0.0,0.0,0.0,0.0,0.0,0.0,0.0,0.0,0.0,0.0,0.0,0.0,0.0,0.0,0.0,0.0,0.0,0.0,0.0,0.0,0.0,0.0,0.0,0.0,0.0,0.0,0.0,0.0,0.0,0.95,0.0,0.0,0.0,0.0,0.0,0.0,0.0,0.0,0.0,0.0,0.0,0.537,0.0,0.0,0.0,2.533,21.0,76.0
1,0.0,0.0,0.0,0.0,1.47,0.0,0.0,0.0,0.0,0.0,0.0,0.73,0.65,0.0,0.0,0.0,0.0,0.0,0.73,0.0,0.0,0.0,0.0,0.0,0.0,0.0,1.47,0.0,0.0,0.0,0.0,0.0,0.0,0.0,0.0,0.0,0.0,0.0,0.0,0.0,0.0,0.61,0.0,0.0,0.0,0.0,0.0,0.0,0.276,0.0,0.0,0.0,1.379,4.0,40.0
2,0.46,0.46,0.26,0.0,0.0,0.33,0.06,0.33,0.0,1.12,0.38,0.73,0.65,0.0,0.16,0.26,0.0,0.26,3.51,0.0,0.66,0.0,0.19,0.26,0.0,0.0,0.0,0.0,0.0,0.0,0.0,0.0,0.0,0.0,0.0,0.0,0.0,0.0,0.0,0.0,0.0,0.0,0.0,0.0,0.0,0.0,0.0,0.036,0.084,0.278,0.23,0.084,3.887,40.0,898.0
1,0.0,0.0,0.0,0.0,0.0,0.0,0.0,0.6,0.0,0.0,0.0,2.22,0.0,0.0,0.0,0.0,0.86,0.0,2.58,0.0,0.0,0.0,0.0,0.0,1.72,0.0,0.0,0.0,0.0,0.7139999999999963,0.0,0.0,0.0,0.0,0.0,0.63,0.0,0.0,0.0,0.0,0.0,0.0,0.0,0.0,0.0,0.0,0.0,0.0,0.0,0.141,0.0,0.0,1.535,8.0,43.0
1,0.0,0.0,0.0,0.0,0.0,0.0,0.0,0.0,0.0,0.0,0.0,0.0,0.0,0.0,0.0,0.0,0.0,0.0,4.76,0.0,0.0,0.0,0.0,0.0,0.0,0.0,0.0,0.0,0.0,0.0,0.0,0.0,0.0,0.0,0.0,0.0,0.0,0.0,0.0,0.0,0.0,0.0,0.0,0.0,1.44,0.0,0.0,0.0,0.0,0.0,0.0,0.0,1.0,1.0,12.0
2,0.0,0.0,0.0,0.0,0.0,0.0,0.0,0.0,0.0,0.0,0.0,0.72,0.0,0.0,0.0,0.0,0.0,0.0,0.0,0.0,0.0,0.0,0.0,0.0,0.0,0.0,0.0,0.48,0.0,0.0,0.0,0.0,0.0,0.0,0.0,0.24,0.0,0.0,0.48,0.0,0.0,0.0,0.0,0.0,0.0,0.0,0.0,0.0,0.185,0.0,0.0,0.0,2.802,38.0,241.0
1,0.24,0.0,0.12,0.0,0.0,0.12,0.24,0.0,0.0,0.0,0.0,0.37,0.0,0.0,0.0,0.0,0.0,0.0,0.86,0.0,0.24,0.0,0.0,0.0,1.24,0.62,0.49,0.24,0.24,0.24,0.24,0.0,0.37,0.07,0.24,0.24,0.24,0.0,0.24,0.24,0.0,0.12,0.24,0.2869999999999982,0.24,0.0,0.0,0.018,0.297,0.0,0.0,0.0,1.801,13.0,227.0
1,0.0,0.0,0.0,0.0,0.0,0.0,0.0,0.0,0.0,1.32,0.0,0.0,0.0,0.0,0.0,0.0,0.0,0.0,2.15,0.0,0.71,0.0,0.0,0.0,0.0,0.0,0.0,0.0,0.0,0.0,0.0,0.0,0.0,0.0,0.0,0.0,0.0,0.0,0.0,0.0,0.0,0.0,0.0,0.0,0.71,0.71,0.0,0.0,0.0,0.0,0.0,0.0,2.939,51.0,97.0
1,0.0,0.0,0.0,0.0,0.0,0.0,0.0,0.0,0.0,0.0,0.0,0.0,0.0,0.0,0.0,0.0,0.0,0.0,0.0,0.0,0.0,0.0,0.0,0.0,3.183999999999996,1.7939999999999965,1.916999999999998,0.85,0.51,0.7139999999999963,0.32,0.0,0.0,0.07,0.66,0.63,0.0,0.0,0.0,0.39,0.0,0.0,0.0,0.0,0.0,0.0,0.0,0.0,0.537,0.0,0.0,0.0,3.6,11.0,36.0
1,0.0,0.0,0.0,0.0,0.0,0.0,0.0,0.0,0.0,0.0,0.0,0.0,0.0,0.0,0.0,0.0,0.0,0.0,2.85,0.0,0.0,0.0,0.0,0.0,0.0,0.0,0.0,0.0,0.0,0.0,0.0,0.0,0.0,0.0,0.0,0.0,0.95,0.0,0.0,0.0,0.0,0.0,0.0,0.0,1.44,1.166999999999998,0.0,0.0,0.473,1.1457999999999993,0.0,0.0,1.294,5.0,22.0
1,0.0,0.6169999999999982,0.0,0.0,0.8,0.0,0.0,0.0,0.0,0.0,0.0,0.0,0.0,0.0,0.0,0.0,0.0,0.0,2.4,0.0,0.0,0.0,0.0,0.0,1.6,0.0,0.0,0.0,0.0,0.0,0.0,0.0,0.0,0.0,0.0,0.0,0.8,0.0,0.0,0.0,0.0,0.61,0.0,0.0,0.0,0.8,0.0,0.12,0.0,0.0,0.0,0.0,1.696,15.0,56.0
1,0.0,0.0,0.0,0.0,0.0,0.0,0.0,0.0,0.0,0.0,0.0,2.22,0.0,0.0,0.0,0.0,0.91,0.0,0.0,0.0,0.0,0.0,0.0,0.0,0.0,0.0,0.0,0.0,0.0,0.0,0.0,0.0,0.0,0.0,0.0,0.0,0.0,0.0,0.0,0.0,0.0,0.0,0.0,0.0,0.0,0.0,0.0,0.0,0.204,0.408,0.0,0.0,6.187,47.0,99.0
1,0.0,0.0,0.0,0.0,0.0,0.05,0.0,0.34,0.0,0.0,0.11,0.81,0.05,0.11,0.0,0.0,0.75,0.0,0.0,0.0,0.0,0.0,0.05,0.0,1.16,0.0,0.0,0.0,0.0,0.0,0.0,0.0,0.05,0.0,0.0,0.23,0.05,0.0,0.0,0.0,0.0,0.0,0.0,0.0,0.0,0.0,0.0,0.17069999999999982,0.107,0.0,0.053,0.0,1.864,32.0,910.0
1,0.32,0.0,0.0,0.0,0.0,0.0,0.0,0.0,0.0,0.64,0.0,2.22,0.0,0.0,0.0,0.0,0.0,0.0,0.32,0.0,0.0,0.0,0.0,0.0,3.183999999999996,1.7939999999999965,0.0,0.0,0.0,0.32,0.0,0.0,0.0,0.0,0.32,0.0,0.0,0.0,0.0,0.0,0.0,0.0,0.0,0.0,0.0,0.0,0.0,0.0,0.492,0.0,0.0,0.0,1.89,11.0,138.0
1,0.0,0.0,0.0,0.0,0.0,0.0,0.0,0.0,0.0,0.0,0.0,0.0,0.0,0.0,0.0,0.0,0.0,0.0,4.0,0.0,0.0,0.0,0.0,0.0,0.0,0.0,0.0,0.0,0.0,0.0,0.0,0.0,0.0,0.0,0.0,0.0,0.0,0.0,0.0,0.0,0.0,0.0,0.0,0.0,0.0,0.0,0.0,0.0,0.0,0.729,0.0,0.0,1.875,4.0,15.0
1,0.0,0.0,0.0,0.0,0.0,0.0,0.0,0.0,0.0,0.0,0.0,0.0,0.0,0.0,0.0,0.0,0.0,0.0,0.0,0.0,0.0,0.0,0.0,0.0,0.0,0.0,1.916999999999998,0.0,0.0,0.0,0.0,0.0,0.0,0.0,0.0,0.0,0.95,0.0,0.53,0.0,0.0,0.0,0.0,0.0,0.0,0.0,0.0,0.17069999999999982,0.537,0.0,0.0,0.0,3.7,26.0,37.0
1,0.0,0.0,0.0,0.0,0.0,0.0,0.0,0.0,0.0,0.0,0.0,2.22,0.0,0.0,0.0,0.0,0.0,0.0,0.0,0.0,0.0,0.0,0.0,0.0,1.25,1.25,0.0,0.85,0.0,0.0,0.0,0.0,0.0,0.0,0.0,0.0,0.0,0.0,0.53,0.0,0.0,0.0,0.0,0.0,0.0,0.0,0.0,0.0,0.224,0.0,0.0,0.0,2.379,18.0,69.0
2,0.0,0.0,0.0,0.0,0.0,0.64,0.0,0.0,0.0,0.0,0.0,0.0,0.0,0.0,0.0,0.0,0.0,0.0,2.19,0.0,0.0,0.0,0.0,0.0,0.0,0.0,0.0,0.0,0.0,0.0,0.0,0.0,0.0,0.0,0.0,0.0,0.0,0.0,0.0,0.0,0.0,0.0,0.0,0.0,0.0,0.0,0.0,0.0,0.403,1.1457999999999993,0.0,0.0,2.678,12.0,75.0
1,0.0,0.0,0.4,0.0,0.0,0.0,0.0,0.0,0.0,0.8,0.0,0.0,0.0,0.0,0.0,0.0,0.0,0.0,0.4,0.0,0.4,0.0,0.0,0.0,1.2,0.8,0.0,0.0,0.0,0.4,0.0,0.0,0.0,0.0,0.0,0.0,0.0,0.0,0.0,0.0,0.0,0.0,0.0,0.0,0.0,0.0,0.0,0.0,0.099,0.049,0.0,0.0,2.288,9.0,135.0
2,0.14,0.29,0.44,0.0,0.88,0.29,0.0,0.0,0.67,1.32,0.14,1.91,0.29,0.0,0.16,0.29,0.0,1.19,2.35,0.14,2.35,0.0,0.73,0.29,0.0,0.0,0.0,0.0,0.0,0.0,0.0,0.0,0.0,0.0,0.0,0.0,0.0,0.0,0.0,0.0,0.0,0.0,0.0,0.0,0.0,0.0,0.0,0.0,0.023,1.003,0.215,0.047,6.602,156.39999999999964,898.0
1,0.0,0.0,0.0,0.0,0.0,0.0,0.0,0.0,0.0,0.0,0.0,0.0,0.0,0.0,0.0,0.0,0.0,0.0,0.0,0.0,0.0,0.0,0.0,0.0,0.0,0.0,0.0,0.0,0.0,0.0,0.0,0.0,0.0,0.0,0.0,0.0,0.0,0.0,0.0,0.0,0.0,0.0,0.0,0.0,1.44,0.0,0.0,0.0,0.0,0.0,0.0,0.0,1.25,2.0,9.0
1,0.0,0.0,0.0,0.0,0.0,0.0,0.0,0.0,0.0,0.0,0.0,1.75,0.0,0.0,0.0,0.0,0.0,0.0,0.0,0.0,0.0,0.0,0.0,0.0,0.0,0.0,0.0,0.0,0.51,0.0,0.0,0.0,0.0,0.0,0.0,0.0,0.0,0.0,0.53,0.0,0.0,0.0,0.0,0.0,0.0,0.0,0.0,0.0,0.0,0.0,0.0,0.0,1.795,11.0,79.0
1,0.0,0.0,0.0,0.0,0.0,0.61,0.0,0.0,0.0,0.0,0.0,0.61,0.0,0.0,0.0,0.0,0.0,0.0,1.85,0.0,0.0,0.0,0.0,0.0,0.0,0.0,0.0,0.0,0.0,0.0,0.0,0.0,0.0,0.0,0.0,0.0,0.0,0.0,0.0,0.0,0.0,0.0,0.0,0.0,0.61,0.0,0.0,0.0,0.0,0.0,0.0,0.0,1.0,1.0,35.0
1,0.6569999999999983,0.0,0.0,0.0,0.0,0.0,0.0,0.0,0.33,0.33,0.33,0.33,0.33,0.0,0.0,0.0,0.0,0.33,1.35,0.0,0.67,0.0,0.0,0.0,0.0,0.0,0.0,0.0,0.0,0.0,0.0,0.0,0.0,0.0,0.0,0.0,0.0,0.0,0.0,0.0,0.0,0.0,0.0,0.0,0.0,0.0,0.0,0.056,0.28,0.056,0.0,0.0,1.866,17.0,112.0
2,0.0,0.0,0.46,0.0,0.0,0.0,0.0,0.15,0.0,0.0,0.0,0.15,0.0,0.0,0.0,0.0,0.0,0.46,0.93,0.0,0.0,0.0,0.46,0.0,0.0,0.0,0.0,0.0,0.0,0.0,0.0,0.0,0.0,0.0,0.0,0.15,0.0,0.0,0.0,0.39,0.0,0.0,0.0,0.0,0.0,0.0,0.0,0.071,0.071,0.095,0.023,0.0,9.018899999999988,156.39999999999964,1179.3999999999996
2,0.0,0.0,0.84,0.0,0.56,0.0,0.0,0.56,0.0,0.0,0.0,0.0,0.0,0.0,0.0,0.28,0.0,0.0,1.13,0.0,0.28,0.0,0.0,0.0,0.0,0.0,0.0,0.0,0.0,0.0,0.0,0.0,0.0,0.0,0.0,0.0,0.0,0.0,0.0,0.28,0.0,0.0,0.0,0.0,0.0,0.0,0.0,0.0,0.278,0.046,0.0,0.0,1.661,6.0,118.0
2,0.6569999999999983,0.0,1.29,0.0,0.0,0.0,0.0,0.0,0.67,0.0,0.0,0.0,0.0,0.0,0.0,1.36,0.0,0.0,3.27,0.0,3.14,0.0,0.0,0.0,0.0,0.0,0.0,0.0,0.0,0.0,0.0,0.0,0.0,0.0,0.0,0.0,0.0,0.0,0.0,0.0,0.0,0.0,0.0,0.0,0.0,0.0,0.0,0.0,0.0,0.802,0.267,0.0,2.0,16.0,36.0
1,0.0,0.0,1.01,0.0,0.0,0.0,0.0,0.0,0.0,0.0,0.0,2.22,0.0,0.0,0.0,0.0,0.0,0.0,4.76,0.0,2.02,0.0,0.0,0.0,0.0,0.0,0.0,0.0,0.0,0.0,0.0,0.0,0.0,0.0,0.0,0.0,0.0,0.0,0.0,0.0,0.0,0.0,0.0,0.0,0.0,0.0,0.0,0.0,0.0,0.187,0.0,0.0,1.166,3.0,21.0
2,0.1,0.1,0.71,0.0,0.61,0.3,0.4,0.1,0.67,0.81,0.1,0.5,0.0,0.0,0.0,0.1,0.0,1.11,2.23,0.35,2.03,0.0,0.0,0.3,0.0,0.0,0.0,0.0,0.0,0.0,0.0,0.0,0.0,0.0,0.1,0.0,0.0,0.0,0.1,0.0,0.0,0.0,0.0,0.0,0.0,0.0,0.0,0.0,0.0,0.976,0.38239999999999963,0.033,3.186,56.0,1042.0
1,0.6569999999999983,0.0,1.29,0.0,0.0,0.0,0.0,0.0,0.0,0.0,0.0,0.0,0.0,0.0,0.0,0.0,0.0,0.0,4.76,0.0,0.0,0.0,0.0,0.0,0.0,0.0,0.0,0.0,0.0,0.0,0.0,0.0,0.0,0.0,0.0,0.0,0.0,0.0,0.0,0.0,0.0,0.0,0.0,0.0,0.0,0.0,0.0,0.0,0.401,0.0,0.0,0.0,1.0,1.0,9.0
1,0.11,0.0,0.22,0.0,0.0,0.0,0.0,0.0,0.67,0.0,0.0,0.34,0.0,0.0,0.0,0.0,0.0,0.0,0.45,0.0,0.22,0.0,0.0,0.0,0.56,0.68,0.11,0.0,0.0,0.0,0.0,0.0,0.34,0.0,0.0,0.11,0.22,0.0,0.0,0.0,0.0,0.0,0.0,0.0,0.0,0.11,0.0,0.076,0.198,0.0,0.03,0.0,4.211,81.0,678.0
1,0.0,0.0,0.11,0.0,0.22,0.11,0.0,0.0,0.0,0.0,0.0,0.99,0.11,0.11,0.0,0.0,0.22,0.0,0.0,0.0,0.0,0.0,0.11,0.0,3.183999999999996,0.11,0.0,0.0,0.33,0.0,0.0,0.0,0.11,0.0,0.0,0.63,0.44,0.0,0.11,0.0,0.0,0.0,0.11,0.0,0.0,0.0,0.0,0.044,0.149,0.0,0.0,0.0,2.419,27.0,559.0
1,0.0,0.0,0.0,0.0,0.0,0.0,0.0,0.0,0.0,0.0,0.0,0.0,0.0,0.0,0.0,0.0,0.0,0.0,0.0,0.0,0.0,0.0,0.0,0.0,0.0,0.0,0.16,0.0,0.0,0.0,0.0,0.0,0.0,0.0,0.0,0.0,0.0,0.0,0.0,0.16,0.0,0.0,0.0,0.0,0.0,0.0,0.0,0.0,0.537,0.0,0.0,0.0,3.989,33.0,738.0
2,0.0,0.56,0.56,0.0,1.12,0.56,0.7839999999999964,0.0,0.0,0.56,0.0,0.56,0.0,0.0,0.0,0.0,0.0,0.56,3.38,0.0,1.12,0.0,0.0,0.0,0.0,0.0,0.0,0.0,0.0,0.0,0.0,0.0,0.0,0.0,0.0,0.0,0.0,0.0,0.0,0.0,0.0,0.0,0.0,0.0,0.56,0.0,0.0,0.0,0.083,0.502,0.0,0.083,9.018899999999988,148.0,375.0
1,0.0,0.0,0.0,0.0,0.0,0.0,0.0,0.0,0.0,0.0,0.0,0.0,0.0,0.0,0.0,0.0,0.0,0.0,1.72,0.0,0.0,0.0,0.0,0.0,3.183999999999996,1.7939999999999965,0.0,0.0,0.0,0.7139999999999963,0.0,0.0,0.0,0.0,0.66,0.0,0.0,0.0,0.0,0.0,0.0,0.0,0.0,0.0,0.0,0.0,0.0,0.0,0.0,0.0,0.0,0.0,2.16,11.0,54.0
2,0.0,0.6169999999999982,0.0,0.0,1.51,0.0,0.0,0.4,0.0,1.21,0.0,0.81,0.0,0.0,0.0,0.4,0.0,0.0,3.65,0.0,1.62,0.0,0.73,0.4,0.0,0.0,0.0,0.0,0.0,0.0,0.0,0.0,0.0,0.0,0.0,0.0,0.0,0.0,0.0,0.0,0.0,0.0,0.0,0.0,0.4,0.0,0.0,0.0,0.0,0.0,0.272,0.0,3.192,34.0,166.0
1,0.0,0.0,0.0,0.0,0.0,0.0,0.0,0.0,0.0,0.0,0.0,0.24,0.0,0.0,0.16,0.0,0.0,0.0,0.49,0.0,0.49,0.0,0.0,0.0,1.72,1.23,0.24,0.24,0.24,0.24,0.24,0.0,0.0,0.07,0.24,0.24,0.24,0.0,0.0,0.24,0.0,0.0,0.24,0.0,0.24,0.0,0.0,0.0,0.312,0.0,0.117,0.0,1.89,13.0,189.0
2,0.0,0.36,0.0,0.0,0.0,0.36,0.7839999999999964,0.0,0.0,0.36,0.36,0.73,0.0,0.0,0.0,0.36,0.0,1.1,2.2,0.0,0.73,0.0,0.36,0.0,0.0,0.0,0.0,0.0,0.0,0.0,0.0,0.0,0.0,0.0,0.0,0.0,0.0,0.0,0.0,0.0,0.0,0.0,0.0,0.0,0.0,0.0,0.0,0.0,0.183,0.367,0.061,0.122,4.0,36.0,264.0
2,0.0,0.0,0.16,0.0,0.32,0.0,0.16,0.0,0.65,0.16,0.16,0.0,0.0,0.0,0.0,1.36,0.0,0.65,0.98,0.0,0.0,0.0,0.0,0.0,0.49,0.0,0.0,0.0,0.0,0.0,0.0,0.0,0.0,0.0,0.0,0.16,0.32,0.0,0.0,0.16,0.0,0.0,0.0,0.0,0.0,0.0,0.0,0.0,0.089,0.693,0.38239999999999963,0.0,4.835,52.0,1030.0
1,0.0,0.0,0.0,0.0,0.0,0.0,0.0,0.0,0.0,0.0,0.0,0.0,0.0,0.0,0.0,0.0,0.0,0.0,0.0,0.0,0.0,0.0,0.0,0.0,0.0,0.0,0.0,0.0,0.0,0.0,0.32,0.0,0.0,0.0,0.0,0.0,0.0,0.0,0.0,0.0,0.0,0.0,0.0,0.2869999999999982,0.0,0.0,0.0,0.0,0.0,0.0,0.0,0.14209999999999945,2.25,14.0,27.0
2,0.29,0.58,0.58,0.0,0.87,0.0,0.58,0.0,0.0,1.16,0.0,0.87,0.0,0.0,0.0,0.0,0.87,0.0,2.62,0.0,1.74,0.0,0.0,0.0,0.0,0.0,0.0,0.0,0.0,0.0,0.0,0.0,0.0,0.0,0.0,0.0,0.0,0.0,0.0,0.0,0.0,0.0,0.0,0.0,0.0,0.0,0.0,0.0,0.054,0.0,0.271,0.0,1.67,14.0,162.0
2,0.0,0.0,0.19,0.0,0.19,0.0,0.0,0.19,0.19,0.19,0.0,0.19,0.19,0.0,0.0,0.76,0.0,0.0,0.95,0.0,1.14,0.0,0.0,0.0,0.0,0.0,0.0,0.0,0.0,0.0,0.0,0.0,0.0,0.0,0.0,0.19,0.0,0.0,0.19,0.0,0.0,0.0,0.31,0.0,0.19,0.0,0.0,0.0,0.058,0.264,0.0,0.0,4.053,93.0,381.0
1,0.0,0.0,0.0,0.0,0.0,0.0,0.0,0.0,0.0,0.0,0.0,0.0,0.65,0.0,0.0,0.0,0.0,0.0,2.17,0.0,0.0,0.0,0.0,0.0,0.0,0.0,0.0,0.0,0.0,0.0,0.0,0.0,0.0,0.0,0.0,0.0,0.95,0.0,0.0,0.0,0.0,0.0,0.0,0.0,0.0,1.166999999999998,0.0,0.0,0.0,0.0,0.0,0.0,3.066,10.0,46.0
1,0.0,0.0,0.0,0.0,0.76,0.0,0.0,0.0,0.0,0.0,0.0,0.0,0.0,0.0,0.0,0.0,0.76,0.0,0.0,0.0,0.0,0.0,0.0,0.0,2.3,0.76,0.0,0.0,0.0,0.7139999999999963,0.0,0.0,0.0,0.0,0.0,0.0,0.0,0.0,0.0,0.0,0.0,0.0,0.0,0.0,0.0,0.0,0.0,0.0,0.0,0.0,0.0,0.0,2.3,7.0,138.0
1,0.0,0.0,0.0,0.0,0.0,0.0,0.67,0.0,0.0,0.0,0.0,0.0,0.0,0.0,0.0,0.0,0.0,0.0,3.37,0.0,0.67,0.0,0.0,0.0,0.0,0.0,0.67,0.0,0.0,0.0,0.0,0.0,0.0,0.0,0.0,0.0,0.0,0.0,0.0,0.0,0.0,0.0,0.0,0.0,1.35,0.0,0.0,0.0,0.0,0.0,0.0,0.0,1.87,7.0,58.0
1,0.0,0.0,0.6,0.0,0.0,0.0,0.0,0.6,0.0,0.0,0.0,0.6,0.0,0.0,0.0,0.6,0.0,0.0,0.6,0.0,1.21,0.0,0.0,0.0,1.21,1.7939999999999965,0.0,0.6,0.0,0.6,0.0,0.0,0.0,0.0,0.6,0.6,0.95,0.0,0.53,0.0,0.0,0.0,0.0,0.0,0.0,0.0,0.0,0.0,0.0,0.077,0.0,0.0,3.277,33.0,177.0
2,0.0,0.0,0.0,0.0,0.0,0.0,0.0,0.0,0.0,0.0,0.0,0.0,0.0,0.0,0.0,1.36,0.0,0.0,0.0,0.0,0.0,0.0,0.0,0.0,0.0,0.0,0.0,0.0,0.0,0.0,0.0,0.0,0.0,0.0,0.0,0.0,0.0,0.0,0.0,0.0,0.0,0.0,0.0,0.0,0.0,0.0,0.0,0.0,0.0,0.0,0.0,0.0,1.428,4.0,10.0
1,0.0,0.0,0.0,0.0,0.0,0.0,0.0,0.0,0.0,0.0,0.0,0.0,0.0,0.0,0.0,0.0,0.0,0.0,0.0,0.0,0.0,0.0,0.0,0.0,0.0,1.7939999999999965,0.0,0.0,0.0,0.0,0.0,0.0,0.0,0.0,0.0,0.0,0.0,0.0,0.0,0.0,0.0,0.0,0.0,0.0,0.0,0.0,0.0,0.0,0.0,0.0,0.0,0.0,1.75,4.0,14.0
2,0.0,0.6169999999999982,0.0,0.0,0.0,0.0,0.7839999999999964,0.0,0.0,0.0,0.0,0.0,0.0,0.0,0.0,1.36,0.91,0.0,0.0,0.0,1.36,0.0,0.0,0.0,0.0,0.0,0.0,0.0,0.0,0.0,0.0,0.0,0.0,0.0,0.0,0.0,0.0,0.0,0.0,0.0,0.0,0.0,0.0,0.0,0.0,0.0,0.0,0.0,0.17,0.17,0.17,0.14209999999999945,9.018899999999988,128.0,160.0
2,0.0,0.0,0.55,0.0,0.22,0.22,0.11,0.0,0.11,0.22,0.0,0.33,0.33,0.0,0.0,0.0,0.22,0.0,0.0,0.0,0.0,0.0,0.55,0.0,0.0,0.0,0.0,0.0,0.0,0.0,0.0,0.0,0.0,0.0,0.0,0.0,0.0,0.0,0.0,0.0,0.0,0.0,0.0,0.0,0.0,0.0,0.0,0.0,0.16,0.035,0.124,0.0,1.98,14.0,305.0
2,0.47,0.0,0.94,0.0,0.94,0.0,0.7839999999999964,0.0,0.0,0.0,0.0,0.47,0.0,0.0,0.0,0.0,0.47,0.0,4.24,0.0,0.94,0.0,0.73,0.0,0.0,0.0,0.0,0.0,0.0,0.0,0.0,0.0,0.0,0.0,0.47,0.0,0.0,0.0,0.0,0.0,0.0,0.0,0.0,0.0,0.47,0.0,0.0,0.0,0.073,1.1457999999999993,0.221,0.0,5.918,91.0,219.0
1,0.0,0.0,0.0,0.0,0.0,0.0,0.0,0.0,0.0,0.0,0.0,1.31,0.0,0.0,0.0,0.0,0.0,0.0,1.31,0.0,0.0,0.0,0.0,0.0,2.63,1.7939999999999965,1.916999999999998,0.85,0.51,0.7139999999999963,0.32,0.0,0.0,0.07,0.66,0.63,0.95,0.0,0.53,0.39,0.0,0.0,0.31,0.0,1.44,0.0,0.0,0.0,0.407,0.0,0.0,0.0,2.151,12.0,71.0
1,0.0,0.0,0.0,0.0,0.0,0.0,0.0,0.0,0.0,1.32,0.0,0.0,0.0,0.0,0.0,0.0,0.0,0.0,0.0,0.0,0.0,0.0,0.0,0.0,0.0,0.0,1.51,0.0,0.0,0.0,0.0,0.0,0.0,0.0,0.0,0.0,0.0,0.0,0.0,0.0,0.0,0.0,0.0,0.0,0.0,0.0,0.0,0.0,0.0,0.0,0.0,0.0,1.615,4.0,21.0
2,0.0,0.6169999999999982,0.0,0.0,0.0,0.0,0.0,0.0,0.0,1.19,0.0,0.0,0.0,0.0,0.0,0.0,0.0,1.19,0.0,0.0,0.0,0.0,0.0,0.0,0.0,0.0,0.0,0.0,0.0,0.0,0.0,0.0,0.0,0.0,0.0,0.0,0.0,0.0,0.0,0.0,0.0,0.0,0.0,0.0,0.0,0.0,0.0,0.0,0.0,0.0,0.0,0.0,5.225,38.0,162.0
1,0.0,0.0,0.0,0.0,0.0,0.0,0.0,0.0,0.0,0.0,0.0,1.02,0.0,0.0,0.0,0.0,0.0,0.0,0.0,0.0,0.0,0.0,0.0,0.0,3.06,1.7939999999999965,0.0,0.0,0.0,0.0,0.0,0.0,0.0,0.0,0.51,0.0,0.0,0.0,0.0,0.0,0.0,0.0,0.0,0.0,0.0,0.0,0.0,0.0,0.217,0.0,0.0,0.0,1.718,12.0,122.0
2,0.18,0.0,0.18,0.0,1.51,0.36,0.0,0.06,0.06,0.06,0.06,0.55,0.3,0.06,0.0,0.0,0.73,0.0,4.4,0.24,1.1,0.0,0.73,0.06,0.0,0.0,0.0,0.0,0.0,0.0,0.0,0.0,0.0,0.0,0.0,0.0,0.0,0.0,0.0,0.0,0.0,0.0,0.06,0.0,0.0,0.0,0.0,0.01,0.052,0.01,0.169,0.0,1.775,12.0,451.0
1,0.0,0.0,0.0,0.0,0.0,0.0,0.0,0.0,0.0,0.0,0.0,0.0,0.0,0.0,0.0,0.0,0.0,0.0,4.76,0.0,0.81,0.0,0.0,0.0,0.0,0.0,0.0,0.0,0.0,0.0,0.0,0.0,0.0,0.0,0.0,0.0,0.0,0.0,0.0,0.0,0.0,0.0,0.0,0.0,0.0,0.0,0.0,0.0,0.478,0.0,0.0,0.0,1.333,4.0,28.0
1,0.6569999999999983,0.0,0.0,0.0,0.0,0.0,0.0,0.0,0.0,0.0,0.0,0.0,0.0,0.0,0.0,0.0,0.0,0.0,1.04,0.0,0.0,0.0,0.0,0.0,0.0,0.0,1.916999999999998,0.0,0.0,0.0,0.0,0.0,0.0,0.0,0.0,0.0,0.0,0.0,0.0,0.0,0.0,0.61,0.0,0.0,0.0,0.0,0.0,0.0,0.191,0.0,0.0,0.0,1.0,1.0,17.0
1,0.0,0.0,0.0,0.0,0.0,0.0,0.0,0.0,0.0,0.0,0.0,2.22,0.0,0.0,0.0,0.0,0.0,0.0,0.0,0.0,0.0,0.0,0.0,0.0,0.0,0.0,0.0,0.0,0.0,0.0,0.0,0.0,0.0,0.0,0.0,0.0,0.0,0.0,0.0,0.0,0.0,0.0,0.0,0.0,0.0,1.166999999999998,0.0,0.0,0.526,0.0,0.0,0.0,1.571,3.0,11.0
2,0.0,0.0,0.0,0.0,0.0,0.0,0.0,0.0,0.0,0.0,0.0,0.0,0.0,0.0,0.0,1.23,0.91,0.0,4.76,0.0,3.14,0.0,0.0,0.0,0.0,0.0,0.0,0.0,0.0,0.0,0.0,0.0,0.0,0.0,0.0,0.0,0.0,0.0,0.0,0.0,0.0,0.0,0.0,0.0,1.23,0.0,0.0,0.0,0.0,0.234,0.0,0.0,4.176,41.0,71.0
1,0.0,0.0,0.0,0.0,0.0,0.0,0.0,0.0,0.0,0.0,0.0,0.0,0.0,0.0,0.0,0.0,0.0,0.0,1.98,0.0,0.99,0.0,0.0,0.0,2.97,1.7939999999999965,0.0,0.85,0.0,0.0,0.0,0.0,0.0,0.0,0.66,0.0,0.0,0.0,0.0,0.0,0.0,0.0,0.0,0.0,0.0,0.0,0.0,0.0,0.51,0.0,0.0,0.0,2.347,10.0,54.0
2,0.0,0.0,0.91,0.0,1.51,0.45,0.0,0.0,0.0,0.0,0.0,0.45,0.0,0.0,0.0,1.36,0.0,0.0,2.28,0.0,3.14,0.0,0.0,0.0,0.0,0.0,0.0,0.0,0.0,0.0,0.0,0.0,0.0,0.0,0.0,0.0,0.0,0.0,0.0,0.0,0.0,0.0,0.0,0.0,0.0,0.0,0.0,0.0,0.073,0.0,0.0,0.0,2.032,12.0,126.0
1,0.12,0.0,0.6,0.0,0.6,0.0,0.0,0.0,0.0,0.0,0.0,0.12,0.12,0.0,0.12,0.0,0.73,0.0,0.6,0.0,0.48,0.0,0.0,0.0,1.58,0.0,0.0,0.24,0.0,0.0,0.32,0.0,0.0,0.0,0.36,0.0,0.12,0.0,0.0,0.0,0.0,0.61,0.0,0.12,0.12,0.0,0.0,0.016,0.148,0.033,0.016,0.0,2.056,65.0,364.0
1,0.0,0.0,0.0,0.0,1.51,0.0,0.0,0.0,0.0,0.87,0.0,0.0,0.0,0.0,0.0,0.0,0.0,0.0,1.75,0.0,0.87,0.0,0.0,0.0,0.87,0.87,0.87,0.0,0.0,0.0,0.0,0.0,0.0,0.0,0.0,0.0,0.87,0.0,0.53,0.0,0.0,0.0,0.31,0.2869999999999982,0.87,0.0,0.0,0.17069999999999982,0.0,0.0,0.0,0.0,1.466,12.0,44.0
2,0.08,0.08,0.76,0.0,0.85,0.64,0.25,0.17,0.59,0.08,0.17,0.59,0.17,0.0,0.16,0.25,0.08,0.94,1.62,0.17,0.42,0.0,0.73,0.08,0.0,0.0,0.0,0.0,0.0,0.0,0.0,0.0,0.0,0.0,0.0,0.0,0.0,0.0,0.0,0.08,0.0,0.0,0.17,0.08,0.08,0.08,0.0,0.0,0.063,0.42,0.114,0.012,7.497,156.39999999999964,1179.3999999999996
2,0.15,0.15,0.31,0.0,0.15,0.0,0.46,0.0,0.0,0.0,0.38,0.62,0.15,0.0,0.0,0.31,0.15,0.93,2.63,0.0,2.01,0.0,0.0,0.0,0.0,0.0,0.0,0.0,0.0,0.0,0.0,0.0,0.0,0.0,0.0,0.0,0.0,0.0,0.0,0.0,0.0,0.0,0.0,0.0,0.0,0.0,0.0,0.0,0.092,0.123,0.0,0.0,6.268,156.39999999999964,608.0
2,0.43,0.0,0.0,0.0,0.87,0.64,0.0,0.0,0.0,0.43,0.0,2.18,0.0,0.0,0.0,0.0,0.91,0.0,0.87,0.0,0.87,0.0,0.0,0.43,0.0,0.0,0.0,0.0,0.0,0.0,0.0,0.0,0.0,0.0,0.0,0.43,0.0,0.0,0.0,0.0,0.0,0.0,0.0,0.0,0.0,0.0,0.0,0.0,0.0,0.874,0.0,0.0,5.114,107.0,179.0
1,0.6569999999999983,0.0,0.0,0.0,0.0,0.0,0.0,0.0,0.66,0.66,0.0,2.0,0.0,0.0,0.0,0.0,0.0,0.0,2.0,0.0,1.33,0.0,0.0,0.0,0.66,0.66,0.0,0.85,0.0,0.0,0.0,0.0,0.0,0.0,0.0,0.0,0.0,0.0,0.53,0.0,0.0,0.0,0.0,0.0,0.0,0.0,0.0,0.0,0.35,0.0,0.0,0.0,2.529,11.0,86.0
2,0.0,0.6169999999999982,1.29,0.0,1.3,0.0,0.7839999999999964,0.6,0.32,1.32,0.0,0.81,0.0,0.0,0.16,0.49,0.65,0.0,0.98,0.16,1.3,0.0,0.0,0.0,0.0,0.0,0.0,0.0,0.0,0.0,0.0,0.0,0.0,0.0,0.0,0.16,0.0,0.0,0.0,0.16,0.0,0.0,0.0,0.0,0.0,0.0,0.0,0.0,0.247,0.179,0.38239999999999963,0.0,2.922,113.0,640.0
1,0.0,0.0,0.71,0.0,0.0,0.0,0.0,0.0,0.0,0.0,0.0,0.71,0.0,0.0,0.0,0.0,0.0,0.0,2.15,0.0,0.71,0.0,0.0,0.0,0.0,0.0,0.0,0.0,0.51,0.0,0.0,0.0,0.0,0.0,0.0,0.0,0.0,0.0,0.0,0.0,0.0,0.0,0.0,0.0,0.0,0.0,0.0,0.0,0.0,0.342,0.0,0.0,1.0,1.0,31.0
1,0.06,0.0,0.0,0.0,0.0,0.12,0.0,0.0,0.0,0.12,0.0,0.19,0.0,0.0,0.06,0.19,0.12,0.0,1.74,0.06,1.23,0.0,0.25,0.06,2.26,0.38,0.06,0.19,0.0,0.19,0.32,0.0,0.0,0.0,0.25,0.0,0.32,0.0,0.19,0.0,0.0,0.0,0.0,0.0,0.06,0.0,0.0,0.0,0.33,0.064,0.055,0.0,2.024,25.0,897.0
1,0.08,0.0,0.08,0.0,0.0,0.0,0.0,0.0,0.67,0.0,0.0,0.25,0.0,0.0,0.0,0.0,0.0,0.08,0.34,0.0,0.25,0.0,0.0,0.0,0.77,0.86,0.08,0.0,0.0,0.0,0.0,0.0,0.25,0.0,0.0,0.0,0.43,0.0,0.0,0.17,0.0,0.0,0.0,0.0,0.0,0.0,0.0,0.098,0.16,0.0,0.024,0.0,2.634,36.0,598.0
2,0.0,0.0,0.0,0.0,0.87,0.0,0.0,0.6,0.0,0.0,0.29,1.74,0.0,0.0,0.0,0.0,0.87,0.0,4.76,0.0,2.91,0.0,0.0,0.0,0.0,0.0,0.0,0.0,0.0,0.0,0.0,0.0,0.0,0.0,0.0,0.0,0.0,0.0,0.0,0.0,0.0,0.0,0.0,0.0,0.0,0.0,0.0,0.151,0.0,0.0,0.0,0.0,1.095,4.0,46.0
1,0.0,0.0,0.0,0.0,0.0,0.0,0.0,0.0,0.0,1.25,0.0,1.25,0.0,0.0,0.0,0.0,0.0,0.0,2.5,0.0,1.25,0.0,0.0,0.0,1.25,1.25,0.0,0.0,0.0,0.0,0.0,0.0,0.0,0.0,0.0,0.0,0.0,0.0,0.53,0.0,0.0,0.0,0.0,0.0,1.25,1.166999999999998,0.0,0.0,0.0,0.0,0.204,0.0,2.45,15.0,49.0
2,0.26,0.05,1.29,0.0,0.37,0.1,0.0,0.0,0.1,0.1,0.21,1.07,0.0,0.0,0.0,0.0,0.0,0.0,3.38,0.0,1.39,0.0,0.0,0.32,0.0,0.0,0.0,0.0,0.0,0.0,0.0,0.0,0.0,0.0,0.0,0.0,0.0,0.0,0.0,0.0,0.0,0.0,0.0,0.0,0.05,0.0,0.0,0.0,0.076,0.262,0.186,0.025,9.018899999999988,156.39999999999964,1179.3999999999996
1,0.0,0.0,0.0,0.0,0.15,0.0,0.0,0.07,0.07,0.07,0.0,0.83,0.15,0.0,0.0,0.0,0.15,0.0,0.0,0.0,0.0,0.0,0.07,0.0,3.183999999999996,0.0,0.0,0.0,0.0,0.0,0.0,0.0,0.07,0.0,0.0,0.22,0.07,0.0,0.0,0.0,0.0,0.0,0.0,0.0,0.0,0.0,0.0,0.068,0.049,0.0,0.009,0.0,2.356,27.0,707.0
1,0.03,0.0,0.03,0.0,0.06,0.03,0.0,0.0,0.32,0.0,0.0,0.09,0.0,0.0,0.0,0.0,0.0,0.03,0.13,0.0,0.09,0.0,0.0,0.0,1.4,1.44,0.03,0.0,0.0,0.0,0.0,0.0,0.09,0.0,0.0,0.03,0.95,0.0,0.0,0.0,0.0,0.0,0.0,0.06,0.0,0.0,0.0,0.17069999999999982,0.235,0.0,0.009,0.0,2.754,34.0,1179.3999999999996
2,0.0,0.11,0.23,0.0,0.58,0.34,0.11,0.0,0.34,0.0,0.23,0.92,0.46,0.0,0.0,0.46,0.23,0.34,0.58,0.0,0.58,0.0,0.11,0.0,0.0,0.0,0.0,0.0,0.0,0.0,0.0,0.0,0.0,0.0,0.0,0.0,0.0,0.0,0.0,0.0,0.0,0.0,0.11,0.0,0.0,0.0,0.0,0.075,0.037,0.322,0.094,0.018,2.576,48.0,389.0
2,0.1,0.1,0.71,0.0,0.6,0.3,0.4,0.1,0.67,0.81,0.1,0.5,0.0,0.0,0.0,0.1,0.0,1.01,2.23,0.35,2.03,0.0,0.0,0.3,0.0,0.0,0.0,0.0,0.0,0.0,0.0,0.0,0.0,0.0,0.1,0.0,0.0,0.0,0.1,0.0,0.0,0.0,0.0,0.0,0.0,0.0,0.0,0.0,0.0,0.977,0.38239999999999963,0.033,3.166,56.0,1045.0
1,0.0,0.0,0.0,0.0,1.13,0.0,0.0,0.0,0.0,1.13,0.0,0.0,0.0,0.0,0.0,0.0,0.0,1.13,2.27,0.0,3.14,0.0,0.0,0.0,0.0,0.0,1.13,0.0,0.0,0.0,0.0,0.0,0.0,0.0,0.0,0.0,0.0,0.0,0.0,0.0,0.0,0.61,0.0,0.0,0.0,0.0,0.0,0.0,0.0,0.0,0.0,0.0,1.0,1.0,11.0
2,0.0,0.0,0.09,0.0,0.58,0.29,0.09,0.0,0.38,0.0,0.29,0.48,0.38,0.0,0.0,0.0,0.19,0.0,0.77,0.0,0.67,0.0,0.09,0.0,0.0,0.0,0.0,0.0,0.0,0.0,0.0,0.0,0.0,0.0,0.0,0.0,0.09,0.0,0.0,0.0,0.0,0.0,0.09,0.0,0.09,0.0,0.0,0.063,0.047,0.559,0.047,0.031,1.694,23.0,432.0
1,0.0,0.0,0.0,0.0,0.0,0.0,0.0,0.0,0.0,0.0,0.0,1.13,0.0,0.0,0.0,0.0,0.0,0.0,0.0,0.0,0.0,0.0,0.0,0.0,0.0,0.0,0.0,0.0,0.0,0.0,0.0,0.0,0.0,0.0,0.0,0.0,0.0,0.0,0.53,0.0,0.0,0.61,0.0,0.0,0.0,0.0,0.0,0.17069999999999982,0.396,0.0,0.0,0.0,2.076,5.0,27.0
2,0.4,0.0,0.0,0.0,0.8,0.0,0.4,0.6,0.0,1.2,0.38,2.22,0.0,0.0,0.0,0.4,0.0,0.0,4.0,0.0,0.8,0.0,0.0,0.5769999999999982,0.0,0.0,0.0,0.0,0.0,0.0,0.0,0.0,0.0,0.0,0.0,0.0,0.0,0.0,0.0,0.0,0.0,0.0,0.0,0.0,0.0,0.0,0.0,0.052,0.0,0.105,0.052,0.052,1.194,5.0,129.0
1,0.0,0.0,0.0,0.0,0.0,0.0,0.0,0.0,0.0,0.0,0.0,1.78,0.0,0.0,0.0,0.0,0.0,0.0,3.57,0.0,1.78,0.0,0.0,0.0,0.0,0.0,0.0,0.0,0.0,0.0,0.0,0.0,0.0,0.0,0.0,0.0,0.0,0.0,0.0,0.0,0.0,0.61,0.0,0.0,1.44,0.0,0.0,0.0,0.0,1.1457999999999993,0.0,0.0,2.23,8.0,29.0
1,0.0,0.0,0.0,0.0,0.0,0.0,0.0,0.0,0.0,0.0,0.0,0.0,0.0,0.0,0.0,0.0,0.0,0.0,3.7,0.0,1.85,0.0,0.0,0.0,0.0,0.0,0.0,0.0,0.0,0.0,0.0,0.0,0.0,0.0,0.0,0.0,0.0,0.0,0.0,0.0,0.0,0.0,0.0,0.0,0.92,0.92,0.0,0.0,0.0,0.0,0.38239999999999963,0.0,2.918,47.0,108.0
2,0.0,0.0,0.0,0.0,0.0,0.0,0.0,0.0,0.0,0.0,0.0,0.0,0.0,0.17,0.0,1.36,0.0,0.0,4.76,0.0,2.38,0.0,0.0,0.0,0.0,0.0,0.0,0.0,0.0,0.0,0.0,0.0,0.0,0.0,0.0,0.0,0.0,0.0,0.0,0.0,0.0,0.0,0.0,0.0,0.0,0.0,0.0,0.0,0.0,0.0,0.0,0.0,2.375,11.0,38.0
1,0.0,0.0,0.0,0.0,0.0,0.0,0.0,0.0,0.0,0.0,0.0,0.0,0.0,0.0,0.0,1.25,0.0,1.19,2.5,0.0,1.25,0.0,0.0,0.0,0.0,0.0,0.0,0.0,0.0,0.0,0.0,0.0,0.0,0.0,0.0,0.0,0.0,0.0,0.0,0.0,0.0,0.0,0.0,0.0,0.0,0.0,0.0,0.0,0.0,0.0,0.0,0.0,4.176,55.0,71.0
2,0.44,0.0,0.88,0.0,0.44,0.64,0.0,0.0,0.0,0.0,0.0,0.0,0.0,0.0,0.0,0.0,0.0,0.44,1.76,0.0,2.2,0.0,0.73,0.0,0.0,0.0,0.0,0.0,0.0,0.0,0.0,0.0,0.0,0.0,0.0,0.0,0.0,0.0,0.0,0.0,0.0,0.0,0.0,0.0,0.0,0.0,0.0,0.17069999999999982,0.0,0.444,0.37,0.0,2.413,16.0,140.0
1,0.0,0.0,0.51,0.0,0.0,0.51,0.0,0.0,0.0,0.0,0.0,0.0,0.51,0.0,0.0,0.51,0.0,0.0,1.03,0.0,0.0,0.0,0.0,0.0,0.0,0.0,0.0,0.0,0.0,0.0,0.0,0.0,0.0,0.0,0.0,0.0,0.0,0.0,0.0,0.0,0.0,0.0,0.0,0.0,0.0,0.0,0.0,0.0,0.0,0.087,0.0,0.0,1.218,6.0,39.0
2,0.43,0.0,0.43,0.0,0.43,0.43,0.0,0.0,0.0,0.87,0.0,0.43,0.0,0.0,0.0,0.0,0.91,0.0,1.31,0.0,1.74,0.0,0.73,0.0,0.0,0.0,0.43,0.0,0.0,0.0,0.0,0.0,0.0,0.0,0.0,0.0,0.0,0.0,0.0,0.0,0.0,0.0,0.0,0.0,0.0,0.0,0.0,0.0,0.0,0.298,0.149,0.074,2.955,47.0,133.0
1,0.0,0.16,0.49,0.0,0.0,0.16,0.0,0.0,0.0,0.49,0.0,0.16,0.32,0.0,0.0,0.0,0.0,0.0,1.3,0.0,0.32,0.0,0.0,0.0,0.0,0.0,0.0,0.0,0.0,0.0,0.0,0.0,0.0,0.0,0.0,0.0,0.16,0.0,0.0,0.0,0.0,0.0,0.0,0.0,0.16,0.16,0.0,0.0,0.119,0.149,0.0,0.0,2.178,107.0,244.0
1,0.0,0.0,0.0,0.0,1.11,0.0,0.0,0.0,0.0,0.0,0.38,0.0,0.0,0.0,0.0,0.0,0.0,0.0,0.0,0.0,0.0,0.0,0.0,0.0,0.0,0.0,1.11,0.0,0.0,0.0,0.0,0.0,0.4669999999999982,0.0,0.0,0.0,0.0,0.0,0.0,0.0,0.0,0.61,0.0,0.0,0.0,0.0,0.0,0.0,0.363,0.181,0.0,0.0,1.285,4.0,27.0
2,0.19,0.0,0.19,0.0,0.87,0.48,0.09,0.0,0.09,0.39,0.38,0.68,0.19,0.0,0.09,0.29,0.91,0.39,3.51,0.35,1.56,0.0,0.09,0.5769999999999982,0.0,0.0,0.0,0.0,0.0,0.0,0.0,0.0,0.0,0.0,0.0,0.0,0.0,0.0,0.0,0.0,0.0,0.0,0.0,0.0,0.09,0.0,0.0,0.015,0.18,0.045,0.015,0.0,2.133,40.0,303.0
1,0.0,0.0,0.0,0.0,0.0,0.0,0.0,0.0,0.0,0.0,0.0,0.0,0.0,0.0,0.0,0.0,0.0,0.0,1.01,0.0,0.0,0.0,0.0,0.0,0.0,0.0,0.0,0.0,0.0,0.0,0.0,0.0,0.0,0.0,0.0,0.0,0.95,0.0,0.0,0.0,0.0,0.0,0.0,0.0,0.0,1.166999999999998,0.0,0.0,0.0,0.0,0.0,0.0,3.043,15.0,70.0
1,0.0,0.0,0.0,0.0,0.0,0.0,0.0,0.0,0.0,0.0,0.0,0.0,0.0,0.0,0.0,0.0,0.0,0.0,2.77,0.0,0.0,0.0,0.0,0.0,0.0,0.0,0.0,0.0,0.0,0.0,0.0,0.0,0.0,0.0,0.0,0.0,0.0,0.0,0.0,0.0,0.0,0.0,0.0,0.0,0.69,0.0,0.0,0.0,0.0,1.1457999999999993,0.0,0.0,1.387,5.0,43.0
2,0.14,0.0,0.21,0.0,1.51,0.43,0.0,0.0,0.07,0.14,0.07,0.57,0.35,0.07,0.0,0.0,0.28,0.0,4.31,0.28,0.64,0.0,0.73,0.07,0.0,0.0,0.0,0.0,0.0,0.0,0.0,0.0,0.0,0.0,0.0,0.0,0.0,0.0,0.0,0.0,0.0,0.0,0.07,0.0,0.0,0.0,0.0,0.012,0.064,0.0,0.206,0.0,1.711,10.0,380.0
1,0.0,0.0,0.0,0.0,0.0,0.0,0.0,0.0,0.0,0.0,0.0,0.0,0.0,0.0,0.0,0.0,0.0,0.0,0.0,0.0,0.0,0.0,0.0,0.0,1.72,1.7939999999999965,0.0,0.0,0.0,0.0,0.0,0.0,0.0,0.0,0.0,0.0,0.0,0.0,0.0,0.0,0.0,0.0,0.0,0.0,0.0,0.0,0.0,0.0,0.0,0.0,0.0,0.0,2.466,13.0,37.0
1,0.0,0.0,0.0,0.0,1.51,0.64,0.0,0.0,0.0,0.0,0.0,2.22,0.0,0.0,0.0,0.0,0.0,0.79,0.0,0.0,0.0,0.0,0.0,0.0,1.58,1.58,0.0,0.85,0.0,0.0,0.32,0.0,0.0,0.0,0.66,0.0,0.0,0.0,0.0,0.0,0.0,0.0,0.0,0.2869999999999982,0.0,0.0,0.0,0.0,0.263,0.0,0.0,0.0,2.575,15.0,103.0
2,0.4,0.0,0.6,0.0,0.2,0.6,0.2,0.6,0.2,0.2,0.2,1.2,0.0,0.0,0.0,0.4,0.91,0.4,2.21,0.35,2.62,0.0,0.2,0.5769999999999982,0.0,0.0,0.0,0.0,0.0,0.0,0.0,0.0,0.0,0.0,0.0,0.0,0.0,0.0,0.0,0.0,0.0,0.0,0.0,0.0,0.0,0.0,0.0,0.0,0.096,1.1457999999999993,0.129,0.0,3.946,64.0,513.0
1,0.0,0.0,0.0,0.0,0.0,0.0,0.0,0.0,0.0,0.0,0.0,0.0,0.0,0.0,0.0,0.0,0.0,0.0,0.0,0.0,0.0,0.0,0.0,0.0,0.0,0.0,0.0,0.0,0.0,0.0,0.0,0.0,0.0,0.0,0.0,0.0,0.0,0.0,0.0,0.0,0.0,0.0,0.0,0.2869999999999982,0.0,0.0,0.0,0.0,0.0,0.0,0.0,0.0,1.0,1.0,9.0
1,0.0,0.0,0.0,0.0,0.0,0.0,0.0,0.0,0.0,0.0,0.0,0.0,0.0,0.0,0.0,0.0,0.0,0.0,1.23,0.0,1.23,0.0,0.0,0.0,0.0,0.0,0.0,0.0,0.0,0.0,0.0,0.0,0.0,0.0,0.0,0.0,0.0,0.0,0.0,0.0,0.0,0.0,0.0,0.0,0.0,1.166999999999998,0.0,0.0,0.202,0.0,0.0,0.0,1.0,1.0,14.0
2,0.08,0.17,0.34,0.0,1.46,0.17,0.08,0.0,0.25,0.08,0.0,1.37,0.0,0.08,0.0,0.51,0.08,0.08,3.43,0.0,0.77,0.0,0.08,0.17,0.0,0.0,0.0,0.0,0.0,0.0,0.0,0.0,0.0,0.0,0.0,0.0,0.0,0.0,0.0,0.0,0.0,0.0,0.0,0.0,0.0,0.0,0.0,0.0,0.077,0.348,0.103,0.012,5.392,119.0,1179.3999999999996
1,0.0,0.0,0.0,0.0,0.0,0.0,0.0,0.0,0.0,0.0,0.0,0.0,0.0,0.0,0.0,0.0,0.0,0.0,0.0,0.0,0.0,0.0,0.0,0.0,0.0,0.0,1.916999999999998,0.0,0.0,0.0,0.0,0.0,0.0,0.0,0.0,0.0,0.0,0.0,0.0,0.0,0.0,0.0,0.0,0.0,0.0,0.0,0.0,0.0,0.537,0.0,0.0,0.0,1.0,1.0,9.0
2,0.0,0.57,0.0,0.0,0.57,0.0,0.57,0.0,0.0,0.57,0.0,0.57,0.0,0.0,0.0,0.0,0.0,0.57,4.57,0.0,1.14,0.0,0.0,0.0,0.57,0.57,0.0,0.0,0.0,0.0,0.0,0.0,0.0,0.0,0.0,0.0,0.0,0.0,0.0,0.0,0.0,0.0,0.0,0.0,0.57,0.0,0.0,0.072,0.0,0.072,0.289,0.14209999999999945,7.512,114.0,293.0
1,0.0,0.0,0.74,0.0,0.0,0.0,0.0,0.0,0.0,0.0,0.0,0.0,0.0,0.0,0.0,0.0,0.0,0.74,0.0,0.0,0.0,0.0,0.0,0.0,2.99,1.7939999999999965,0.0,0.85,0.0,0.7139999999999963,0.32,0.0,0.0,0.0,0.66,0.63,0.37,0.0,0.0,0.0,0.0,0.0,0.31,0.0,0.0,0.0,0.0,0.0,0.131,0.043,0.0,0.0,2.468,15.0,195.0
2,0.0,0.0,1.29,0.0,0.0,0.64,0.0,0.38,0.0,0.0,0.38,1.16,0.0,0.0,0.0,0.38,0.0,1.16,1.93,0.0,0.38,0.0,0.73,0.38,0.0,0.0,0.0,0.0,0.0,0.0,0.0,0.0,0.0,0.0,0.0,0.0,0.0,0.0,0.0,0.0,0.0,0.0,0.0,0.0,0.0,0.0,0.0,0.0,0.06,0.601,0.12,0.0,2.666,22.0,160.0
2,0.0,0.0,1.29,0.0,0.0,0.0,0.0,0.0,0.0,0.0,0.0,0.0,0.0,0.0,0.0,1.36,0.0,0.0,0.0,0.0,0.0,0.0,0.0,0.0,0.0,0.0,0.0,0.0,0.0,0.0,0.0,0.0,0.0,0.0,0.0,0.0,0.0,0.0,0.0,0.0,0.0,0.0,0.0,0.0,0.0,0.0,0.0,0.0,0.0,1.1457999999999993,0.0,0.0,1.0,1.0,13.0
2,0.33,0.0,1.29,0.0,0.99,0.0,0.33,0.0,0.66,1.32,0.0,0.0,0.0,0.0,0.0,0.0,0.0,0.0,0.33,0.35,0.66,0.0,0.0,0.0,0.33,0.0,0.0,0.0,0.0,0.0,0.0,0.0,0.0,0.0,0.0,0.0,0.0,0.0,0.0,0.0,0.0,0.0,0.0,0.0,0.0,0.0,0.0,0.0,0.0,0.859,0.101,0.0,9.018899999999988,156.39999999999964,1179.3999999999996
1,0.22,0.0,0.22,0.0,0.67,0.0,0.0,0.0,0.22,0.0,0.0,0.0,0.22,0.17,0.0,0.0,0.44,0.0,0.67,0.0,1.56,0.0,0.0,0.0,0.44,0.0,0.0,0.0,0.0,0.0,0.0,0.0,0.0,0.0,0.0,0.0,0.0,0.0,0.0,0.0,0.0,0.61,0.0,0.0,0.0,0.0,0.0,0.0,0.156,0.134,0.0,0.14209999999999945,3.08,121.0,693.0
1,0.0,0.0,0.0,0.0,0.0,0.0,0.0,0.0,0.0,0.0,0.0,0.0,0.0,0.17,0.0,0.0,0.0,0.0,0.35,0.0,1.43,0.0,0.0,0.0,3.183999999999996,0.71,0.0,0.0,0.0,0.0,0.0,0.0,0.0,0.0,0.66,0.0,0.35,0.0,0.0,0.0,0.0,0.0,0.31,0.0,0.35,0.0,0.0,0.0,0.113,0.056,0.0,0.0,2.969,16.0,193.0
1,0.0,0.0,0.0,0.0,1.51,0.0,0.0,0.0,0.0,0.0,0.0,0.0,0.0,0.0,0.0,0.0,0.0,0.0,0.0,0.0,0.0,0.0,0.0,0.0,0.0,0.0,0.0,0.0,0.0,0.0,0.0,0.0,0.0,0.0,0.0,0.0,0.0,0.0,0.0,0.0,0.0,0.61,0.0,0.2869999999999982,1.44,0.0,0.0,0.0,0.0,0.348,0.0,0.0,1.312,4.0,21.0
1,0.0,0.0,0.0,0.0,0.0,0.0,0.0,0.0,0.0,0.0,0.0,0.0,0.0,0.0,0.0,0.0,0.0,0.0,0.7,0.0,0.0,0.0,0.0,0.0,0.35,0.35,0.0,0.7,0.35,0.35,0.0,0.0,0.0,0.0,0.35,0.0,0.0,0.0,0.53,0.0,0.0,0.0,0.0,0.2869999999999982,0.0,0.0,0.0,0.0,0.0,0.0,0.0,0.0,1.506,11.0,113.0
1,0.0,0.0,0.0,0.0,0.0,0.0,0.0,0.0,0.0,0.0,0.0,0.68,0.0,0.0,0.0,0.0,0.0,0.0,0.68,0.0,0.0,0.0,0.0,0.0,0.0,0.0,0.68,0.0,0.0,0.0,0.0,0.0,0.0,0.0,0.0,0.0,0.0,0.0,0.0,0.0,0.0,0.0,0.0,0.0,0.68,0.0,0.0,0.0,0.237,0.0,0.0,0.0,1.8,9.0,36.0
1,0.0,0.0,0.0,0.0,0.0,0.0,0.0,0.0,0.0,0.0,0.0,0.0,0.0,0.0,0.0,0.0,0.0,0.0,0.0,0.0,0.0,0.0,0.0,0.0,0.0,0.0,0.0,0.0,0.0,0.0,0.0,0.0,0.0,0.0,0.0,0.0,0.0,0.0,0.0,0.0,0.0,0.0,0.0,0.0,1.44,0.0,0.0,0.0,0.0,0.0,0.0,0.0,1.0,1.0,9.0
1,0.0,0.0,0.0,0.0,0.0,0.0,0.0,0.0,0.0,0.0,0.0,0.0,0.0,0.0,0.0,0.0,0.91,0.0,1.48,0.0,0.74,0.0,0.0,0.0,2.96,0.0,0.0,0.74,0.0,0.0,0.0,0.0,0.0,0.0,0.0,0.0,0.0,0.0,0.0,0.0,0.0,0.0,0.0,0.0,0.0,0.0,0.0,0.0,0.105,0.0,0.105,0.105,2.555,12.0,69.0
2,0.0,0.5,0.0,0.0,0.0,0.0,0.7839999999999964,0.0,0.0,0.5,0.38,0.5,0.0,0.0,0.0,0.5,0.0,1.19,3.0,0.0,1.5,0.0,0.5,0.5,0.0,0.0,0.0,0.0,0.0,0.0,0.0,0.0,0.0,0.0,0.0,0.0,0.0,0.0,0.0,0.0,0.0,0.0,0.0,0.0,0.0,0.0,0.0,0.0,0.267,0.445,0.38239999999999963,0.0,4.685,28.0,164.0
1,0.0,0.0,0.0,0.0,0.0,0.0,0.0,0.0,0.0,0.0,0.0,0.0,0.0,0.0,0.0,0.0,0.0,0.0,0.0,0.0,0.0,0.0,0.0,0.0,0.72,0.0,0.0,0.0,0.0,0.0,0.0,0.0,0.0,0.0,0.0,0.0,0.95,0.0,0.0,0.0,0.0,0.0,0.0,0.0,0.0,0.0,0.0,0.0,0.0,0.0,0.0,0.0,1.481,5.0,40.0
1,0.0,0.0,0.0,0.0,0.57,0.0,0.0,0.0,0.0,0.0,0.0,1.72,0.0,0.0,0.0,0.0,0.0,0.57,0.0,0.0,0.0,0.0,0.0,0.0,1.72,0.57,0.0,0.57,0.0,0.57,0.0,0.0,0.0,0.0,0.57,0.57,0.0,0.0,0.0,0.0,0.0,0.0,0.0,0.0,0.0,0.0,0.0,0.0,0.077,0.0,0.0,0.0,1.964,12.0,110.0
1,0.0,0.0,0.0,0.0,1.51,0.0,0.0,0.0,0.0,0.0,0.0,0.0,0.0,0.0,0.0,0.0,0.0,0.0,0.0,0.0,0.0,0.0,0.0,0.0,0.0,0.0,0.0,0.0,0.0,0.0,0.0,0.0,0.0,0.0,0.0,0.0,0.0,0.0,0.0,0.0,0.0,0.0,0.0,0.0,0.0,0.0,0.0,0.0,0.0,0.0,0.0,0.0,2.0,7.0,12.0
1,0.08,0.08,0.57,0.0,0.48,0.0,0.0,0.08,0.0,0.0,0.0,0.81,0.08,0.0,0.08,0.0,0.81,0.0,0.65,0.0,0.4,0.0,0.0,0.0,1.38,0.0,0.0,0.0,0.0,0.0,0.16,0.0,0.16,0.0,0.08,0.0,0.08,0.0,0.0,0.08,0.0,0.61,0.0,0.24,0.08,0.0,0.0,0.011,0.034,0.057,0.022,0.0,1.875,65.0,542.0
2,0.1,0.1,0.71,0.0,0.61,0.3,0.4,0.1,0.67,0.81,0.1,0.5,0.0,0.0,0.0,0.1,0.0,1.11,2.23,0.35,2.03,0.0,0.0,0.3,0.0,0.0,0.0,0.0,0.0,0.0,0.0,0.0,0.0,0.0,0.1,0.0,0.0,0.0,0.1,0.0,0.0,0.0,0.0,0.0,0.0,0.0,0.0,0.0,0.0,1.01,0.38239999999999963,0.033,3.199,56.0,1043.0
1,0.0,0.0,0.36,0.0,0.0,0.64,0.0,0.0,0.0,0.0,0.0,1.46,0.36,0.0,0.0,0.0,0.0,0.0,0.0,0.0,0.0,0.0,0.0,0.0,0.0,0.0,0.0,0.0,0.0,0.0,0.0,0.0,0.0,0.0,0.0,0.0,0.36,0.0,0.0,0.0,0.0,0.0,0.0,0.0,0.0,0.0,0.0,0.0,0.049,0.049,0.0,0.0,1.919,54.0,167.0
1,0.55,0.0,0.0,0.0,0.0,0.0,0.0,0.0,0.0,0.0,0.0,0.0,0.0,0.0,0.0,0.0,0.0,0.0,2.2,0.0,0.55,0.0,0.0,0.0,0.0,0.0,0.0,0.0,0.0,0.0,0.0,0.0,0.0,0.0,0.0,0.0,0.0,0.0,0.0,0.0,0.0,0.0,0.0,0.0,1.1,0.0,0.0,0.0,0.0,0.633,0.0,0.0,1.386,11.0,61.0
1,0.0,0.0,0.0,0.0,1.51,0.0,0.0,0.0,0.0,0.0,0.0,0.0,0.0,0.0,0.0,1.36,0.0,0.0,0.0,0.0,0.0,0.0,0.0,0.0,0.0,0.0,0.0,0.0,0.0,0.0,0.0,0.0,0.0,0.0,0.0,0.0,0.0,0.0,0.0,0.0,0.0,0.61,0.0,0.0,0.0,0.0,0.0,0.0,0.0,0.0,0.0,0.0,2.916,7.0,35.0
1,0.0,0.0,0.87,0.0,0.0,0.17,0.0,0.0,0.0,0.0,0.17,1.74,0.17,0.0,0.0,0.17,0.69,0.52,0.17,0.0,0.17,0.0,0.0,0.0,1.21,0.52,0.0,0.34,0.17,0.0,0.0,0.0,0.0,0.0,0.34,0.0,0.17,0.0,0.0,0.17,0.0,0.52,0.0,0.0,0.17,0.0,0.0,0.022,0.022,0.0,0.0,0.0,1.601,11.0,277.0
2,0.0,0.0,0.0,0.0,0.0,0.0,0.0,0.0,0.52,0.52,0.0,2.08,0.0,0.0,0.0,0.0,0.0,0.0,4.16,0.0,3.14,0.0,0.0,0.0,0.0,0.0,0.0,0.0,0.0,0.0,0.0,0.0,0.0,0.0,0.0,0.0,0.0,0.0,0.0,0.0,0.0,0.0,0.0,0.0,0.0,0.0,0.0,0.073,0.073,0.367,0.073,0.073,2.34,27.0,103.0
1,0.0,0.0,0.0,0.0,0.0,0.0,0.0,0.0,0.0,0.0,0.0,0.0,0.0,0.0,0.0,0.0,0.0,0.0,2.12,0.0,0.0,0.0,0.0,0.0,0.0,0.0,0.0,0.0,0.0,0.0,0.0,0.0,0.0,0.0,0.0,0.0,0.0,0.0,0.0,0.0,0.0,0.61,0.0,0.0,0.0,1.166999999999998,0.0,0.0,0.344,0.0,0.0,0.0,1.4,5.0,14.0
2,0.0,0.0,0.0,0.0,0.65,0.0,0.65,0.0,0.0,0.0,0.0,0.0,0.0,0.0,0.0,0.65,0.0,0.0,4.76,0.0,0.65,0.0,0.0,0.0,0.0,0.0,0.0,0.0,0.0,0.0,0.0,0.0,0.0,0.0,0.0,0.0,0.0,0.0,0.0,0.0,0.0,0.0,0.0,0.0,0.65,0.0,0.0,0.0,0.0,1.1457999999999993,0.0,0.0,3.025,21.0,118.0
2,0.0,0.0,0.0,0.0,0.0,0.0,0.0,0.0,0.0,1.32,0.0,0.0,0.0,0.0,0.0,0.0,0.0,0.0,1.96,0.0,0.0,0.0,0.0,0.0,0.0,0.0,0.0,0.0,0.0,0.0,0.0,0.0,0.0,0.0,0.0,0.0,0.0,0.0,0.0,0.0,0.0,0.0,0.0,0.0,0.0,0.0,0.0,0.0,0.0,0.0,0.0,0.0,1.55,3.0,31.0
2,0.0,0.0,0.0,0.0,0.54,0.27,0.0,0.6,0.0,1.32,0.0,0.0,0.0,0.0,0.16,0.0,0.0,0.27,2.16,0.0,2.7,0.0,0.0,0.0,0.0,0.0,0.0,0.0,0.0,0.0,0.0,0.0,0.0,0.0,0.0,0.63,0.0,0.0,0.0,0.39,0.0,0.0,0.0,0.0,0.0,0.0,0.0,0.0,0.038,0.463,0.0,0.0,7.941,65.0,405.0
1,0.0,0.0,0.0,0.0,0.0,0.0,0.0,0.0,0.0,0.0,0.0,2.22,0.0,0.0,0.0,0.0,0.0,0.0,0.0,0.0,0.0,0.0,0.0,0.0,0.0,0.0,0.0,0.0,0.0,0.0,0.0,0.0,0.0,0.0,0.0,0.0,0.0,0.0,0.53,0.0,0.0,0.0,0.0,0.0,0.0,0.0,0.0,0.0,0.0,0.564,0.0,0.0,1.818,9.0,20.0
1,0.0,0.0,0.0,0.0,0.0,0.0,0.0,0.0,0.0,1.32,0.0,2.0,0.0,0.0,0.0,0.0,0.0,0.0,0.0,0.0,0.0,0.0,0.0,0.0,0.0,0.0,0.0,0.0,0.0,0.0,0.0,0.0,0.0,0.0,0.0,0.0,0.0,0.0,0.0,0.0,0.0,0.0,0.0,0.0,0.0,0.0,0.0,0.0,0.0,0.336,0.0,0.0,1.555,4.0,42.0
2,0.49,0.0,0.74,0.0,0.24,0.64,0.24,0.6,0.24,0.24,0.24,1.23,0.0,0.0,0.0,0.0,0.91,0.0,1.23,0.35,2.47,0.0,0.24,0.5769999999999982,0.0,0.0,0.0,0.0,0.0,0.0,0.0,0.0,0.0,0.0,0.0,0.0,0.0,0.0,0.0,0.0,0.0,0.0,0.0,0.0,0.0,0.0,0.0,0.0,0.116,1.1457999999999993,0.155,0.0,3.975,47.0,485.0
1,0.29,0.0,0.51,0.0,1.51,0.0,0.0,0.0,0.0,0.0,0.0,0.73,0.14,0.0,0.0,0.07,0.81,0.0,1.54,0.0,0.07,0.0,0.0,0.0,0.95,0.0,0.0,0.0,0.0,0.07,0.0,0.0,0.0,0.0,0.0,0.14,0.07,0.0,0.0,0.0,0.0,0.07,0.0,0.0,0.07,0.0,0.0,0.0,0.032,0.0,0.01,0.0,1.588,51.0,243.0
2,0.0,0.45,0.45,0.0,0.45,0.0,0.0,0.0,0.0,0.0,0.0,0.45,0.0,0.0,0.0,0.45,0.0,0.91,1.36,0.0,1.36,0.0,0.0,0.0,0.0,0.0,0.0,0.0,0.0,0.0,0.0,0.0,0.0,0.0,0.0,0.0,0.0,0.0,0.0,0.0,0.0,0.0,0.0,0.0,0.0,0.0,0.0,0.0,0.0,1.1457999999999993,0.0,0.0,2.777,61.0,200.0
1,0.0,0.0,0.25,0.0,0.25,0.0,0.0,0.0,0.0,0.0,0.0,0.0,0.0,0.0,0.0,0.0,0.0,0.0,2.05,0.0,0.51,0.0,0.0,0.0,0.0,0.0,0.0,0.0,0.0,0.0,0.0,0.0,0.0,0.0,0.0,0.0,0.0,0.0,0.0,0.0,0.0,0.0,0.0,0.0,0.76,0.25,0.0,0.0,0.094,0.047,0.0,0.0,1.884,51.0,147.0
1,0.0,0.0,0.0,0.0,0.52,0.0,0.0,0.0,0.0,0.0,0.0,0.0,0.0,0.0,0.0,0.0,0.0,0.52,0.0,0.0,0.52,0.0,0.0,0.0,0.52,0.52,0.52,0.85,0.0,0.52,0.0,0.0,0.0,0.0,0.0,0.0,0.0,0.0,0.0,0.0,0.0,0.52,0.0,0.0,0.0,0.0,0.0,0.0,0.166,0.0,0.0,0.0,3.888,55.0,140.0
1,0.0,0.0,0.0,0.0,0.0,0.0,0.0,0.0,0.0,0.0,0.0,0.0,0.0,0.0,0.0,0.0,0.0,0.0,1.92,0.0,0.64,0.0,0.0,0.0,0.0,1.7939999999999965,0.0,0.0,0.0,0.0,0.0,0.0,0.0,0.0,0.0,0.63,0.0,0.0,0.0,0.0,0.0,0.0,0.0,0.0,0.0,0.0,0.0,0.17069999999999982,0.0,0.106,0.0,0.0,2.714,47.0,95.0
1,0.0,0.0,0.0,0.0,0.0,0.0,0.0,0.0,0.0,0.0,0.0,0.0,0.0,0.0,0.0,0.0,0.0,0.0,4.76,0.0,1.88,0.0,0.73,0.0,0.0,0.0,0.0,0.0,0.0,0.0,0.0,0.0,0.0,0.0,0.0,0.0,0.0,0.0,0.0,0.0,0.0,0.0,0.0,0.0,0.0,0.0,0.0,0.0,0.22,0.0,0.0,0.0,2.15,8.0,43.0
1,0.0,0.39,0.0,0.0,0.0,0.0,0.0,0.0,0.39,0.0,0.0,1.97,0.65,0.0,0.0,0.0,0.91,0.0,0.79,0.35,0.0,0.0,0.0,0.0,0.39,0.0,0.0,0.0,0.0,0.0,0.0,0.0,0.0,0.0,0.0,0.63,0.0,0.0,0.0,0.0,0.0,0.0,0.0,0.0,0.0,0.0,0.0,0.0,0.192,0.128,0.0,0.0,1.229,6.0,75.0
1,0.0,0.34,0.0,0.0,0.68,0.0,0.68,0.0,0.0,0.34,0.34,0.0,0.0,0.0,0.0,0.34,0.0,1.19,3.42,0.0,2.73,0.0,0.0,0.0,0.34,0.34,0.0,0.0,0.0,0.0,0.0,0.0,0.34,0.0,0.0,0.0,0.0,0.0,0.0,0.0,0.0,0.0,0.0,0.0,0.0,0.0,0.0,0.0,0.0,0.048,0.048,0.0,1.411,15.0,96.0
1,0.0,0.0,0.0,0.0,0.0,0.0,0.0,0.0,0.0,0.0,0.0,1.49,0.0,0.0,0.0,0.0,0.0,0.0,0.0,0.0,0.0,0.0,0.0,0.0,2.23,0.74,0.0,0.0,0.0,0.7139999999999963,0.0,0.0,0.0,0.0,0.0,0.0,0.95,0.0,0.53,0.0,0.0,0.0,0.0,0.0,0.0,0.0,0.0,0.0,0.0,0.0,0.0,0.0,4.0,45.0,140.0
2,0.17,0.17,0.71,0.0,0.53,0.17,0.17,0.6,0.17,0.53,0.35,1.61,0.0,0.0,0.0,0.0,0.91,0.0,1.97,0.35,3.14,0.0,0.0,0.35,0.0,0.0,0.0,0.0,0.0,0.0,0.0,0.0,0.0,0.0,0.0,0.0,0.0,0.0,0.0,0.17,0.0,0.0,0.0,0.0,0.0,0.0,0.0,0.0,0.115,1.1457999999999993,0.057,0.0,5.163,63.0,599.0
2,0.0,0.0,0.0,0.0,0.0,0.0,0.0,0.42,0.0,0.42,0.38,0.0,0.0,0.0,0.0,0.0,0.0,0.0,2.52,0.0,2.94,0.0,0.0,0.42,0.0,0.0,0.0,0.0,0.0,0.0,0.0,0.0,0.0,0.0,0.0,0.0,0.0,0.0,0.0,0.0,0.0,0.0,0.0,0.0,0.84,0.0,0.0,0.0,0.129,0.129,0.194,0.0,1.859,20.0,119.0
2,0.6569999999999983,0.16,1.29,0.0,1.01,0.0,0.0,0.0,0.0,0.16,0.16,1.69,0.5,0.0,0.0,0.33,0.0,0.16,4.76,0.0,1.35,0.0,0.0,0.5769999999999982,0.0,0.0,0.0,0.0,0.0,0.0,0.0,0.0,0.0,0.0,0.0,0.0,0.0,0.0,0.0,0.0,0.0,0.0,0.0,0.0,0.0,0.0,0.0,0.0,0.061,0.123,0.278,0.03,3.774,46.0,268.0
1,0.0,0.0,0.21,0.0,0.0,0.21,0.0,0.0,0.0,0.0,0.0,0.0,0.0,0.0,0.0,0.0,0.0,0.0,1.95,0.0,0.21,0.0,0.0,0.0,0.0,0.0,0.0,0.0,0.0,0.0,0.0,0.0,0.0,0.0,0.0,0.0,0.0,0.0,0.0,0.0,0.0,0.0,0.0,0.0,0.0,0.0,0.0,0.131,0.175,0.0,0.0,0.0,1.0,1.0,68.0
1,0.0,0.0,0.09,0.0,0.0,0.0,0.0,0.0,0.0,0.0,0.0,0.47,0.65,0.0,0.0,0.09,0.0,0.0,1.23,0.0,0.09,0.0,0.0,0.0,0.0,0.0,0.0,0.0,0.0,0.0,0.0,0.0,0.0,0.0,0.0,0.0,0.0,0.0,0.0,0.0,0.0,0.0,0.0,0.0,0.37,0.09,0.0,0.0,0.033,0.0,0.0,0.0,1.536,47.0,192.0
1,0.0,0.0,0.0,0.0,0.0,0.0,0.0,0.0,0.0,0.0,0.0,0.0,0.0,0.0,0.0,0.0,0.0,0.0,0.0,0.0,2.7,0.0,0.0,0.0,0.0,0.0,1.916999999999998,0.0,0.0,0.0,0.0,0.0,0.0,0.0,0.0,0.0,0.0,0.0,0.0,0.0,0.0,0.0,0.0,0.0,0.0,0.0,0.0,0.0,0.0,0.432,0.0,0.0,2.0,16.0,60.0
1,0.0,0.0,0.0,0.0,0.0,0.0,0.0,0.0,0.0,0.0,0.0,0.0,0.0,0.0,0.0,0.0,0.0,0.0,0.0,0.0,0.0,0.0,0.0,0.0,0.0,0.0,1.916999999999998,0.0,0.0,0.0,0.0,0.0,0.0,0.0,0.0,0.0,0.0,0.0,0.0,0.0,0.0,0.0,0.0,0.0,0.0,0.0,0.0,0.0,0.0,0.0,0.0,0.0,1.714,5.0,12.0
2,0.0,0.3,0.3,0.0,0.61,0.3,0.0,0.0,0.0,0.3,0.3,0.3,0.0,0.0,0.0,0.92,0.0,0.0,0.61,0.0,0.0,0.0,0.0,0.0,0.0,0.0,0.0,0.0,0.0,0.7139999999999963,0.0,0.0,0.0,0.0,0.0,0.0,0.0,0.0,0.0,0.0,0.0,0.0,0.0,0.2869999999999982,0.0,0.0,0.0,0.0,0.094,0.0,0.0,0.0,2.141,38.0,212.0
2,0.0,0.0,1.29,0.0,0.71,0.35,0.0,0.35,0.0,0.71,0.0,0.35,0.0,0.0,0.0,1.36,0.0,0.0,3.21,0.0,2.85,0.0,0.35,0.0,0.0,0.0,0.0,0.0,0.0,0.0,0.0,0.0,0.0,0.0,0.0,0.0,0.0,0.0,0.0,0.0,0.0,0.0,0.0,0.0,0.0,0.0,0.0,0.0,0.102,0.357,0.0,0.0,1.971,24.0,205.0
2,0.0,0.0,0.0,0.0,0.0,0.6,0.6,0.0,0.0,0.0,0.38,0.0,0.0,0.0,0.0,0.0,0.0,1.19,1.82,0.0,0.0,0.0,0.0,0.0,0.0,0.0,0.0,0.0,0.0,0.0,0.0,0.0,0.0,0.0,0.0,0.0,0.0,0.0,0.0,0.0,0.0,0.0,0.0,0.0,0.0,0.0,0.0,0.0,0.095,0.0,0.0,0.0,1.583,11.0,38.0
2,0.3,0.2,0.3,0.0,0.2,0.4,0.2,0.3,0.4,1.32,0.1,1.91,0.2,0.0,0.16,0.6,0.0,0.8,3.43,0.0,1.51,0.0,0.73,0.3,0.0,0.0,0.0,0.0,0.0,0.0,0.0,0.0,0.0,0.0,0.0,0.0,0.0,0.0,0.0,0.0,0.0,0.0,0.0,0.0,0.2,0.0,0.0,0.0,0.017,0.275,0.206,0.017,4.923,103.0,1029.0
1,0.04,0.08,0.24,0.0,0.04,0.16,0.0,0.04,0.16,0.52,0.08,1.04,0.0,0.0,0.0,0.24,0.04,0.0,0.68,0.0,0.88,0.0,0.04,0.0,1.76,0.6,0.0,0.16,0.0,0.0,0.16,0.0,0.0,0.0,0.36,0.0,0.24,0.0,0.0,0.0,0.0,0.04,0.0,0.0,0.04,0.0,0.0,0.029,0.142,0.071,0.071,0.011,1.983,23.0,1179.3999999999996
1,0.0,0.0,0.0,0.0,0.0,0.0,0.0,0.0,0.0,1.32,0.0,0.0,0.0,0.0,0.16,0.0,0.0,0.0,0.0,0.0,0.0,0.0,0.0,0.0,1.49,1.49,0.0,0.0,0.0,0.0,0.0,0.0,0.0,0.0,0.0,0.0,0.95,0.0,0.0,0.0,0.0,0.0,0.31,0.0,0.0,0.0,0.0,0.0,0.209,0.0,0.0,0.0,3.5,17.0,49.0
1,0.07,0.0,0.31,0.0,0.0,0.0,0.0,0.0,0.67,0.0,0.0,0.31,0.0,0.0,0.0,0.0,0.0,0.0,0.31,0.0,0.15,0.0,0.0,0.0,0.55,0.63,0.07,0.0,0.0,0.0,0.0,0.0,0.4669999999999982,0.0,0.0,0.0,0.47,0.0,0.0,0.0,0.0,0.0,0.0,0.0,0.0,0.0,0.0,0.096,0.234,0.0,0.021,0.0,3.617,42.0,890.0
2,0.0,0.0,0.0,0.0,0.0,0.0,0.0,0.0,0.0,0.0,0.0,0.0,0.0,0.0,0.0,1.36,0.0,0.0,0.0,0.0,0.0,0.0,0.0,0.0,0.0,0.0,0.0,0.0,0.0,0.0,0.0,0.0,0.0,0.0,0.0,0.0,0.0,0.0,0.0,0.0,0.0,0.0,0.0,0.0,0.0,0.0,0.0,0.17069999999999982,0.0,0.238,0.0,0.0,4.333,11.0,104.0
1,0.29,0.0,0.29,0.0,0.29,0.0,0.0,0.0,0.0,0.0,0.0,0.0,0.29,0.0,0.0,0.0,0.29,0.0,0.0,0.0,1.75,0.0,0.0,0.0,2.63,0.0,0.0,0.0,0.0,0.0,0.0,0.0,0.0,0.0,0.0,0.58,0.0,0.0,0.0,0.0,0.0,0.0,0.0,0.2869999999999982,0.0,0.0,0.0,0.0,0.108,0.072,0.0,0.0,2.847,60.0,242.0
1,0.0,0.0,0.0,0.0,0.0,0.0,0.0,0.0,0.0,0.0,0.0,0.0,0.0,0.0,0.0,0.0,0.0,0.0,1.72,0.0,0.0,0.0,0.0,0.0,0.0,0.0,0.0,0.0,0.0,0.0,0.0,0.0,0.0,0.0,0.0,0.0,0.95,0.0,0.53,0.0,0.0,0.0,0.31,0.0,1.44,1.166999999999998,0.0,0.0,0.0,0.0,0.0,0.0,1.65,12.0,33.0
1,0.0,0.0,0.0,0.0,0.0,0.0,0.0,0.0,0.0,0.0,0.0,0.0,0.0,0.0,0.0,0.0,0.0,0.0,4.47,0.0,1.49,0.0,0.0,0.0,0.0,0.0,0.0,0.0,0.0,0.0,0.0,0.0,0.0,0.0,0.0,0.0,0.0,0.0,0.53,0.0,0.0,0.0,0.0,0.0,0.0,0.0,0.0,0.0,0.0,0.0,0.0,0.0,1.785,6.0,25.0
1,0.0,0.0,1.29,0.0,1.33,0.0,0.0,0.0,0.0,0.0,0.0,0.0,0.0,0.0,0.0,0.0,0.0,0.0,0.0,0.0,1.33,0.0,0.0,0.0,3.183999999999996,1.7939999999999965,0.0,0.0,0.0,0.0,0.0,0.0,0.0,0.0,0.0,0.0,0.95,0.0,0.53,0.0,0.0,0.61,0.0,0.0,0.0,0.0,0.0,0.17069999999999982,0.0,0.0,0.0,0.0,1.647,12.0,28.0
2,0.09,0.38,0.57,0.0,0.48,0.38,0.0,0.0,0.0,0.38,0.0,1.53,0.19,0.0,0.09,0.0,0.09,0.0,3.55,0.0,1.24,0.0,0.0,0.0,0.0,0.0,0.0,0.0,0.0,0.0,0.0,0.0,0.0,0.0,0.0,0.0,0.0,0.0,0.0,0.0,0.0,0.0,0.0,0.0,0.0,0.0,0.0,0.038,0.038,0.246,0.38239999999999963,0.012,4.0,70.0,640.0
1,0.07,0.0,0.07,0.0,0.0,0.07,0.0,0.0,0.0,0.0,0.15,1.07,0.15,0.07,0.0,0.0,0.53,0.0,0.0,0.0,0.0,0.0,0.22,0.0,1.83,0.0,0.0,0.0,0.0,0.0,0.0,0.0,0.0,0.0,0.0,0.22,0.07,0.0,0.0,0.0,0.0,0.0,0.0,0.0,0.0,0.0,0.0,0.127,0.174,0.0,0.023,0.0,2.182,24.0,659.0
2,0.0,0.6169999999999982,0.0,0.0,0.0,0.0,0.0,0.0,0.0,1.32,0.0,0.0,0.0,0.0,0.0,1.36,0.0,0.86,0.86,0.0,0.0,0.0,0.0,0.0,0.0,0.0,0.0,0.0,0.0,0.0,0.0,0.0,0.0,0.0,0.0,0.0,0.0,0.0,0.0,0.0,0.0,0.0,0.0,0.0,0.0,0.0,0.0,0.0,0.125,0.251,0.251,0.0,2.022,12.0,91.0
2,0.0,0.0,0.0,0.0,0.0,0.0,0.0,0.0,0.0,0.0,0.0,0.0,0.0,0.0,0.0,1.36,0.0,0.0,2.4,0.0,2.4,0.0,0.0,0.0,0.0,0.0,0.0,0.0,0.0,0.0,0.0,0.0,0.0,0.0,0.0,0.0,0.0,0.0,0.0,0.0,0.0,0.0,0.0,0.0,0.0,0.0,0.0,0.0,0.0,0.151,0.302,0.0,2.611,11.0,47.0
1,0.0,0.0,0.0,0.0,0.0,0.0,0.0,0.0,0.0,0.0,0.0,0.0,0.0,0.0,0.0,0.0,0.0,0.0,4.76,0.0,0.0,0.0,0.0,0.0,0.0,0.0,0.0,0.0,0.0,0.0,0.0,0.0,0.0,0.0,0.0,0.0,0.0,0.0,0.0,0.0,0.0,0.0,0.0,0.0,0.0,0.0,0.0,0.0,0.0,0.0,0.0,0.0,1.0,1.0,9.0
1,0.0,0.0,1.29,0.0,0.0,0.0,0.0,0.0,0.0,0.0,0.0,2.08,0.0,0.17,0.0,0.0,0.0,0.0,2.08,0.0,0.0,0.0,0.0,0.0,0.0,0.0,0.0,0.0,0.0,0.0,0.0,0.0,0.0,0.0,0.0,0.0,0.0,0.0,0.0,0.0,0.0,0.0,0.0,0.0,0.0,0.0,0.0,0.0,0.0,0.0,0.0,0.0,1.0,1.0,11.0
2,0.0,0.0,0.0,0.0,0.77,0.0,0.0,0.0,0.0,0.0,0.0,1.55,0.0,0.0,0.0,0.77,0.77,0.0,2.32,0.0,2.32,0.0,0.0,0.0,0.0,0.0,0.0,0.0,0.0,0.0,0.0,0.0,0.0,0.0,0.0,0.0,0.0,0.0,0.0,0.0,0.0,0.0,0.0,0.0,0.77,0.0,0.0,0.0,0.268,0.672,0.38239999999999963,0.0,2.794,29.0,109.0
1,0.0,0.0,0.0,0.0,0.0,0.0,0.0,0.0,0.0,0.4,0.0,0.4,0.0,0.0,0.0,0.0,0.0,0.0,0.0,0.0,1.22,0.0,0.0,0.0,0.4,0.4,0.0,0.81,0.0,0.0,0.0,0.0,0.4669999999999982,0.0,0.0,0.4,0.0,0.0,0.0,0.0,0.0,0.0,0.0,0.2869999999999982,0.0,0.0,0.0,0.0,0.199,0.0,0.0,0.0,2.386,11.0,105.0
1,0.0,0.0,0.0,0.0,0.09,0.0,0.0,0.0,0.0,0.09,0.0,0.18,0.0,0.0,0.0,0.0,0.0,0.0,0.37,0.0,0.0,0.0,0.0,0.0,2.43,1.21,0.28,0.09,0.09,0.18,0.09,0.0,0.4669999999999982,0.07,0.09,0.18,0.95,0.0,0.0,0.09,0.0,0.0,0.18,0.0,0.09,1.166999999999998,0.0,0.123,0.479,0.013,0.0,0.0,3.625,51.0,1131.0
2,0.0,0.57,0.57,0.0,1.14,0.57,0.7839999999999964,0.0,0.0,0.57,0.0,0.57,0.0,0.0,0.0,0.0,0.0,0.57,3.42,0.0,1.14,0.0,0.0,0.0,0.0,0.0,0.0,0.0,0.0,0.0,0.0,0.0,0.0,0.0,0.0,0.0,0.0,0.0,0.0,0.0,0.0,0.0,0.0,0.0,0.57,0.0,0.0,0.0,0.081,0.487,0.0,0.081,9.018899999999988,147.0,373.0
2,0.44,0.44,0.0,0.0,0.0,0.0,0.0,0.0,0.0,1.32,0.0,1.76,0.0,0.0,0.0,0.0,0.0,0.44,2.64,0.0,0.44,0.0,0.0,0.0,0.0,0.0,0.0,0.0,0.0,0.0,0.0,0.0,0.0,0.0,0.0,0.0,0.0,0.0,0.0,0.0,0.0,0.0,0.0,0.0,0.0,0.0,0.0,0.0,0.231,0.0,0.231,0.0,5.977,70.0,263.0
2,0.62,0.6169999999999982,0.0,0.0,0.0,0.64,0.0,0.0,0.0,0.0,0.0,0.62,0.62,0.0,0.0,0.0,0.0,0.62,2.48,0.0,1.86,0.0,0.0,0.0,0.0,0.0,0.0,0.0,0.0,0.0,0.0,0.0,0.0,0.0,0.0,0.0,0.0,0.0,0.0,0.0,0.0,0.0,0.0,0.0,0.0,0.0,0.0,0.0,0.327,1.1457999999999993,0.218,0.0,5.166,28.0,155.0
2,0.0,0.39,0.39,0.0,0.19,0.0,0.0,0.19,0.0,0.0,0.38,0.39,0.0,0.0,0.0,0.98,0.19,0.39,0.59,0.0,0.78,0.0,0.19,0.0,0.0,0.0,0.0,0.0,0.0,0.0,0.0,0.0,0.0,0.0,0.0,0.0,0.0,0.0,0.0,0.19,0.0,0.0,0.0,0.0,0.0,0.0,0.0,0.0,0.128,0.16,0.16,0.0,2.128,31.0,730.0
2,0.17,0.0,0.08,0.0,0.42,0.08,0.08,0.42,0.08,0.08,0.0,0.6,0.17,0.17,0.0,0.0,0.17,0.08,1.2,0.0,3.14,0.0,0.34,0.08,0.0,0.0,0.0,0.0,0.0,0.0,0.0,0.0,0.0,0.0,0.0,0.0,0.0,0.0,0.0,0.0,0.0,0.0,0.0,0.0,0.0,0.0,0.0,0.0,0.081,0.095,0.013,0.0,4.07,48.0,574.0
2,0.5,0.19,0.57,0.0,0.25,0.38,0.0,0.0,0.5,0.06,0.12,0.63,0.19,0.0,0.0,0.69,0.5,0.38,3.49,0.06,1.27,0.0,0.31,0.5769999999999982,0.0,0.0,0.0,0.0,0.0,0.0,0.0,0.0,0.0,0.0,0.0,0.0,0.0,0.0,0.0,0.0,0.0,0.0,0.0,0.0,0.25,0.0,0.0,0.0,0.067,0.435,0.38239999999999963,0.022,5.335,73.0,1179.3999999999996
2,0.0,0.0,0.0,0.0,0.0,0.0,0.7839999999999964,0.0,0.0,0.0,0.0,0.91,0.0,0.0,0.0,0.91,0.0,1.19,4.58,0.0,1.83,0.0,0.0,0.0,0.0,0.0,0.0,0.0,0.0,0.0,0.0,0.0,0.0,0.0,0.0,0.0,0.0,0.0,0.0,0.0,0.0,0.0,0.0,0.0,0.0,0.0,0.0,0.0,0.151,0.455,0.0,0.0,2.842,10.0,54.0
1,0.0,0.0,0.0,0.0,0.0,0.0,0.0,0.0,0.0,0.0,0.0,1.22,0.0,0.0,0.0,0.0,0.0,0.0,1.84,0.0,0.61,0.0,0.0,0.0,0.0,0.0,0.0,0.0,0.0,0.61,0.0,0.0,0.0,0.0,0.0,0.0,0.0,0.0,0.0,0.0,0.0,0.0,0.0,0.0,0.0,0.61,0.0,0.0,0.109,0.327,0.0,0.0,1.068,2.0,47.0
2,0.64,0.0,0.64,0.0,1.51,0.0,0.0,0.0,0.0,0.0,0.0,1.29,0.0,0.0,0.0,1.29,0.64,0.0,1.93,0.0,2.58,0.0,0.64,0.0,0.0,0.0,0.0,0.0,0.0,0.0,0.0,0.0,0.0,0.0,0.0,0.0,0.0,0.0,0.0,0.0,0.0,0.0,0.0,0.0,0.0,0.0,0.0,0.0,0.0,0.462,0.37,0.0,2.44,22.0,122.0
2,0.0,0.0,0.54,0.0,1.08,0.0,0.0,0.0,0.0,0.0,0.0,0.18,0.65,0.0,0.16,0.0,0.36,0.36,3.06,0.0,0.9,0.0,0.0,0.0,0.0,0.0,0.0,0.0,0.0,0.0,0.0,0.0,0.0,0.0,0.0,0.0,0.0,0.0,0.0,0.0,0.0,0.0,0.0,0.0,0.0,0.0,0.0,0.029,0.178,0.416,0.0,0.0,1.373,6.0,92.0
2,0.0,0.48,0.48,0.0,0.48,0.0,0.0,0.0,0.0,0.0,0.0,0.97,0.0,0.0,0.0,0.48,0.0,0.97,1.46,0.0,0.97,0.0,0.0,0.0,0.0,0.0,0.0,0.0,0.0,0.0,0.0,0.0,0.0,0.0,0.0,0.0,0.0,0.0,0.0,0.0,0.0,0.0,0.0,0.0,0.0,0.0,0.0,0.0,0.08,0.963,0.0,0.0,3.1,61.0,186.0
2,0.0,0.0,0.0,0.0,0.81,0.0,0.0,0.0,0.0,0.0,0.0,0.0,0.0,0.0,0.0,0.0,0.0,0.0,0.81,0.0,1.63,0.0,0.0,0.0,0.0,0.0,0.0,0.0,0.0,0.0,0.0,0.0,0.0,0.0,0.0,0.0,0.0,0.0,0.0,0.0,0.0,0.0,0.0,0.0,0.0,0.0,0.0,0.0,0.0,0.125,0.0,0.0,3.871,26.0,151.0
2,0.0,0.0,0.0,0.0,0.0,0.0,0.0,0.0,0.0,0.0,0.0,0.0,0.0,0.0,0.0,0.0,0.0,0.0,0.0,0.0,0.0,0.0,0.0,0.0,0.0,0.0,0.0,0.0,0.0,0.0,0.0,0.0,0.0,0.0,0.0,0.0,0.0,0.0,0.0,0.0,0.0,0.0,0.0,0.0,0.0,0.0,0.0,0.0,0.375,0.225,0.0,0.0,4.906,39.0,211.0
2,0.18,0.0,0.18,0.0,1.51,0.36,0.06,0.06,0.06,0.06,0.06,0.54,0.3,0.06,0.0,0.0,0.72,0.06,4.41,0.24,1.08,0.0,0.73,0.06,0.0,0.0,0.0,0.0,0.0,0.0,0.0,0.0,0.0,0.0,0.0,0.0,0.0,0.0,0.0,0.0,0.0,0.0,0.06,0.0,0.0,0.0,0.0,0.01,0.052,0.01,0.169,0.0,1.766,12.0,447.0
2,0.0,0.0,0.0,0.0,0.0,0.0,0.0,0.0,0.0,0.0,0.0,0.0,0.0,0.17,0.0,0.0,0.0,0.0,0.0,0.0,0.0,0.0,0.0,0.0,0.0,0.0,0.0,0.85,0.0,0.0,0.0,0.0,0.0,0.0,0.0,0.0,0.0,0.0,0.0,0.0,0.0,0.0,0.0,0.0,0.0,1.166999999999998,0.0,0.098,0.537,0.0,0.0,0.0,2.044,22.0,92.0
1,0.6569999999999983,0.0,0.84,0.0,0.0,0.0,0.0,0.0,0.0,0.0,0.0,0.0,0.0,0.0,0.0,0.0,0.0,0.0,1.69,0.0,0.0,0.0,0.0,0.0,0.0,0.0,0.0,0.0,0.0,0.0,0.0,0.0,0.0,0.0,0.0,0.0,0.95,0.0,0.53,0.0,0.0,0.0,0.31,0.0,0.84,0.0,0.0,0.0,0.136,0.0,0.0,0.0,1.619,12.0,68.0
2,0.0,0.0,0.0,0.0,0.0,0.64,0.0,0.0,0.0,0.0,0.0,0.0,0.0,0.0,0.0,0.0,0.0,0.0,2.4,0.0,0.0,0.0,0.0,0.0,0.0,0.0,0.0,0.0,0.0,0.0,0.0,0.0,0.0,0.0,0.0,0.0,0.0,0.0,0.0,0.0,0.0,0.0,0.0,0.0,0.0,0.0,0.0,0.0,0.0,0.709,0.0,0.14209999999999945,7.82,39.0,305.0
2,0.0,0.0,0.55,0.0,0.55,0.0,0.0,0.0,0.0,0.0,0.0,0.0,0.0,0.0,0.0,0.55,0.0,0.0,3.31,0.0,1.1,0.0,0.0,0.0,0.0,0.0,0.0,0.0,0.0,0.0,0.0,0.0,0.0,0.0,0.0,0.0,0.0,0.0,0.0,0.0,0.0,0.0,0.0,0.0,0.55,0.0,0.0,0.0,0.104,0.524,0.0,0.0,1.229,7.0,75.0
1,0.0,0.0,0.39,0.0,0.39,0.39,0.0,0.0,0.0,0.0,0.0,0.0,0.39,0.0,0.0,0.39,0.0,0.39,1.17,0.0,0.78,0.0,0.39,0.39,0.0,0.0,0.0,0.0,0.0,0.0,0.0,0.0,0.0,0.0,0.0,0.0,0.0,0.0,0.0,0.0,0.0,0.0,0.0,0.0,0.0,0.39,0.0,0.0,0.065,0.261,0.065,0.0,2.89,55.0,159.0
1,0.0,0.32,0.96,0.0,0.0,0.0,0.0,0.0,0.0,0.64,0.0,1.28,0.0,0.0,0.0,0.0,0.0,0.0,3.52,0.0,1.6,0.0,0.0,0.0,0.96,1.6,0.0,0.0,0.0,0.64,0.0,0.0,0.0,0.0,0.0,0.0,0.32,0.0,0.0,0.0,0.0,0.0,0.0,0.0,0.0,0.0,0.0,0.0,0.064,0.128,0.0,0.0,1.653,5.0,86.0
2,0.28,0.28,0.56,0.0,0.28,0.28,0.0,0.6,0.28,0.84,0.28,0.56,0.0,0.0,0.0,0.0,0.91,0.56,1.69,0.35,3.09,0.0,0.0,0.0,0.0,0.0,0.0,0.0,0.0,0.0,0.0,0.0,0.0,0.0,0.0,0.0,0.0,0.0,0.0,0.28,0.0,0.0,0.0,0.0,0.0,0.0,0.0,0.0,0.284,1.1457999999999993,0.094,0.0,3.725,63.0,339.0
2,0.0,0.0,0.0,0.0,1.51,0.44,0.0,0.44,0.0,0.88,0.0,0.0,0.0,0.0,0.0,0.88,0.0,0.0,0.88,0.35,1.32,0.0,0.0,0.0,0.0,0.0,0.0,0.0,0.0,0.0,0.0,0.0,0.44,0.0,0.0,0.0,0.0,0.0,0.0,0.0,0.0,0.0,0.0,0.0,0.0,0.0,0.0,0.0,0.257,0.064,0.128,0.0,2.215,23.0,113.0
1,0.0,0.0,0.0,0.0,0.0,0.0,0.0,0.0,0.0,0.0,0.0,0.0,0.0,0.0,0.0,0.0,0.0,0.0,0.0,0.0,0.0,0.0,0.0,0.0,0.0,0.0,0.0,0.0,0.0,0.0,0.0,0.0,0.0,0.0,0.0,0.0,0.0,0.0,0.0,0.0,0.0,0.0,0.0,0.0,0.0,0.0,0.0,0.0,0.354,0.0,0.0,0.0,2.187,5.0,35.0
1,0.0,0.0,1.29,0.0,0.0,0.0,0.0,0.0,0.0,0.0,0.0,0.0,0.65,0.0,0.0,0.0,0.0,0.0,2.5,0.0,2.5,0.0,0.0,0.0,0.0,0.0,0.0,0.0,0.51,0.0,0.0,0.0,0.0,0.0,0.0,0.0,0.0,0.0,0.0,0.0,0.0,0.0,0.0,0.0,0.0,0.0,0.0,0.0,0.0,0.0,0.0,0.0,1.222,3.0,11.0
1,0.0,0.0,0.0,0.0,0.0,0.0,0.0,0.0,0.0,0.0,0.0,1.56,0.0,0.0,0.0,0.0,0.0,0.0,0.0,0.0,0.0,0.0,0.0,0.0,3.12,1.7939999999999965,1.56,0.85,0.51,0.0,0.0,0.0,0.0,0.0,0.66,0.0,0.0,0.0,0.0,0.0,0.0,0.61,0.0,0.0,0.0,0.0,0.0,0.0,0.515,0.0,0.0,0.0,3.285,24.0,69.0
1,0.0,0.0,0.0,0.0,0.0,0.0,0.0,0.0,0.0,0.0,0.0,0.0,0.0,0.17,0.0,0.0,0.0,0.0,0.0,0.0,0.0,0.0,0.0,0.0,0.0,0.0,0.0,0.0,0.0,0.0,0.0,0.0,0.0,0.0,0.0,0.0,0.0,0.0,0.0,0.0,0.0,0.0,0.0,0.0,0.0,0.0,0.0,0.0,0.0,0.0,0.0,0.0,1.8,7.0,18.0
2,0.0,0.0,0.0,0.0,0.0,0.0,0.7839999999999964,0.0,0.0,1.11,0.0,0.0,0.0,0.0,0.0,0.0,0.0,0.0,2.22,0.0,1.11,0.0,0.0,0.0,0.0,0.0,0.0,0.0,0.0,0.0,0.0,0.0,0.0,0.0,0.0,0.0,0.0,0.0,0.0,0.0,0.0,0.0,0.0,0.0,0.0,0.0,0.0,0.0,0.202,0.202,0.0,0.0,4.0,16.0,40.0
2,0.0,0.0,0.0,0.0,0.0,0.0,0.0,0.0,0.0,0.0,0.0,0.0,0.0,0.0,0.0,0.0,0.0,0.0,0.0,0.0,0.0,0.0,0.0,0.0,0.0,0.0,0.0,0.0,0.0,0.0,0.0,0.0,0.0,0.0,0.0,0.0,0.0,0.0,0.0,0.0,0.0,0.0,0.0,0.0,0.0,0.0,0.0,0.0,0.0,1.1457999999999993,0.0,0.0,1.0,1.0,9.0
1,0.0,0.0,0.0,0.0,0.0,0.0,0.0,0.0,0.0,0.0,0.0,1.56,0.0,0.0,0.0,0.0,0.0,0.0,0.0,0.0,0.0,0.0,0.0,0.0,0.0,0.0,0.0,0.0,0.0,0.0,0.0,0.0,0.0,0.0,0.0,0.0,0.95,0.0,0.53,0.0,0.0,0.0,0.31,0.0,1.44,1.166999999999998,0.0,0.0,0.215,0.0,0.0,0.0,1.666,12.0,30.0
1,0.0,0.0,0.0,0.0,0.0,0.0,0.0,0.0,0.0,0.0,0.0,0.0,0.0,0.0,0.0,0.93,0.0,0.0,0.93,0.0,0.0,0.0,0.0,0.0,0.0,0.0,0.0,0.0,0.0,0.0,0.0,0.0,0.0,0.0,0.0,0.0,0.93,0.0,0.0,0.0,0.0,0.0,0.0,0.2869999999999982,0.93,0.93,0.0,0.0,0.163,0.0,0.0,0.0,1.911,15.0,65.0
2,0.0,0.0,0.0,0.0,0.0,0.0,0.0,0.0,0.0,0.0,0.0,0.0,0.0,0.0,0.0,0.0,0.0,0.0,0.0,0.0,0.0,0.0,0.0,0.0,0.0,0.0,0.0,0.0,0.0,0.0,0.0,0.0,0.0,0.0,0.0,0.0,0.0,0.0,0.0,0.0,0.0,0.0,0.0,0.0,0.0,1.166999999999998,0.0,0.0,0.364,0.0,0.0,0.0,3.23,38.0,126.0
2,0.0,0.0,0.0,0.0,0.0,0.0,0.0,0.0,0.0,0.0,0.0,0.0,0.0,0.0,0.0,0.92,0.46,0.92,1.85,0.35,1.85,0.0,0.46,0.0,0.0,0.0,0.0,0.0,0.0,0.0,0.0,0.0,0.0,0.0,0.0,0.0,0.0,0.0,0.0,0.0,0.0,0.0,0.0,0.0,0.0,0.0,0.0,0.0,0.142,0.142,0.38239999999999963,0.14209999999999945,1.636,10.0,126.0
1,0.0,0.0,0.0,0.0,0.0,0.0,0.0,0.0,0.0,0.0,0.0,0.0,0.0,0.0,0.0,0.0,0.0,0.0,0.0,0.0,0.0,0.0,0.0,0.0,3.183999999999996,1.7939999999999965,0.0,0.85,0.0,0.0,0.0,0.0,0.0,0.0,0.66,0.0,0.0,0.0,0.0,0.0,0.0,0.0,0.0,0.0,0.0,0.0,0.0,0.0,0.0,0.0,0.0,0.0,2.565,10.0,59.0
2,0.51,0.17,0.51,0.0,1.51,0.34,0.0,0.0,0.67,0.17,0.0,0.68,0.17,0.17,0.0,0.17,0.17,0.0,2.9,0.0,2.05,0.0,0.68,0.5769999999999982,0.0,0.0,0.0,0.0,0.0,0.0,0.0,0.0,0.0,0.0,0.0,0.0,0.0,0.0,0.0,0.0,0.0,0.0,0.0,0.0,0.0,0.0,0.0,0.0,0.0,0.387,0.38239999999999963,0.025,9.018899999999988,156.39999999999964,660.0
1,0.0,0.0,0.0,0.0,0.0,0.0,0.0,0.0,0.0,0.0,0.0,0.94,0.0,0.0,0.0,0.0,0.0,0.0,2.83,0.0,0.0,0.0,0.0,0.0,0.0,0.0,0.0,0.0,0.0,0.0,0.0,0.0,0.0,0.0,0.0,0.0,0.94,0.0,0.0,0.0,0.0,0.0,0.0,0.0,0.94,1.166999999999998,0.0,0.0,0.267,0.0,0.0,0.0,2.241,15.0,65.0
2,0.0,0.0,0.0,0.0,0.0,0.0,0.0,0.0,0.0,0.0,0.0,0.0,0.0,0.0,0.0,1.36,0.0,0.0,0.0,0.0,0.0,0.0,0.0,0.0,0.0,0.0,0.0,0.0,0.0,0.0,0.0,0.0,0.0,0.0,0.0,0.0,0.0,0.0,0.0,0.0,0.0,0.0,0.0,0.0,0.0,0.0,0.0,0.0,0.352,0.352,0.0,0.0,4.0,11.0,36.0
1,0.0,0.0,0.0,0.0,0.0,0.0,0.0,0.0,0.0,0.0,0.0,0.0,0.0,0.0,0.0,0.0,0.0,0.0,0.0,0.0,0.0,0.0,0.0,0.0,0.0,0.0,1.916999999999998,0.0,0.0,0.0,0.0,0.0,0.0,0.0,0.0,0.0,0.0,0.0,0.0,0.0,0.0,0.0,0.0,0.0,1.44,0.0,0.0,0.0,0.0,0.0,0.0,0.0,1.0,1.0,9.0
1,0.0,0.0,0.0,0.0,0.0,0.0,0.0,0.6,0.0,0.0,0.0,0.0,0.0,0.0,0.0,0.0,0.0,1.19,2.32,0.0,0.0,0.0,0.0,0.0,3.1,1.7939999999999965,1.916999999999998,0.77,0.0,0.7139999999999963,0.32,0.0,0.0,0.0,0.66,0.63,0.0,0.0,0.0,0.0,0.0,0.0,0.0,0.0,0.0,0.0,0.0,0.0,0.198,0.099,0.0,0.0,2.325,30.0,93.0
1,0.0,0.0,0.95,0.0,0.31,0.0,0.0,0.0,0.0,0.0,0.0,0.31,0.0,0.0,0.0,0.0,0.0,0.0,1.26,0.0,0.0,0.0,0.0,0.0,0.63,0.95,0.0,0.0,0.0,0.0,0.0,0.0,0.0,0.0,0.0,0.31,0.31,0.0,0.31,0.0,0.0,0.0,0.31,0.0,0.0,0.0,0.0,0.048,0.339,0.048,0.0,0.0,1.99,14.0,215.0
2,0.0,0.0,0.0,0.0,0.0,0.0,0.0,0.0,0.0,1.32,0.0,0.0,0.0,0.0,0.0,1.36,0.0,0.0,1.85,0.0,0.0,0.0,0.0,0.0,0.0,0.0,0.0,0.0,0.0,0.0,0.0,0.0,0.0,0.0,0.0,0.0,0.0,0.0,0.0,0.0,0.0,0.0,0.0,0.0,0.0,0.0,0.0,0.17069999999999982,0.0,1.1457999999999993,0.0,0.0,4.555,13.0,82.0
1,0.0,0.0,0.0,0.0,0.0,0.0,0.0,0.0,0.0,0.0,0.0,2.22,0.0,0.0,0.0,0.0,0.0,0.0,0.0,0.0,0.0,0.0,0.0,0.0,0.0,0.0,0.0,0.0,0.0,0.0,0.0,0.0,0.0,0.0,0.0,0.0,0.0,0.0,0.0,0.0,0.0,0.0,0.0,0.0,0.0,0.0,0.0,0.0,0.0,0.0,0.0,0.0,2.666,4.0,16.0
2,0.0,0.0,0.32,0.0,0.65,0.64,0.32,0.32,0.0,0.0,0.0,0.32,0.32,0.0,0.0,0.32,0.32,0.0,2.28,0.0,3.14,0.0,0.0,0.32,0.0,0.0,0.0,0.0,0.0,0.0,0.0,0.0,0.0,0.0,0.0,0.0,0.0,0.0,0.0,0.0,0.0,0.0,0.0,0.0,0.32,0.0,0.0,0.0,0.106,0.0,0.159,0.0,1.494,10.0,139.0
2,0.09,0.19,0.98,0.0,0.78,0.64,0.49,0.0,0.67,0.19,0.29,0.68,0.29,0.0,0.16,0.09,0.0,1.08,1.28,0.19,0.68,0.0,0.59,0.09,0.09,0.09,0.0,0.0,0.0,0.0,0.0,0.0,0.0,0.0,0.0,0.0,0.0,0.0,0.0,0.0,0.0,0.0,0.19,0.0,0.09,0.09,0.0,0.0,0.102,0.393,0.145,0.014,8.323,156.39999999999964,1179.3999999999996
1,0.0,0.0,0.0,0.0,0.0,0.0,0.0,0.0,0.0,0.0,0.0,0.0,0.0,0.0,0.0,0.0,0.0,0.0,3.33,0.0,0.0,0.0,0.0,0.0,1.66,0.0,0.0,0.0,0.0,0.0,0.0,0.0,0.0,0.0,0.0,0.0,0.95,0.0,0.0,0.0,0.0,0.0,0.0,0.0,0.0,1.166999999999998,0.0,0.0,0.537,0.0,0.0,0.0,2.294,15.0,39.0
2,0.0,0.0,0.0,0.0,0.63,0.0,0.31,0.6,0.31,0.63,0.31,0.31,0.31,0.0,0.0,0.31,0.0,0.0,3.18,0.0,0.31,0.0,0.0,0.0,0.0,0.0,0.0,0.0,0.0,0.0,0.0,0.0,0.0,0.0,0.0,0.0,0.0,0.0,0.0,0.0,0.0,0.0,0.0,0.0,0.0,0.0,0.0,0.0,0.135,0.135,0.0,0.0,3.537,40.0,191.0
1,0.0,0.0,0.0,0.0,0.0,0.0,0.0,0.0,0.0,0.0,0.38,0.56,0.65,0.0,0.0,0.0,0.0,0.0,2.82,0.0,0.0,0.0,0.0,0.0,1.12,0.56,0.0,0.0,0.0,0.56,0.32,0.0,0.0,0.0,0.0,0.0,0.56,0.0,0.0,0.0,0.0,0.0,0.0,0.0,0.0,0.0,0.0,0.17069999999999982,0.367,0.0,0.0,0.0,1.583,7.0,57.0
1,0.0,0.0,0.0,0.0,0.0,0.0,0.0,0.0,0.0,0.86,0.0,1.72,0.65,0.0,0.0,0.0,0.0,0.0,2.58,0.0,0.86,0.0,0.0,0.0,0.0,0.0,0.0,0.0,0.0,0.0,0.0,0.0,0.0,0.0,0.0,0.0,0.0,0.0,0.0,0.0,0.0,0.0,0.0,0.0,0.0,0.86,0.0,0.0,0.321,0.214,0.0,0.0,3.956,51.0,91.0
1,0.09,0.09,0.09,0.0,0.29,0.0,0.0,0.0,0.67,0.0,0.0,0.29,0.09,0.0,0.16,0.0,0.0,0.0,0.39,0.0,0.19,0.0,0.0,0.0,0.58,0.68,0.09,0.0,0.0,0.0,0.0,0.0,0.29,0.0,0.0,0.0,0.19,0.0,0.0,0.0,0.0,0.0,0.0,0.0,0.0,0.0,0.0,0.111,0.153,0.0,0.041,0.0,3.298,41.0,686.0
1,0.0,0.0,1.29,0.0,1.51,0.0,0.0,0.0,0.0,0.0,0.0,1.02,0.0,0.0,0.0,0.0,0.0,0.0,1.02,0.0,0.0,0.0,0.0,0.0,0.0,0.0,1.02,0.0,0.0,0.0,0.0,0.0,0.0,0.0,0.0,0.0,0.0,0.0,0.0,0.0,0.0,0.0,0.0,0.0,0.0,0.0,0.0,0.0,0.537,0.0,0.0,0.0,1.29,5.0,40.0
1,0.0,0.0,0.0,0.0,0.0,0.0,0.0,0.0,0.0,0.0,0.0,0.0,0.0,0.0,0.0,0.0,0.0,0.0,0.0,0.0,0.24,0.0,0.0,0.0,1.93,1.69,0.72,0.24,0.24,0.24,0.24,0.0,0.24,0.07,0.24,0.24,0.24,0.0,0.0,0.24,0.0,0.0,0.24,0.0,0.24,0.48,0.0,0.0,0.148,0.0,0.0,0.0,2.386,12.0,210.0
2,0.0,0.6169999999999982,0.0,0.0,0.0,0.0,0.0,0.0,0.0,0.0,0.0,0.0,0.0,0.0,0.0,0.9,0.0,1.19,3.63,0.0,2.72,0.0,0.0,0.0,0.0,0.0,0.0,0.0,0.0,0.0,0.0,0.0,0.0,0.0,0.0,0.0,0.0,0.0,0.0,0.0,0.0,0.0,0.0,0.0,0.9,0.0,0.0,0.0,0.0,0.165,0.165,0.0,6.266,41.0,94.0
2,0.0,0.0,0.0,0.0,1.51,0.0,0.31,0.31,0.0,0.31,0.38,1.59,0.63,0.0,0.16,0.0,0.63,1.19,3.19,0.0,1.59,0.0,0.31,0.0,0.0,0.0,0.0,0.0,0.0,0.0,0.0,0.0,0.0,0.0,0.0,0.0,0.0,0.0,0.0,0.39,0.0,0.0,0.0,0.0,0.0,0.0,0.0,0.0,0.092,0.323,0.0,0.0,2.15,18.0,86.0
1,0.0,0.22,0.0,0.0,0.22,0.0,0.0,0.0,0.0,0.0,0.0,1.36,0.0,0.0,0.0,0.0,0.0,1.19,0.91,0.0,0.0,0.0,0.0,0.0,0.0,0.0,0.0,0.0,0.22,0.0,0.0,0.0,0.45,0.0,0.0,0.0,0.0,0.0,0.0,0.0,0.0,0.0,0.0,0.0,0.0,0.0,0.0,0.0,0.326,0.285,0.0,0.0,2.043,31.0,141.0
1,0.0,0.0,0.15,0.0,0.13,0.03,0.0,0.08,0.0,0.06,0.03,0.64,0.08,0.01,0.0,0.05,0.22,0.01,0.15,0.03,0.33,0.0,0.0,0.0,0.0,0.0,0.01,0.0,0.03,0.01,0.0,0.0,0.4669999999999982,0.0,0.0,0.1,0.76,0.0,0.01,0.05,0.0,0.03,0.0,0.05,0.0,0.1,0.0,0.024,0.254,0.002,0.007,0.0,2.128,36.0,1179.3999999999996
2,0.0,0.29,0.29,0.0,0.58,0.0,0.58,0.0,0.0,0.58,0.29,0.29,0.0,0.0,0.0,1.36,0.29,0.87,1.16,0.35,1.16,0.0,0.0,0.0,0.0,0.0,0.0,0.0,0.0,0.0,0.0,0.0,0.0,0.0,0.0,0.0,0.0,0.0,0.0,0.0,0.0,0.0,0.0,0.0,0.29,0.0,0.0,0.0,0.086,0.606,0.0,0.043,3.591,37.0,352.0
1,0.0,0.6169999999999982,0.0,0.0,0.0,0.0,0.0,0.0,0.0,0.0,0.0,2.22,0.0,0.0,0.0,0.0,0.0,1.19,0.93,0.0,0.31,0.0,0.0,0.0,0.0,0.0,0.0,0.0,0.0,0.0,0.0,0.0,0.0,0.0,0.0,0.31,0.0,0.0,0.0,0.0,0.0,0.0,0.0,0.0,0.0,0.0,0.0,0.0,0.164,0.109,0.054,0.0,2.193,18.0,136.0
1,0.0,0.0,0.0,0.0,0.0,0.0,0.0,0.0,0.0,0.0,0.0,0.0,0.0,0.0,0.0,0.0,0.0,0.0,0.0,0.0,0.0,0.0,0.0,0.0,3.183999999999996,1.7939999999999965,0.0,0.0,0.0,0.0,0.0,0.0,0.0,0.0,0.0,0.0,0.0,0.0,0.0,0.0,0.0,0.0,0.0,0.0,0.0,0.0,0.0,0.0,0.0,0.0,0.0,0.0,1.333,2.0,9.0
2,0.0,0.0,0.0,0.0,0.0,0.0,0.0,0.6,0.0,0.43,0.0,0.0,0.0,0.0,0.0,0.43,0.0,1.19,0.43,0.0,0.43,0.0,0.0,0.0,0.0,0.0,0.0,0.0,0.0,0.0,0.0,0.0,0.0,0.0,0.0,0.43,0.0,0.0,0.0,0.0,0.0,0.0,0.0,0.0,0.0,0.0,0.0,0.0,0.124,0.31,0.062,0.0,1.477,8.0,65.0
2,0.12,0.6169999999999982,0.63,0.0,0.88,0.0,0.12,0.5,0.25,1.32,0.38,0.88,0.12,0.0,0.0,0.25,0.12,0.0,2.9,0.25,1.38,0.0,0.73,0.12,0.0,0.0,0.0,0.0,0.0,0.0,0.0,0.0,0.0,0.0,0.0,0.0,0.0,0.0,0.0,0.0,0.0,0.0,0.12,0.0,0.0,0.0,0.0,0.019,0.379,0.0,0.119,0.0,4.155,38.0,507.0
2,0.0,0.17,0.0,0.0,0.0,0.0,0.17,0.17,0.0,0.17,0.0,0.0,0.0,0.17,0.0,0.0,0.0,0.0,0.0,0.0,0.17,0.0,0.17,0.0,3.183999999999996,1.77,0.0,0.0,0.0,0.17,0.0,0.0,0.0,0.0,0.0,0.0,0.0,0.0,0.17,0.0,0.0,0.0,0.0,0.0,0.35,0.0,0.0,0.108,0.216,0.046,0.03,0.0,4.259,85.0,1179.3999999999996
2,0.0,0.0,0.0,0.0,1.51,0.36,0.36,0.6,0.36,0.36,0.0,0.0,0.0,0.0,0.0,0.0,0.0,0.36,2.91,0.0,2.18,0.0,0.72,0.0,0.0,0.0,0.0,0.0,0.0,0.0,0.0,0.0,0.0,0.0,0.0,0.0,0.0,0.0,0.0,0.0,0.0,0.0,0.31,0.2869999999999982,0.0,0.0,0.0,0.0,0.297,0.178,0.0,0.0,2.446,11.0,115.0
1,0.63,0.6169999999999982,0.0,0.0,0.0,0.0,0.0,0.0,0.0,0.63,0.0,0.0,0.0,0.0,0.16,0.0,0.0,0.0,4.45,0.0,0.0,0.0,0.0,0.0,0.0,0.0,0.0,0.0,0.0,0.0,0.0,0.0,0.0,0.0,0.0,0.0,0.0,0.0,0.0,0.0,0.0,0.0,0.0,0.0,1.27,1.166999999999998,0.0,0.0,0.204,0.102,0.0,0.0,1.361,4.0,49.0
1,0.0,0.54,0.0,0.0,0.54,0.0,0.0,0.0,0.0,0.0,0.0,0.0,0.0,0.0,0.0,0.0,0.0,0.0,0.0,0.0,0.0,0.0,0.0,0.0,0.54,0.54,0.0,0.0,0.0,0.0,0.0,0.0,0.0,0.0,0.0,0.0,0.0,0.0,0.0,0.0,0.0,0.0,0.0,0.0,1.09,0.0,0.0,0.0,0.182,0.091,0.0,0.0,1.212,5.0,40.0
1,0.0,0.6169999999999982,0.19,0.0,0.0,0.0,0.0,0.0,0.0,1.32,0.0,0.19,0.0,0.0,0.0,0.0,0.0,0.0,0.0,0.0,0.38,0.0,0.0,0.0,2.32,0.96,0.0,0.0,0.0,0.0,0.0,0.0,0.0,0.0,0.58,0.63,0.38,0.0,0.0,0.0,0.0,0.0,0.19,0.0,0.0,0.0,0.0,0.0,0.337,0.0,0.0,0.0,3.937,44.0,693.0
1,0.0,0.6169999999999982,0.0,0.0,0.0,0.0,0.0,0.0,0.0,1.32,0.0,0.0,0.0,0.0,0.0,0.0,0.0,0.0,3.03,0.0,0.0,0.0,0.0,0.0,0.0,0.0,0.0,0.0,0.0,0.0,0.0,0.0,0.0,0.0,0.0,0.0,0.0,0.0,0.53,0.0,0.0,0.0,0.0,0.0,1.44,0.0,0.0,0.0,0.0,0.0,0.0,0.0,2.769,21.0,36.0
2,0.2,0.4,0.4,0.0,0.0,0.4,0.0,0.2,0.67,0.61,0.0,0.2,0.0,0.0,0.0,0.0,0.0,0.0,2.66,0.2,2.04,0.0,0.0,0.5769999999999982,0.0,0.0,0.0,0.0,0.0,0.0,0.0,0.0,0.0,0.0,0.0,0.0,0.0,0.0,0.0,0.0,0.0,0.0,0.0,0.0,0.2,0.0,0.0,0.029,0.059,0.298,0.149,0.029,9.018899999999988,156.39999999999964,909.0
1,0.0,0.0,0.0,0.0,0.0,0.0,0.0,0.0,0.0,0.0,0.0,0.0,0.0,0.0,0.0,0.0,0.0,0.0,0.0,0.0,0.0,0.0,0.0,0.0,3.183999999999996,1.7939999999999965,0.0,0.0,0.0,0.0,0.0,0.0,0.0,0.0,0.0,0.0,0.0,0.0,0.0,0.0,0.0,0.0,0.0,0.0,0.0,0.0,0.0,0.0,0.0,0.0,0.0,0.0,1.25,2.0,10.0
1,0.0,0.0,1.29,0.0,0.0,0.0,0.0,0.0,0.0,0.0,0.0,1.88,0.0,0.0,0.0,0.0,0.0,0.0,1.88,0.0,1.88,0.0,0.0,0.0,0.0,0.0,1.88,0.0,0.0,0.0,0.0,0.0,0.0,0.0,0.0,0.0,0.0,0.0,0.0,0.0,0.0,0.61,0.0,0.0,0.0,0.0,0.0,0.17069999999999982,0.323,0.0,0.0,0.0,1.0,1.0,12.0
1,0.0,0.0,0.0,0.0,0.0,0.0,0.0,0.0,0.0,0.0,0.0,0.0,0.0,0.0,0.0,0.0,0.0,0.0,0.0,0.0,0.0,0.0,0.0,0.0,3.183999999999996,1.7939999999999965,1.916999999999998,0.85,0.51,0.7139999999999963,0.32,0.0,0.0,0.07,0.66,0.63,0.0,0.0,0.0,0.39,0.0,0.0,0.0,0.0,0.0,0.0,0.0,0.0,0.537,0.0,0.0,0.0,2.45,11.0,49.0
2,0.25,0.5,0.5,0.0,0.0,0.0,0.0,0.0,0.0,0.25,0.25,1.0,0.25,0.0,0.0,0.0,0.0,0.5,3.0,0.0,2.75,0.0,0.73,0.25,0.0,0.0,0.0,0.0,0.0,0.0,0.0,0.0,0.0,0.0,0.0,0.0,0.0,0.0,0.0,0.0,0.0,0.0,0.0,0.0,0.0,0.0,0.0,0.0,0.181,0.407,0.38239999999999963,0.0,3.417,49.0,270.0
1,0.0,0.0,0.5,0.0,0.0,0.0,0.0,0.0,0.0,0.0,0.0,1.0,0.0,0.0,0.0,0.0,0.0,0.0,1.0,0.0,1.25,0.0,0.0,0.0,0.5,0.25,0.0,0.0,0.0,0.0,0.0,0.0,0.0,0.0,0.0,0.0,0.25,0.0,0.0,0.0,0.0,0.0,0.0,0.0,0.0,0.0,0.0,0.0,0.083,0.0,0.0,0.041,1.732,11.0,227.0
1,0.0,0.0,1.16,0.0,1.16,0.0,0.0,0.0,0.0,0.0,0.0,1.16,0.0,0.0,0.0,0.0,0.0,0.0,0.0,0.0,0.0,0.0,0.0,0.0,0.0,0.0,0.0,0.0,0.0,0.0,0.0,0.0,0.0,0.0,0.0,0.0,0.0,0.0,0.0,0.0,0.0,0.61,0.0,0.0,0.0,0.0,0.0,0.0,0.368,0.184,0.0,0.0,2.833,11.0,51.0
1,0.0,0.17,0.0,0.0,0.17,0.0,0.0,0.35,0.0,0.0,0.0,0.88,0.0,0.0,0.0,0.0,0.91,0.0,0.17,0.0,0.0,0.0,0.0,0.0,0.35,0.17,0.0,0.0,0.0,0.17,0.0,0.0,0.0,0.0,0.0,0.35,0.0,0.0,0.0,0.0,0.0,0.0,0.0,0.0,0.53,0.0,0.0,0.0,0.256,0.0,0.0,0.0,2.053,13.0,232.0
2,0.0,0.43,0.87,0.0,0.0,0.0,0.0,0.0,0.43,0.43,0.38,0.0,0.0,0.0,0.0,0.0,0.0,0.0,4.76,0.0,0.43,0.0,0.0,0.5769999999999982,0.0,0.0,0.0,0.0,0.0,0.0,0.0,0.0,0.0,0.0,0.0,0.0,0.0,0.0,0.0,0.0,0.0,0.0,0.0,0.0,0.0,0.0,0.0,0.075,0.075,0.0,0.151,0.0,5.086,33.0,117.0
2,0.23,0.0,0.47,0.0,0.23,0.0,0.0,0.0,0.0,0.0,0.0,0.0,0.0,0.17,0.0,0.23,0.23,0.0,4.76,0.0,1.89,0.0,0.0,0.23,0.0,0.0,0.0,0.0,0.0,0.0,0.0,0.0,0.0,0.0,0.0,0.0,0.0,0.0,0.0,0.0,0.0,0.0,0.0,0.0,0.71,0.0,0.0,0.043,0.043,0.175,0.0,0.0,1.294,11.0,66.0
1,0.0,0.6169999999999982,0.0,0.0,0.0,0.0,0.0,0.0,0.62,1.25,0.0,0.0,0.0,0.0,0.0,0.0,0.0,0.0,1.87,0.0,1.25,0.0,0.0,0.0,1.87,1.7939999999999965,1.25,0.85,0.51,0.7139999999999963,0.32,0.0,0.0,0.07,0.66,0.62,0.95,0.0,0.53,0.39,0.0,0.0,0.31,0.0,1.44,0.0,0.0,0.0,0.475,0.0,0.0,0.0,2.238,12.0,141.0
2,0.1,0.0,0.43,0.0,0.1,0.1,0.1,0.53,0.1,0.0,0.0,0.64,0.0,0.17,0.0,0.0,0.1,0.0,0.0,0.0,0.0,0.0,0.73,0.0,0.0,0.0,0.0,0.0,0.0,0.0,0.0,0.0,0.0,0.0,0.0,0.0,0.0,0.0,0.0,0.0,0.0,0.0,0.0,0.0,0.0,0.0,0.0,0.0,0.049,0.016,0.065,0.0,1.901,29.0,329.0
2,0.26,0.08,0.26,0.0,0.53,0.08,0.08,0.08,0.67,0.62,0.08,1.15,0.08,0.17,0.16,0.35,0.08,0.0,4.16,0.26,2.21,0.0,0.17,0.5769999999999982,0.0,0.0,0.0,0.0,0.0,0.0,0.0,0.0,0.0,0.0,0.08,0.0,0.0,0.0,0.0,0.0,0.0,0.0,0.0,0.0,0.0,0.0,0.0,0.0,0.044,0.339,0.162,0.014,4.137,74.0,753.0
2,0.45,0.6169999999999982,0.91,0.0,0.45,0.0,0.0,0.45,0.0,1.32,0.0,2.22,0.0,0.17,0.0,0.45,0.0,0.0,1.83,0.0,3.14,0.0,0.0,0.0,0.0,0.0,0.0,0.0,0.0,0.0,0.0,0.0,0.0,0.0,0.0,0.0,0.0,0.0,0.0,0.0,0.0,0.0,0.0,0.0,0.0,0.0,0.0,0.0,0.245,1.1457999999999993,0.245,0.081,9.018899999999988,156.39999999999964,773.0
2,0.0,0.0,0.0,0.0,0.0,0.0,0.7839999999999964,0.0,0.0,0.0,0.38,2.22,0.0,0.0,0.0,0.0,0.0,0.0,4.76,0.0,0.0,0.0,0.0,0.0,0.0,0.0,0.0,0.0,0.0,0.0,0.0,0.0,0.0,0.0,0.0,0.0,0.0,0.0,0.0,0.0,0.0,0.0,0.0,0.0,0.0,0.0,0.0,0.0,0.0,0.0,0.0,0.0,1.941,12.0,33.0
1,0.0,0.0,0.0,0.0,0.0,0.0,0.0,0.0,0.0,0.0,0.0,0.0,0.0,0.0,0.0,0.0,0.72,0.0,0.0,0.0,0.0,0.0,0.0,0.0,0.72,0.0,0.0,0.0,0.0,0.0,0.0,0.0,0.0,0.0,0.0,0.0,0.0,0.0,0.0,0.0,0.0,0.0,0.0,0.0,0.0,0.0,0.0,0.0,0.0,0.0,0.0,0.14209999999999945,2.333,8.0,119.0
1,0.0,0.0,0.0,0.0,0.48,0.0,0.0,0.0,0.0,0.0,0.0,0.48,0.0,0.0,0.0,0.0,0.0,0.0,0.48,0.0,0.0,0.0,0.0,0.0,0.0,0.0,0.0,0.0,0.0,0.0,0.0,0.0,0.0,0.0,0.0,0.0,0.0,0.0,0.0,0.0,0.0,0.0,0.0,0.0,0.0,0.0,0.0,0.0,0.0,0.0,0.0,0.0,2.084,9.0,123.0
2,0.52,0.42,0.35,0.0,0.14,0.03,0.03,0.1,0.56,0.8,0.28,0.7,0.56,0.17,0.03,0.24,0.45,0.0,3.18,0.0,1.47,0.0,0.38,0.5769999999999982,0.0,0.0,0.0,0.0,0.0,0.0,0.0,0.0,0.0,0.0,0.0,0.0,0.0,0.0,0.0,0.0,0.0,0.0,0.0,0.0,0.07,0.0,0.0,0.0,0.075,0.452,0.38239999999999963,0.116,6.152,156.39999999999964,1179.3999999999996
1,0.0,0.0,1.29,0.0,0.0,0.0,0.0,0.0,0.0,0.0,0.0,1.66,0.0,0.0,0.0,0.0,0.0,0.83,2.5,0.0,0.0,0.0,0.0,0.0,0.0,0.0,0.0,0.0,0.0,0.0,0.0,0.0,0.0,0.0,0.0,0.0,0.0,0.0,0.0,0.0,0.0,0.0,0.0,0.0,0.0,0.0,0.0,0.0,0.0,0.151,0.0,0.0,1.518,8.0,41.0
2,0.0,0.0,0.37,0.0,1.13,0.0,0.37,0.0,0.0,0.75,0.0,0.37,0.0,0.0,0.0,0.37,0.75,0.0,2.65,0.0,1.13,0.0,0.37,0.0,0.0,0.0,0.0,0.0,0.0,0.0,0.0,0.0,0.0,0.0,0.0,0.0,0.0,0.0,0.0,0.0,0.0,0.0,0.0,0.0,1.13,0.0,0.0,0.0,0.063,0.882,0.189,0.0,4.08,78.0,253.0
1,0.0,0.51,0.0,0.0,1.02,0.0,0.0,0.51,0.0,0.0,0.0,0.0,0.0,0.0,0.0,0.51,0.51,0.0,0.51,0.0,0.0,0.0,0.0,0.0,0.0,0.0,0.0,0.0,0.0,0.0,0.0,0.0,0.0,0.0,0.0,0.51,0.0,0.0,0.0,0.39,0.0,0.0,0.0,0.2869999999999982,0.0,0.0,0.0,0.0,0.071,0.0,0.0,0.0,2.076,9.0,108.0
2,0.5,0.43,0.28,0.0,0.14,0.03,0.0,0.18,0.54,0.61,0.28,0.65,0.65,0.17,0.03,0.21,0.43,0.03,2.96,0.0,1.34,0.0,0.5,0.54,0.0,0.0,0.0,0.0,0.0,0.0,0.0,0.0,0.0,0.0,0.0,0.0,0.0,0.0,0.0,0.0,0.0,0.0,0.0,0.0,0.03,0.0,0.0,0.012,0.078,0.439,0.38239999999999963,0.132,6.683,156.39999999999964,1179.3999999999996
1,0.39,0.0,0.0,0.0,0.78,0.39,0.0,0.0,0.0,0.0,0.0,0.39,0.0,0.0,0.0,0.0,0.0,0.0,0.39,0.0,0.39,0.0,0.0,0.0,3.14,0.39,1.18,0.39,0.39,0.39,0.32,0.0,0.39,0.07,0.39,0.39,0.78,0.0,0.53,0.39,0.0,0.61,0.31,0.0,0.78,0.0,0.0,0.17069999999999982,0.537,0.129,0.0,0.0,2.895,16.0,249.0
1,0.0,0.0,0.0,0.0,0.0,0.0,0.0,0.0,0.0,0.0,0.0,0.42,0.0,0.0,0.0,0.42,0.0,0.42,2.12,0.0,0.42,0.0,0.0,0.0,1.7,0.42,0.85,0.85,0.42,0.7139999999999963,0.32,0.0,0.0,0.07,0.42,0.42,0.85,0.0,0.53,0.39,0.0,0.42,0.31,0.0,0.85,0.0,0.0,0.0,0.403,0.134,0.0,0.0,2.202,17.0,163.0
1,0.0,0.0,0.0,0.0,0.0,0.0,0.0,0.0,0.0,0.0,0.0,1.52,0.0,0.0,0.0,0.0,0.0,0.0,0.76,0.0,0.0,0.0,0.0,0.0,0.0,0.0,0.0,0.0,0.0,0.0,0.0,0.0,0.0,0.0,0.0,0.0,0.0,0.0,0.0,0.0,0.0,0.0,0.0,0.0,0.0,0.76,0.0,0.0,0.118,0.0,0.0,0.0,1.735,10.0,59.0
1,0.0,0.0,0.0,0.0,0.0,0.0,0.0,0.0,0.0,0.0,0.0,0.0,0.0,0.0,0.0,0.0,0.0,0.0,0.0,0.0,0.0,0.0,0.0,0.0,0.0,0.0,0.0,0.0,0.0,0.0,0.0,0.0,0.0,0.0,0.0,0.0,0.0,0.0,0.0,0.0,0.0,0.0,0.0,0.0,0.0,1.166999999999998,0.0,0.0,0.254,0.0,0.0,0.0,1.0,1.0,13.0
1,0.0,0.0,0.91,0.0,0.0,0.45,0.0,0.0,0.0,0.0,0.0,0.45,0.0,0.0,0.0,0.0,0.0,0.45,2.28,0.0,1.36,0.0,0.0,0.0,0.45,0.0,0.0,0.0,0.0,0.0,0.0,0.0,0.0,0.0,0.0,0.0,0.0,0.0,0.0,0.0,0.0,0.0,0.0,0.0,0.0,0.0,0.0,0.0,0.416,0.486,0.0,0.0,3.782,31.0,87.0
1,0.0,0.0,0.0,0.0,0.0,0.0,0.0,0.0,0.6,0.0,0.0,0.0,0.0,0.0,0.0,0.0,0.0,0.0,0.6,0.0,1.21,0.0,0.0,0.0,3.183999999999996,1.21,1.21,0.6,0.51,0.7139999999999963,0.32,0.0,0.0,0.07,0.6,0.6,0.0,0.0,0.0,0.39,0.0,0.0,0.0,0.0,0.6,0.0,0.0,0.0,0.132,0.0,0.0,0.0,4.536,52.0,186.0
1,0.0,0.35,0.35,0.0,0.17,0.0,0.0,0.0,0.17,0.35,0.0,1.23,0.0,0.17,0.0,0.0,0.17,0.0,1.41,0.0,0.7,0.0,0.0,0.0,0.17,0.0,0.0,0.0,0.0,0.0,0.0,0.0,0.0,0.0,0.0,0.0,0.0,0.0,0.0,0.0,0.0,0.61,0.0,0.0,0.17,0.0,0.0,0.0,0.038,0.019,0.0,0.095,2.059,28.0,447.0
2,0.6569999999999983,0.0,0.36,0.0,0.36,0.36,0.7839999999999964,0.0,0.0,0.0,0.0,0.36,0.0,0.0,0.0,0.36,0.91,0.73,2.56,0.0,1.09,0.0,0.36,0.5769999999999982,0.0,0.0,0.0,0.0,0.0,0.0,0.0,0.0,0.0,0.0,0.0,0.0,0.0,0.0,0.0,0.0,0.0,0.0,0.0,0.0,0.0,0.0,0.0,0.0,0.183,0.427,0.061,0.0,4.42,156.39999999999964,305.0
1,0.0,0.0,0.21,0.0,0.21,0.0,0.0,0.21,0.0,0.0,0.0,0.0,0.0,0.0,0.0,0.0,0.0,0.0,1.94,0.0,0.43,0.0,0.0,0.0,0.0,0.0,0.0,0.0,0.0,0.0,0.0,0.0,0.0,0.0,0.0,0.0,0.0,0.0,0.0,0.0,0.0,0.0,0.0,0.0,0.0,0.0,0.0,0.079,0.0,0.119,0.0,0.039,1.086,3.0,101.0
1,0.0,0.0,0.0,0.0,1.05,0.0,0.0,0.0,0.0,0.0,0.0,0.0,0.0,0.0,0.0,0.0,0.0,0.0,2.11,0.0,2.81,0.0,0.0,0.0,0.0,0.0,0.7,0.0,0.0,0.0,0.0,0.0,0.0,0.07,0.0,0.0,0.0,0.0,0.0,0.0,0.0,0.0,0.0,0.0,0.0,0.0,0.0,0.0,0.047,0.0,0.0,0.047,2.232,12.0,163.0
1,0.09,0.0,0.48,0.0,0.0,0.29,0.0,0.0,0.0,0.09,0.0,0.0,0.19,0.0,0.0,0.09,0.19,0.58,1.35,0.0,0.38,0.0,0.0,0.0,0.0,0.0,0.0,0.0,0.0,0.0,0.0,0.0,0.0,0.0,0.0,0.0,0.0,0.0,0.0,0.0,0.0,0.0,0.0,0.0,0.38,1.166999999999998,0.0,0.015,0.03,0.0,0.046,0.0,1.722,17.0,267.0
2,0.1,0.2,1.01,0.0,0.8,0.64,0.5,0.0,0.67,0.1,0.3,0.7,0.3,0.0,0.16,0.1,0.0,1.11,1.31,0.2,0.7,0.0,0.6,0.1,0.0,0.0,0.0,0.0,0.0,0.0,0.0,0.0,0.0,0.0,0.0,0.0,0.0,0.0,0.0,0.0,0.0,0.0,0.2,0.0,0.1,0.1,0.0,0.0,0.111,0.491,0.158,0.015,8.55,156.39999999999964,1179.3999999999996
2,0.0,0.0,0.0,0.0,0.0,0.0,0.0,0.0,0.0,0.0,0.0,0.0,0.0,0.0,0.0,0.0,0.0,0.0,0.0,0.0,0.0,0.0,0.0,0.0,0.0,0.0,0.0,0.0,0.0,0.0,0.0,0.0,0.0,0.0,0.0,0.63,0.0,0.0,0.0,0.0,0.0,0.0,0.0,0.0,1.36,0.0,0.0,0.0,0.212,0.424,0.212,0.0,4.125,21.0,66.0
2,0.0,0.0,0.0,0.0,0.0,0.0,0.0,0.0,0.0,0.0,0.0,0.0,0.0,0.0,0.0,0.0,0.0,0.0,0.0,0.0,0.0,0.0,0.0,0.0,0.0,0.0,0.0,0.0,0.0,0.0,0.0,0.0,0.0,0.0,0.0,0.0,0.0,0.0,0.0,0.0,0.0,0.0,0.0,0.0,1.33,0.0,0.0,0.0,0.208,0.417,0.208,0.0,3.812,16.0,61.0
1,0.0,0.0,1.29,0.0,1.05,0.0,0.0,0.0,0.0,0.0,0.0,0.0,0.0,0.0,0.0,0.0,0.0,0.0,0.0,0.0,0.0,0.0,0.0,0.0,1.05,0.0,0.0,0.0,0.0,0.7139999999999963,0.0,0.0,0.0,0.0,0.66,0.0,0.52,0.0,0.0,0.0,0.0,0.0,0.0,0.0,0.0,0.0,0.0,0.0,0.209,0.0,0.0,0.0,1.78,7.0,73.0
1,0.0,0.0,0.4,0.0,0.2,0.1,0.0,0.0,0.0,0.0,0.0,0.1,0.2,0.0,0.0,0.0,0.0,0.0,1.42,0.0,0.0,0.0,0.0,0.0,0.0,0.0,0.0,0.0,0.0,0.0,0.0,0.0,0.0,0.0,0.0,0.0,0.0,0.0,0.0,0.0,0.0,0.0,0.0,0.0,0.2,0.0,0.0,0.0,0.055,0.018,0.0,0.0,1.666,4.0,25.0
1,0.0,0.0,0.0,0.0,0.0,0.0,0.0,0.0,0.0,0.0,0.0,1.58,0.0,0.0,0.0,0.0,0.0,0.0,0.0,0.0,1.58,0.0,0.0,0.0,0.0,0.0,0.0,0.0,0.0,0.0,0.0,0.0,0.0,0.0,0.0,0.0,0.0,0.0,0.0,0.0,0.0,0.0,0.0,0.0,0.0,1.166999999999998,0.0,0.0,0.287,0.287,0.0,0.0,1.076,2.0,14.0
1,0.0,0.0,0.0,0.0,0.0,0.0,0.0,0.0,0.0,0.84,0.0,0.0,0.0,0.0,0.0,0.0,0.84,0.0,1.68,0.0,0.0,0.0,0.0,0.0,0.0,0.0,0.0,0.0,0.0,0.0,0.0,0.0,0.0,0.0,0.0,0.0,0.84,0.0,0.53,0.0,0.0,0.0,0.31,0.0,0.84,0.84,0.0,0.0,0.0,0.413,0.0,0.137,3.052,13.0,116.0
1,0.0,0.0,0.0,0.0,0.0,0.0,0.0,0.0,0.0,1.28,0.0,0.0,0.0,0.0,0.0,0.0,0.0,0.0,2.56,0.0,0.0,0.0,0.0,0.0,0.0,0.0,0.0,0.0,0.0,0.0,0.0,0.0,0.0,0.0,0.0,0.0,0.0,0.0,0.53,0.0,0.0,0.0,0.0,0.0,0.0,0.0,0.0,0.0,0.0,0.232,0.0,0.0,1.296,8.0,35.0
2,0.0,0.0,0.0,0.0,0.0,0.0,0.7839999999999964,0.0,0.0,0.0,0.0,0.0,0.0,0.0,0.0,0.86,0.0,1.19,3.47,0.0,1.73,0.0,0.0,0.0,0.0,0.0,0.0,0.0,0.0,0.0,0.0,0.0,0.0,0.0,0.0,0.0,0.0,0.0,0.0,0.0,0.0,0.0,0.0,0.0,0.0,0.0,0.0,0.0,0.151,0.759,0.0,0.0,2.75,10.0,55.0
2,0.0,0.0,0.47,0.0,0.0,0.0,0.7839999999999964,0.0,0.0,0.0,0.0,0.47,0.0,0.0,0.0,0.0,0.47,0.0,0.94,0.0,0.47,0.0,0.0,0.0,0.0,0.0,0.0,0.0,0.0,0.0,0.0,0.0,0.0,0.0,0.0,0.0,0.0,0.0,0.0,0.0,0.0,0.0,0.0,0.0,0.47,0.0,0.0,0.0,0.072,0.217,0.0,0.0,1.48,11.0,77.0
1,0.0,0.0,1.29,0.0,0.0,0.0,0.0,0.0,0.0,0.0,0.0,0.0,0.0,0.0,0.0,0.0,0.0,0.0,2.94,0.0,0.0,0.0,0.0,0.0,0.0,0.0,0.0,0.0,0.0,0.0,0.0,0.0,0.0,0.0,0.0,0.0,0.0,0.0,0.0,0.0,0.0,0.0,0.0,0.0,0.0,0.0,0.0,0.0,0.0,0.505,0.0,0.0,2.375,4.0,19.0
1,0.0,0.0,0.0,0.0,0.0,0.0,0.0,0.0,0.0,0.0,0.0,1.81,0.0,0.0,0.0,0.0,0.0,0.0,1.81,0.0,0.0,0.0,0.0,0.0,0.0,0.0,0.0,0.0,0.0,0.0,0.0,0.0,0.0,0.0,0.0,0.0,0.0,0.0,0.0,0.0,0.0,0.61,0.0,0.0,0.0,0.0,0.0,0.0,0.159,0.0,0.159,0.0,1.515,5.0,50.0
1,0.6569999999999983,0.6169999999999982,0.0,0.0,0.0,0.0,0.0,0.0,0.0,1.17,0.0,1.17,0.0,0.0,0.0,0.0,0.0,1.19,2.35,0.0,3.14,0.0,0.0,0.0,3.183999999999996,1.7939999999999965,0.0,0.0,0.0,0.0,0.0,0.0,0.0,0.0,0.0,0.0,0.0,0.0,0.0,0.39,0.0,0.0,0.0,0.0,0.0,0.0,0.0,0.0,0.0,0.414,0.0,0.0,1.0,1.0,14.0
1,0.0,0.0,0.0,0.0,0.0,0.0,0.0,0.0,0.0,0.0,0.0,0.37,0.37,0.0,0.0,0.0,0.0,0.0,1.49,0.0,0.0,0.0,0.0,0.0,0.0,0.0,0.0,0.0,0.0,0.0,0.0,0.0,0.0,0.0,0.0,0.37,0.0,0.0,0.0,0.0,0.0,0.0,0.0,0.0,1.11,0.37,0.0,0.0,0.131,0.0,0.0,0.0,1.488,5.0,64.0
2,0.6569999999999983,0.11,0.11,0.0,0.45,0.11,0.0,0.57,0.67,1.32,0.34,0.11,0.22,0.0,0.16,0.11,0.68,0.45,3.07,0.0,1.71,0.0,0.73,0.5769999999999982,0.0,0.0,0.0,0.0,0.0,0.0,0.0,0.0,0.0,0.0,0.0,0.0,0.0,0.0,0.11,0.11,0.0,0.0,0.0,0.0,0.11,0.0,0.0,0.067,0.118,0.388,0.236,0.016,9.018899999999988,156.39999999999964,1179.3999999999996
1,0.0,0.0,0.0,0.0,0.0,0.0,0.0,0.08,0.0,0.0,0.0,0.08,0.0,0.0,0.0,0.0,0.08,0.0,0.0,0.0,0.0,0.0,0.0,0.0,0.08,0.08,0.08,0.0,0.0,0.0,0.0,0.0,0.0,0.0,0.0,0.42,0.0,0.0,0.0,0.0,0.0,0.0,0.0,0.0,0.0,0.0,0.0,0.081,0.451,0.0,0.0,0.0,1.833,18.0,935.0
2,0.0,0.0,0.0,0.0,1.2,0.0,0.7839999999999964,0.6,0.67,1.2,0.38,1.2,0.0,0.0,0.0,0.0,0.91,0.0,2.4,0.35,3.14,0.0,0.0,0.0,0.0,0.0,0.0,0.0,0.0,0.0,0.0,0.0,0.0,0.0,0.0,0.0,0.0,0.0,0.0,0.0,0.0,0.0,0.0,0.0,0.0,0.0,0.0,0.0,0.0,0.331,0.0,0.0,9.018899999999988,156.39999999999964,301.0
1,0.0,0.0,0.0,0.0,0.0,0.0,0.0,0.0,0.0,0.0,0.0,0.0,0.0,0.0,0.0,0.0,0.0,0.0,0.0,0.0,0.0,0.0,0.0,0.0,1.72,1.7939999999999965,0.0,0.0,0.0,0.0,0.0,0.0,0.0,0.0,0.0,0.0,0.95,0.0,0.0,0.0,0.0,0.0,0.0,0.0,0.0,0.0,0.0,0.0,0.0,0.0,0.0,0.0,1.611,7.0,29.0
2,0.0,0.35,0.17,0.0,0.0,0.0,0.0,0.0,0.17,1.25,0.0,0.53,0.0,0.0,0.0,0.0,0.0,0.17,3.21,0.0,1.25,0.0,0.0,0.17,0.0,0.0,0.0,0.0,0.0,0.0,0.0,0.0,0.0,0.0,0.0,0.0,0.0,0.0,0.0,0.0,0.0,0.0,0.17,0.0,0.0,0.0,0.0,0.0,0.066,0.0,0.099,0.14209999999999945,9.018899999999988,156.39999999999964,903.0
1,0.6569999999999983,0.0,0.0,0.0,0.0,0.0,0.0,0.0,0.0,0.0,0.0,0.0,0.0,0.0,0.0,0.0,0.0,0.0,2.22,0.0,3.14,0.0,0.0,0.0,2.22,1.11,1.916999999999998,0.85,0.51,0.7139999999999963,0.32,0.0,0.0,0.07,0.66,0.63,0.95,0.0,0.53,0.39,0.0,0.0,0.31,0.2869999999999982,1.11,0.0,0.0,0.0,0.353,0.176,0.0,0.0,2.1,12.0,63.0
1,0.0,0.0,0.0,0.0,0.87,0.0,0.7839999999999964,0.0,0.0,0.0,0.0,0.0,0.0,0.0,0.0,1.36,0.0,0.87,2.63,0.0,0.0,0.0,0.0,0.0,0.0,0.0,0.0,0.0,0.0,0.0,0.0,0.0,0.0,0.0,0.0,0.0,0.0,0.0,0.0,0.0,0.0,0.0,0.0,0.0,0.0,0.0,0.0,0.0,0.0,0.798,0.159,0.0,9.018899999999988,136.0,203.0
1,0.0,0.0,0.0,0.0,0.0,0.0,0.0,0.0,0.0,1.21,0.0,1.21,0.0,0.0,0.0,0.0,0.0,0.0,0.0,0.0,0.0,0.0,0.0,0.0,1.21,1.21,0.0,0.85,0.0,0.0,0.0,0.0,0.0,0.0,0.0,0.63,0.0,0.0,0.53,0.0,0.0,0.0,0.0,0.0,0.0,0.0,0.0,0.0,0.441,0.0,0.0,0.0,3.193,11.0,99.0
1,0.0,0.0,0.57,0.0,0.0,0.0,0.0,0.0,0.0,0.0,0.0,0.0,0.0,0.0,0.0,0.0,0.0,0.0,0.28,0.0,0.0,0.0,0.0,0.0,0.28,0.28,0.0,0.0,0.0,0.0,0.0,0.0,0.0,0.0,0.0,0.0,0.0,0.0,0.0,0.0,0.0,0.0,0.0,0.28,0.28,0.28,0.0,0.0,0.043,0.0,0.0,0.0,1.641,8.0,110.0
1,0.0,0.0,1.29,0.0,0.0,0.0,0.0,0.0,0.0,0.0,0.0,0.0,0.0,0.0,0.0,0.0,0.0,1.19,0.0,0.0,3.14,0.0,0.0,0.0,0.0,0.0,0.0,0.0,0.0,0.0,0.0,0.0,0.0,0.0,0.0,0.0,0.0,0.0,0.0,0.0,0.0,0.0,0.0,0.0,0.0,0.0,0.0,0.0,0.0,0.0,0.0,0.0,1.727,4.0,19.0
1,0.0,0.0,0.0,0.0,0.0,0.0,0.0,0.0,0.0,0.54,0.0,0.0,0.0,0.0,0.0,0.0,0.0,0.0,1.62,0.0,0.0,0.0,0.0,0.0,1.62,1.08,1.08,0.85,0.51,0.54,0.32,0.0,0.0,0.07,0.54,0.54,0.54,0.0,0.0,0.39,0.0,0.0,0.31,0.0,0.54,0.0,0.0,0.0,0.537,0.0,0.0,0.0,3.039,13.0,155.0
1,0.0,0.0,0.0,0.0,0.0,0.0,0.0,0.0,0.67,0.0,0.0,0.3,0.0,0.0,0.0,0.0,0.0,0.0,0.0,0.0,0.0,0.0,0.0,0.0,0.0,0.0,0.0,0.0,0.0,0.0,0.0,0.0,0.0,0.0,0.3,0.0,0.0,0.0,0.0,0.0,0.0,0.0,0.0,0.0,0.0,0.0,0.0,0.109,0.254,0.0,0.0,0.0,3.606,119.0,357.0
1,0.39,0.0,0.39,0.0,0.59,0.0,0.0,0.0,0.0,0.0,0.0,0.19,0.0,0.0,0.0,0.0,0.0,0.19,0.59,0.0,0.19,0.0,0.0,0.0,1.39,0.0,0.0,0.39,0.0,0.0,0.0,0.0,0.4669999999999982,0.0,0.39,0.0,0.19,0.0,0.0,0.0,0.0,0.0,0.0,0.0,0.39,0.19,0.0,0.0,0.191,0.0,0.0,0.0,2.566,34.0,349.0
1,0.0,0.0,0.26,0.0,0.53,0.0,0.0,0.0,0.0,0.0,0.0,0.26,0.0,0.0,0.0,0.0,0.26,0.0,0.0,0.0,0.0,0.0,0.0,0.0,1.61,0.8,0.0,0.0,0.51,0.7139999999999963,0.0,0.0,0.0,0.0,0.0,0.63,0.26,0.0,0.0,0.0,0.0,0.0,0.0,0.0,0.26,0.0,0.0,0.128,0.042,0.0,0.0,0.0,1.635,6.0,139.0
1,0.0,0.0,0.0,0.0,0.0,0.0,0.0,0.0,0.0,0.0,0.0,0.0,0.0,0.0,0.0,1.03,0.0,0.0,3.09,0.0,0.0,0.0,0.0,0.0,0.0,0.0,0.0,0.0,0.0,0.0,0.0,0.0,0.0,0.0,0.0,0.0,0.0,0.0,0.0,0.0,0.0,0.0,0.0,0.0,1.03,1.03,0.0,0.0,0.0,0.0,0.0,0.0,2.843,47.0,91.0
2,0.0,0.4,0.4,0.0,0.4,0.0,0.4,0.0,0.0,1.32,0.0,0.0,0.0,0.0,0.16,0.8,0.0,0.0,2.0,0.35,2.0,0.0,0.0,0.0,0.0,0.0,0.0,0.0,0.0,0.0,0.32,0.0,0.4,0.0,0.0,0.0,0.0,0.0,0.0,0.39,0.0,0.0,0.0,0.0,0.0,0.0,0.0,0.0,0.232,0.116,0.116,0.0,4.058,54.0,207.0
1,0.26,0.26,0.0,0.0,0.52,0.26,0.0,0.52,0.0,0.0,0.0,0.0,0.0,0.0,0.0,0.0,0.0,0.0,0.0,0.0,0.0,0.0,0.0,0.0,1.83,1.57,0.0,0.0,0.26,0.0,0.26,0.0,0.0,0.0,0.26,0.26,0.26,0.0,0.0,0.0,0.0,0.0,0.31,0.0,0.0,0.0,0.0,0.065,0.0,0.0,0.0,0.0,1.455,12.0,115.0
2,0.0,0.0,0.0,0.0,0.0,0.0,0.0,0.0,0.0,1.32,0.0,0.0,0.0,0.0,0.16,1.36,0.0,0.0,1.81,0.0,0.0,0.0,0.73,0.0,0.0,0.0,0.0,0.0,0.0,0.0,0.0,0.0,0.0,0.0,0.0,0.0,0.0,0.0,0.0,0.0,0.0,0.0,0.0,0.0,0.0,0.0,0.0,0.0,0.537,0.628,0.38239999999999963,0.0,2.944,9.0,53.0
2,0.0,0.0,1.12,0.0,0.56,0.0,0.0,0.0,0.0,0.56,0.0,0.0,0.0,0.0,0.0,0.56,0.0,0.0,2.25,0.0,1.12,0.0,0.0,0.0,0.0,0.0,0.0,0.0,0.0,0.0,0.0,0.0,0.0,0.0,0.0,0.0,0.0,0.0,0.0,0.0,0.0,0.0,0.0,0.0,0.56,0.0,0.0,0.0,0.102,0.615,0.0,0.0,2.403,19.0,137.0
1,0.0,0.0,1.29,0.0,0.0,0.0,0.0,0.0,0.0,0.0,0.0,0.0,0.0,0.0,0.0,0.0,0.0,0.0,0.0,0.0,1.69,0.0,0.0,0.0,0.0,0.0,0.0,0.0,0.0,0.0,0.0,0.0,0.0,0.0,0.0,0.0,0.0,0.0,0.0,0.0,0.0,0.0,0.0,0.0,0.0,0.0,0.0,0.0,0.0,0.0,0.0,0.0,1.222,3.0,11.0
1,0.0,0.22,0.22,0.0,0.45,0.0,0.22,0.0,0.0,1.32,0.0,0.68,0.0,0.0,0.0,0.68,0.22,0.0,2.05,0.35,1.59,0.0,0.0,0.0,0.0,0.0,0.22,0.0,0.0,0.0,0.0,0.0,0.0,0.0,0.0,0.0,0.91,0.0,0.0,0.0,0.0,0.0,0.0,0.0,0.0,0.0,0.0,0.0,0.101,0.135,0.067,0.0,2.5,27.0,210.0
1,0.0,0.0,0.0,0.0,0.0,0.0,0.0,0.0,0.0,0.0,0.0,0.0,0.0,0.0,0.0,0.0,0.0,0.0,0.0,0.0,0.0,0.0,0.0,0.0,0.0,0.0,0.0,0.0,0.0,0.0,0.0,0.0,0.0,0.0,0.0,0.0,0.0,0.0,0.0,0.0,0.0,0.0,0.0,0.0,0.0,0.0,0.0,0.0,0.0,0.0,0.0,0.0,1.888,5.0,17.0
1,0.0,0.0,0.0,0.0,0.0,0.0,0.0,0.0,0.0,0.0,0.0,0.0,0.0,0.0,0.0,0.0,0.0,0.0,0.0,0.0,0.0,0.0,0.0,0.0,0.0,0.0,0.0,0.0,0.0,0.0,0.0,0.0,0.0,0.0,0.0,0.0,0.0,0.0,0.0,0.0,0.0,0.0,0.0,0.0,0.0,0.0,0.0,0.0,0.0,0.0,0.0,0.0,1.0,1.0,9.0
1,0.0,0.0,0.2,0.0,0.2,0.0,0.0,0.0,0.0,0.8,0.0,1.0,0.0,0.0,0.0,0.0,0.0,0.0,0.2,0.0,0.2,0.0,0.0,0.0,1.4,1.6,0.2,0.2,0.2,0.2,0.2,0.0,0.0,0.07,0.4,0.2,0.95,0.0,0.2,0.2,0.0,0.0,0.2,0.2869999999999982,0.0,0.0,0.0,0.0,0.429,0.0,0.0,0.0,2.703,50.0,346.0
1,0.0,0.0,0.53,0.0,0.0,0.53,0.0,0.0,0.0,0.53,0.0,0.0,0.53,0.0,0.0,0.0,0.0,0.0,2.15,0.0,0.53,0.0,0.0,0.0,0.0,0.0,0.0,0.0,0.0,0.0,0.0,0.0,0.0,0.0,0.0,0.0,0.0,0.0,0.0,0.0,0.0,0.0,0.0,0.0,1.07,0.0,0.0,0.0,0.101,0.0,0.0,0.0,1.857,16.0,52.0
1,0.0,0.0,0.0,0.0,0.0,0.0,0.0,0.0,0.0,0.0,0.0,0.96,0.0,0.0,0.0,0.0,0.0,0.0,1.44,0.0,0.48,0.0,0.0,0.0,2.89,0.0,0.0,0.0,0.0,0.0,0.0,0.0,0.0,0.0,0.0,0.0,0.48,0.0,0.48,0.0,0.0,0.0,0.31,0.0,0.0,0.0,0.0,0.0,0.371,0.074,0.0,0.0,2.534,18.0,185.0
1,0.0,0.0,0.0,0.0,0.0,0.0,0.0,0.0,0.0,0.0,0.0,0.86,0.0,0.0,0.0,0.0,0.0,0.0,0.0,0.0,0.0,0.0,0.0,0.0,0.0,0.0,0.0,0.0,0.0,0.0,0.0,0.0,0.0,0.0,0.0,0.0,0.86,0.0,0.0,0.0,0.0,0.0,0.0,0.0,0.0,0.0,0.0,0.0,0.0,0.0,0.0,0.0,1.592,8.0,43.0
1,0.0,0.0,0.0,0.0,0.0,0.6,0.0,0.0,0.0,0.6,0.0,0.6,0.6,0.0,0.0,0.0,0.0,0.0,3.04,0.0,0.0,0.0,0.0,0.0,0.0,0.0,0.0,0.0,0.0,0.0,0.0,0.0,0.0,0.0,0.0,0.0,0.6,0.0,0.0,0.0,0.0,0.0,0.0,0.0,0.6,1.166999999999998,0.0,0.094,0.0,0.094,0.189,0.0,1.976,15.0,83.0
1,0.0,0.0,0.0,0.0,0.0,0.0,0.0,0.0,0.0,0.0,0.0,0.0,0.0,0.0,0.0,0.0,0.0,0.0,0.0,0.0,0.0,0.0,0.0,0.0,3.183999999999996,1.7939999999999965,1.916999999999998,0.85,0.51,0.7139999999999963,0.32,0.0,0.0,0.07,0.66,0.63,0.0,0.0,0.0,0.39,0.0,0.0,0.0,0.0,0.0,0.0,0.0,0.0,0.537,0.0,0.0,0.0,3.333,11.0,30.0
1,0.0,0.0,1.29,0.0,0.0,0.0,0.0,0.0,0.0,0.0,0.0,0.0,0.0,0.0,0.0,0.0,0.0,0.0,4.0,0.0,0.0,0.0,0.0,0.0,0.0,0.0,1.916999999999998,0.0,0.0,0.0,0.0,0.0,0.0,0.0,0.0,0.0,0.0,0.0,0.0,0.0,0.0,0.0,0.0,0.0,0.0,0.0,0.0,0.0,0.0,0.613,0.0,0.0,1.0,1.0,14.0
1,0.0,0.0,0.0,0.0,0.0,0.0,0.0,0.0,0.0,1.02,0.0,0.0,0.0,0.0,0.0,0.0,0.0,0.0,0.0,0.0,0.0,0.0,0.0,0.0,2.04,1.02,1.916999999999998,0.85,0.0,0.0,0.0,0.0,0.0,0.0,0.0,0.0,0.95,0.0,0.0,0.0,0.0,0.0,0.31,0.0,1.44,0.0,0.0,0.0,0.323,0.0,0.0,0.0,2.682,13.0,110.0
1,0.0,0.0,0.15,0.0,0.3,0.0,0.0,0.15,0.15,0.0,0.15,2.22,0.0,0.0,0.0,0.0,0.0,0.46,1.69,0.0,0.0,0.0,0.0,0.0,0.46,0.15,0.0,0.0,0.0,0.0,0.0,0.0,0.15,0.0,0.0,0.15,0.15,0.0,0.0,0.0,0.0,0.0,0.0,0.15,0.0,0.0,0.0,0.023,0.023,0.0,0.0,0.0,2.677,58.0,415.0
2,0.0,0.6169999999999982,0.66,0.0,1.33,0.33,0.33,0.0,0.33,0.0,0.33,0.33,0.0,0.0,0.0,0.33,0.66,1.0,1.0,0.35,2.0,0.0,0.0,0.0,0.0,0.0,0.0,0.0,0.0,0.0,0.0,0.0,0.0,0.0,0.0,0.0,0.0,0.0,0.0,0.0,0.0,0.0,0.0,0.0,0.66,0.0,0.0,0.0,0.266,0.372,0.159,0.0,1.894,14.0,161.0
2,0.0,0.0,0.0,0.0,0.0,0.0,0.0,0.6,0.0,0.0,0.0,0.0,0.0,0.0,0.0,0.0,0.0,0.0,0.0,0.0,0.0,0.0,0.73,0.0,0.0,0.0,0.0,0.0,0.0,0.0,0.0,0.0,0.0,0.0,0.0,0.0,0.0,0.0,0.0,0.0,0.0,0.0,0.0,0.0,1.07,0.0,0.0,0.0,0.19,0.19,0.38,0.0,3.6,16.0,72.0
2,0.45,0.0,0.67,0.0,0.22,0.64,0.0,0.6,0.22,0.22,0.22,1.35,0.0,0.0,0.0,0.45,0.91,0.22,1.57,0.35,3.14,0.0,0.22,0.5769999999999982,0.0,0.0,0.0,0.0,0.0,0.0,0.0,0.0,0.0,0.0,0.0,0.0,0.0,0.0,0.0,0.0,0.0,0.0,0.0,0.0,0.0,0.0,0.0,0.0,0.111,1.1457999999999993,0.148,0.0,4.947,102.0,564.0
2,0.0,0.0,0.0,0.0,0.0,0.0,0.0,0.6,0.0,0.0,0.0,0.0,0.0,0.0,0.0,0.0,0.0,0.0,0.0,0.0,0.0,0.0,0.0,0.0,0.0,0.0,0.0,0.0,0.0,0.0,0.0,0.0,0.0,0.0,0.0,0.0,0.0,0.0,0.0,0.0,0.0,0.0,0.0,0.0,0.0,0.0,0.0,0.0,0.0,0.0,0.0,0.14209999999999945,9.018899999999988,42.0,87.0
1,0.0,0.0,0.0,0.0,0.0,0.0,0.0,0.0,0.0,0.0,0.0,0.86,0.0,0.0,0.0,0.0,0.0,0.0,1.73,0.0,0.86,0.0,0.0,0.0,3.183999999999996,1.7939999999999965,0.86,0.85,0.51,0.7139999999999963,0.32,0.0,0.0,0.07,0.66,0.63,0.86,0.0,0.0,0.39,0.0,0.0,0.31,0.0,0.86,0.0,0.0,0.0,0.267,0.133,0.0,0.0,2.607,13.0,73.0
2,0.0,0.0,0.72,0.0,1.51,0.0,0.0,0.0,0.0,0.36,0.0,0.36,0.0,0.0,0.0,0.0,0.72,0.0,0.72,0.0,0.36,0.0,0.0,0.0,0.0,0.0,0.0,0.0,0.0,0.0,0.0,0.0,0.36,0.0,0.0,0.0,0.0,0.0,0.0,0.0,0.0,0.0,0.0,0.0,0.0,0.0,0.0,0.053,0.265,0.0,0.0,0.0,1.543,13.0,88.0
1,0.0,0.37,0.0,0.0,0.0,0.0,0.0,0.0,0.0,0.0,0.0,0.0,0.37,0.0,0.0,0.0,0.0,0.0,1.51,0.0,0.0,0.0,0.0,0.0,3.183999999999996,1.7939999999999965,0.0,0.0,0.0,0.0,0.0,0.0,0.0,0.0,0.0,0.0,0.0,0.0,0.0,0.0,0.0,0.0,0.0,0.0,0.0,0.0,0.0,0.065,0.261,0.0,0.0,0.0,1.114,5.0,39.0
1,0.0,0.0,0.0,0.0,0.0,0.0,0.0,0.0,0.0,0.0,0.0,0.0,0.0,0.0,0.0,0.0,0.0,0.0,1.14,0.0,0.0,0.0,0.0,0.0,2.29,1.14,0.0,0.85,0.0,0.0,0.0,0.0,0.0,0.0,0.66,0.0,0.0,0.0,0.0,0.0,0.0,0.0,0.0,0.0,0.0,0.0,0.0,0.0,0.163,0.0,0.0,0.0,3.28,15.0,82.0
2,0.0,0.33,1.29,0.0,0.0,0.0,0.7839999999999964,0.33,0.0,0.33,0.33,0.33,0.0,0.0,0.0,0.67,0.67,0.33,0.67,0.0,1.0,0.0,0.0,0.0,0.0,0.0,0.0,0.0,0.0,0.0,0.0,0.0,0.0,0.0,0.0,0.0,0.0,0.0,0.0,0.33,0.0,0.0,0.0,0.0,0.0,0.0,0.0,0.0,0.161,0.053,0.0,0.053,2.036,12.0,167.0
2,0.0,0.0,0.0,0.0,0.0,0.0,0.7839999999999964,0.6,0.67,1.32,0.38,0.0,0.0,0.0,0.0,0.0,0.91,0.0,0.0,0.35,3.14,0.0,0.0,0.0,0.0,0.0,0.0,0.0,0.0,0.0,0.0,0.0,0.0,0.0,0.0,0.0,0.95,0.0,0.0,0.0,0.0,0.0,0.0,0.0,0.0,0.0,0.0,0.0,0.142,0.427,0.142,0.0,9.018899999999988,156.39999999999964,277.0
1,0.0,0.0,0.0,0.0,0.0,0.0,0.0,0.0,0.0,0.0,0.0,0.0,0.65,0.0,0.0,0.0,0.0,0.0,2.38,0.0,0.0,0.0,0.0,0.0,2.38,0.0,0.0,0.0,0.0,0.0,0.0,0.0,0.0,0.0,0.0,0.0,0.0,0.0,0.0,0.0,0.0,0.0,0.0,0.0,0.0,0.0,0.0,0.0,0.0,0.0,0.0,0.0,1.2,2.0,12.0
1,0.0,0.0,0.8,0.0,1.51,0.0,0.0,0.0,0.0,0.0,0.0,0.4,0.0,0.0,0.0,0.0,0.0,0.4,4.76,0.0,1.61,0.0,0.0,0.0,0.4,0.4,0.0,0.0,0.0,0.0,0.0,0.0,0.0,0.0,0.0,0.0,0.0,0.0,0.0,0.0,0.0,0.0,0.0,0.0,1.44,0.0,0.0,0.0,0.0,0.27,0.0,0.0,2.36,35.0,59.0
2,0.0,0.0,0.0,0.0,1.47,0.64,0.7839999999999964,0.0,0.0,0.0,0.0,0.0,0.0,0.0,0.0,0.0,0.0,0.0,0.0,0.0,0.0,0.0,0.0,0.0,0.0,0.0,0.0,0.0,0.0,0.0,0.0,0.0,0.0,0.0,0.0,0.0,0.0,0.0,0.0,0.0,0.0,0.0,0.0,0.0,0.0,0.0,0.0,0.0,0.0,1.1457999999999993,0.0,0.0,5.0,95.0,170.0
1,0.0,0.0,0.0,0.0,0.0,0.0,0.0,0.0,0.0,0.0,0.0,1.72,0.0,0.0,0.0,0.0,0.0,0.0,0.0,0.0,0.0,0.0,0.0,0.0,3.183999999999996,1.72,1.72,0.85,0.51,0.7139999999999963,0.32,0.0,0.0,0.07,0.66,0.63,0.0,0.0,0.0,0.39,0.0,0.0,0.0,0.0,0.0,0.0,0.0,0.0,0.487,0.0,0.0,0.0,2.533,11.0,38.0
2,0.0,0.0,0.27,0.0,0.54,0.27,0.27,0.6,0.0,0.81,0.0,0.0,0.0,0.0,0.0,0.0,0.0,0.0,2.45,0.0,1.36,0.0,0.0,0.27,0.0,0.0,0.0,0.0,0.0,0.0,0.0,0.0,0.0,0.0,0.0,0.27,0.0,0.0,0.0,0.0,0.0,0.0,0.0,0.0,0.0,0.27,0.0,0.0,0.04,0.489,0.04,0.0,2.121,19.0,227.0
1,0.0,0.0,0.38,0.0,0.38,0.0,0.0,0.0,0.0,0.0,0.0,1.15,0.0,0.0,0.0,0.0,0.0,0.0,0.0,0.0,0.38,0.0,0.0,0.0,0.38,0.38,0.0,0.0,0.51,0.0,0.0,0.0,0.0,0.0,0.0,0.38,0.0,0.0,0.0,0.0,0.0,0.0,0.0,0.0,0.0,0.0,0.0,0.0,0.129,0.0,0.0,0.0,1.8,5.0,108.0
1,0.08,0.0,0.16,0.0,0.0,0.08,0.0,0.08,0.08,0.0,0.16,0.74,0.57,0.16,0.0,0.0,0.41,0.0,0.0,0.0,0.0,0.0,0.24,0.0,3.183999999999996,0.0,0.0,0.0,0.0,0.0,0.0,0.0,0.0,0.0,0.0,0.24,0.24,0.0,0.0,0.0,0.0,0.0,0.0,0.0,0.0,0.0,0.0,0.17069999999999982,0.105,0.0,0.023,0.0,1.878,24.0,740.0
1,0.0,0.0,0.87,0.0,0.0,0.64,0.0,0.0,0.0,0.0,0.0,0.87,0.0,0.0,0.0,0.0,0.0,0.87,0.87,0.0,0.0,0.0,0.0,0.0,0.0,0.0,0.87,0.0,0.0,0.0,0.0,0.0,0.0,0.0,0.0,0.0,0.87,0.0,0.0,0.0,0.0,0.0,0.0,0.0,0.87,0.0,0.0,0.17069999999999982,0.317,0.0,0.0,0.0,1.269,5.0,33.0
2,0.0,0.47,0.47,0.0,1.41,0.0,0.47,0.0,0.0,0.47,0.38,0.94,0.0,0.0,0.0,0.94,0.0,0.0,1.88,0.0,0.94,0.0,0.0,0.0,0.0,0.0,0.0,0.0,0.0,0.0,0.0,0.0,0.0,0.0,0.0,0.0,0.0,0.0,0.0,0.0,0.0,0.0,0.0,0.0,0.0,0.0,0.0,0.0,0.0,0.224,0.0,0.0,1.102,6.0,54.0
1,0.0,0.0,0.06,0.0,0.89,0.13,0.0,0.2,0.0,0.0,0.0,0.13,0.06,0.0,0.0,0.0,0.91,0.0,0.0,0.0,0.0,0.0,0.0,0.0,1.1,0.0,0.0,0.0,0.0,0.0,0.0,0.0,0.0,0.0,0.0,0.0,0.13,0.0,0.0,0.0,0.0,0.06,0.0,0.0,0.34,0.0,0.0,0.018,0.047,0.0,0.085,0.0,2.924,52.0,617.0
2,0.0,0.0,1.29,0.0,0.0,0.59,0.0,0.59,0.0,0.0,0.0,0.0,0.0,0.0,0.0,0.0,0.0,0.0,0.0,0.0,0.0,0.0,0.59,0.0,0.0,0.0,0.0,0.0,0.0,0.0,0.0,0.0,0.0,0.0,0.0,0.0,0.0,0.0,0.0,0.39,0.0,0.0,0.0,0.0,0.0,0.0,0.0,0.0,0.0,0.0,0.0,0.0,2.103,10.0,204.0
1,0.0,0.0,1.26,0.0,0.0,0.0,0.0,0.0,0.0,0.0,0.0,0.0,0.0,0.0,0.0,0.0,0.0,1.19,0.0,0.0,0.0,0.0,0.0,0.0,2.53,1.26,0.0,0.85,0.0,0.7139999999999963,0.32,0.0,0.0,0.0,0.66,0.63,0.0,0.0,0.0,0.0,0.0,0.0,0.0,0.0,0.0,0.0,0.0,0.0,0.149,0.149,0.0,0.0,1.423,10.0,37.0
1,0.31,0.0,0.0,0.0,0.0,0.0,0.0,0.0,0.0,0.0,0.0,0.62,0.0,0.0,0.0,0.0,0.0,0.0,0.31,0.0,0.0,0.0,0.0,0.0,0.31,0.0,0.0,0.0,0.0,0.31,0.0,0.0,0.31,0.0,0.0,0.0,0.0,0.0,0.31,0.0,0.0,0.0,0.0,0.0,0.0,0.0,0.0,0.0,0.0,0.0,0.0,0.0,1.446,6.0,94.0
1,0.0,0.0,0.55,0.0,0.0,0.0,0.0,0.0,0.0,0.0,0.0,0.0,0.0,0.0,0.0,0.0,0.0,0.0,1.65,0.0,0.55,0.0,0.0,0.0,0.0,0.0,0.55,0.0,0.0,0.0,0.0,0.0,0.0,0.0,0.0,0.0,0.0,0.0,0.0,0.0,0.0,0.0,0.0,0.2869999999999982,0.55,0.0,0.0,0.0,0.092,0.0,0.0,0.0,1.84,5.0,46.0
1,0.0,0.0,0.0,0.0,0.0,0.64,0.0,0.0,0.0,0.0,0.0,0.0,0.0,0.0,0.0,0.0,0.0,0.0,4.76,0.0,3.14,0.0,0.0,0.0,0.0,0.0,0.0,0.0,0.0,0.0,0.0,0.0,0.0,0.0,0.0,0.0,0.0,0.0,0.0,0.0,0.0,0.0,0.0,0.0,0.0,1.166999999999998,0.0,0.0,0.0,0.0,0.0,0.0,1.3,3.0,13.0
2,0.0,0.0,1.29,0.0,0.66,0.0,0.0,0.0,0.0,0.0,0.0,0.66,0.0,0.0,0.0,0.0,0.66,0.0,4.76,0.35,3.14,0.0,0.0,0.5769999999999982,0.0,0.0,0.0,0.0,0.0,0.0,0.0,0.0,0.0,0.0,0.0,0.0,0.0,0.0,0.0,0.39,0.0,0.0,0.0,0.0,0.0,0.0,0.0,0.0,0.0,0.83,0.069,0.0,3.215,43.0,164.0
1,0.0,0.0,0.0,0.0,0.69,0.0,0.0,0.0,0.0,0.0,0.0,0.0,0.0,0.0,0.0,0.0,0.0,0.0,0.69,0.0,0.0,0.0,0.0,0.0,2.08,0.69,0.0,0.0,0.0,0.0,0.0,0.0,0.0,0.0,0.0,0.0,0.69,0.0,0.0,0.0,0.0,0.0,0.0,0.0,0.0,0.0,0.0,0.0,0.284,0.284,0.094,0.0,2.0,11.0,60.0
2,0.0,0.55,0.55,0.0,0.55,0.0,0.0,0.55,0.0,0.0,0.0,1.11,0.0,0.0,0.0,1.11,0.0,0.55,1.66,0.0,2.22,0.0,0.55,0.0,0.0,0.0,0.0,0.0,0.0,0.0,0.0,0.0,0.0,0.0,0.0,0.0,0.0,0.0,0.0,0.0,0.0,0.0,0.0,0.2869999999999982,0.0,0.0,0.0,0.0,0.0,0.484,0.08,0.0,8.375,85.0,201.0
1,0.0,0.0,0.0,0.0,0.0,0.0,0.0,0.0,0.0,0.0,0.0,0.0,0.0,0.0,0.0,0.0,0.0,0.0,0.0,0.0,2.35,0.0,0.0,0.0,1.17,1.17,1.916999999999998,0.0,0.0,0.0,0.0,0.0,0.0,0.07,0.0,0.0,0.0,0.0,0.53,0.0,0.0,0.0,0.0,0.0,1.44,0.0,0.0,0.17069999999999982,0.537,0.0,0.0,0.0,4.476,14.0,94.0
2,0.0,0.0,0.0,0.0,0.0,0.0,0.0,0.0,0.0,0.0,0.38,0.0,0.0,0.0,0.0,1.36,0.0,0.0,2.46,0.0,2.46,0.0,0.0,0.0,0.0,0.0,0.0,0.0,0.0,0.0,0.0,0.0,0.0,0.0,0.0,0.0,0.0,0.0,0.0,0.0,0.0,0.0,0.0,0.0,0.0,0.0,0.0,0.0,0.0,0.232,0.38239999999999963,0.0,2.687,12.0,43.0
1,0.0,0.0,0.0,0.0,0.0,0.0,0.0,0.0,0.0,0.0,0.0,0.0,0.0,0.0,0.0,0.0,0.0,1.19,0.0,0.0,0.0,0.0,0.0,0.0,3.183999999999996,1.7939999999999965,0.0,0.85,0.0,0.7139999999999963,0.32,0.0,0.0,0.0,0.66,0.63,0.0,0.0,0.0,0.0,0.0,0.0,0.0,0.0,0.0,0.0,0.0,0.0,0.218,0.218,0.0,0.0,1.687,10.0,27.0
1,0.0,0.0,0.0,0.0,0.0,0.64,0.0,0.0,0.0,0.0,0.0,0.0,0.0,0.0,0.0,0.0,0.0,0.0,0.0,0.0,0.0,0.0,0.0,0.0,0.0,0.0,0.0,0.0,0.0,0.0,0.0,0.0,0.0,0.0,0.0,0.0,0.0,0.0,0.0,0.0,0.0,0.0,0.0,0.0,0.0,0.0,0.0,0.0,0.0,0.0,0.0,0.0,2.666,5.0,16.0
1,0.0,0.19,0.59,0.0,0.19,0.0,0.0,0.0,0.0,0.59,0.38,0.19,0.0,0.17,0.0,0.0,0.0,0.79,2.79,0.0,1.99,0.0,0.0,0.0,1.79,0.19,0.39,0.19,0.0,0.0,0.32,0.0,0.4669999999999982,0.07,0.59,0.0,0.0,0.0,0.0,0.0,0.0,0.0,0.0,0.0,0.0,0.0,0.0,0.0,0.203,0.018,0.0,0.0,3.716,47.0,472.0
1,0.36,0.0,1.29,0.0,0.36,0.0,0.0,0.0,0.36,0.0,0.36,2.22,0.0,0.0,0.0,0.0,0.0,0.0,1.1,0.0,0.36,0.0,0.0,0.0,0.36,0.36,0.0,0.0,0.0,0.0,0.0,0.0,0.0,0.0,0.0,0.0,0.95,0.0,0.0,0.0,0.0,0.61,0.0,0.0,0.0,0.0,0.0,0.0,0.051,0.0,0.0,0.0,2.293,45.0,172.0
2,0.0,0.0,0.46,0.0,1.39,0.0,0.7839999999999964,0.6,0.0,0.0,0.38,0.93,0.0,0.0,0.0,1.36,0.0,0.46,0.93,0.0,0.46,0.0,0.0,0.0,0.0,0.0,0.0,0.0,0.0,0.0,0.0,0.0,0.0,0.0,0.0,0.0,0.0,0.0,0.0,0.0,0.0,0.0,0.0,0.0,0.0,0.0,0.0,0.069,0.0,0.0,0.0,0.069,1.442,8.0,75.0
1,0.0,0.0,0.0,0.0,0.0,0.0,0.0,0.0,0.0,0.0,0.0,0.0,0.0,0.0,0.0,0.0,0.0,0.0,4.76,0.0,2.77,0.0,0.0,0.0,0.0,0.0,0.0,0.0,0.0,0.0,0.0,0.0,0.0,0.0,0.0,0.0,0.0,0.0,0.0,0.0,0.0,0.0,0.0,0.0,0.0,0.0,0.0,0.0,0.0,0.0,0.0,0.0,3.25,10.0,13.0
2,0.0,0.6169999999999982,0.0,0.0,0.0,0.0,0.7839999999999964,0.0,0.0,1.32,0.0,0.0,0.0,0.0,0.0,1.36,0.91,0.0,0.0,0.0,2.98,0.0,0.0,0.0,0.0,0.0,0.0,0.0,0.0,0.0,0.0,0.0,0.0,0.0,0.0,0.0,0.0,0.0,0.0,0.0,0.0,0.0,0.0,0.0,0.0,0.0,0.0,0.0,0.171,0.0,0.171,0.14209999999999945,9.018899999999988,140.0,156.0
2,0.09,0.49,0.59,0.0,0.39,0.19,0.0,0.0,0.09,0.39,0.0,1.57,0.19,0.0,0.0,0.0,0.09,0.0,3.75,0.09,1.08,0.0,0.0,0.09,0.0,0.0,0.0,0.0,0.0,0.0,0.0,0.0,0.0,0.0,0.0,0.0,0.0,0.0,0.0,0.0,0.0,0.0,0.0,0.0,0.0,0.0,0.0,0.17069999999999982,0.037,1.1457999999999993,0.38239999999999963,0.0,5.96,54.0,757.0
1,0.0,0.0,0.0,0.0,0.0,0.0,0.0,0.0,0.0,0.0,0.0,0.0,0.0,0.0,0.0,0.0,0.0,0.0,0.0,0.0,0.0,0.0,0.0,0.0,0.0,0.0,0.0,0.0,0.0,0.0,0.0,0.0,0.4669999999999982,0.0,0.0,0.0,0.0,0.0,0.0,0.0,0.0,0.61,0.0,0.0,0.0,0.0,0.0,0.0,0.0,0.0,0.0,0.0,1.625,6.0,13.0
1,0.0,0.0,0.0,0.0,0.0,0.0,0.0,0.6,0.0,0.66,0.0,0.0,0.0,0.0,0.0,0.0,0.0,0.0,0.0,0.0,0.0,0.0,0.0,0.0,0.0,0.0,0.0,0.0,0.0,0.0,0.0,0.0,0.0,0.0,0.0,0.0,0.95,0.0,0.0,0.0,0.0,0.0,0.0,0.0,0.66,1.166999999999998,0.0,0.11,0.11,0.0,0.0,0.0,2.857,19.0,120.0
2,0.15,0.0,0.46,0.0,0.61,0.0,0.3,0.0,0.67,0.76,0.38,0.92,0.0,0.0,0.0,0.0,0.0,0.15,1.23,0.35,2.0,0.0,0.0,0.15,0.0,0.0,0.0,0.0,0.0,0.0,0.0,0.0,0.15,0.0,0.0,0.0,0.0,0.0,0.0,0.0,0.0,0.0,0.3,0.0,0.0,0.0,0.0,0.0,0.271,0.181,0.203,0.022,9.018899999999988,156.39999999999964,1179.3999999999996
2,0.0,0.34,1.02,0.0,0.68,0.34,0.34,0.0,0.0,0.0,0.0,0.34,0.0,0.0,0.0,1.36,0.0,0.34,4.76,0.0,2.38,0.0,0.0,0.34,0.0,0.0,0.0,0.0,0.0,0.0,0.0,0.0,0.0,0.0,0.0,0.0,0.0,0.0,0.0,0.0,0.0,0.0,0.0,0.0,0.0,0.0,0.0,0.0,0.161,0.215,0.0,0.14209999999999945,6.978,56.0,328.0
1,0.0,0.0,0.47,0.0,0.95,0.47,0.0,0.0,0.0,0.0,0.0,0.47,0.0,0.0,0.0,0.0,0.0,0.0,0.95,0.0,0.0,0.0,0.0,0.0,0.0,0.47,0.47,0.0,0.0,0.0,0.0,0.0,0.0,0.0,0.0,0.0,0.0,0.0,0.0,0.0,0.0,0.47,0.0,0.0,0.0,0.0,0.0,0.0,0.073,0.0,0.0,0.0,1.884,8.0,98.0
1,0.0,0.0,0.0,0.0,0.0,0.0,0.0,0.0,0.0,0.0,0.0,0.0,0.0,0.0,0.0,0.0,0.0,0.0,0.0,0.0,0.0,0.0,0.0,0.0,0.0,0.0,0.0,0.0,0.0,0.0,0.0,0.0,0.0,0.0,0.0,0.0,0.0,0.0,0.0,0.0,0.0,0.0,0.0,0.0,0.0,0.0,0.0,0.0,0.537,0.0,0.0,0.0,3.75,9.0,15.0
1,0.0,0.0,0.0,0.0,0.0,0.0,0.0,0.0,0.0,0.0,0.0,0.0,0.0,0.0,0.0,0.0,0.0,0.0,0.0,0.0,0.0,0.0,0.0,0.0,0.0,0.0,1.916999999999998,0.0,0.0,0.0,0.0,0.0,0.0,0.0,0.0,0.0,0.0,0.0,0.0,0.0,0.0,0.0,0.0,0.0,0.0,0.0,0.0,0.0,0.0,0.0,0.0,0.0,1.0,1.0,9.0
2,0.0,0.0,0.0,0.0,0.12,0.0,0.0,0.0,0.0,0.0,0.0,0.96,0.0,0.0,0.0,0.12,0.12,0.12,0.12,0.0,0.12,0.0,0.0,0.0,0.0,0.0,0.0,0.24,0.12,0.12,0.0,0.0,0.0,0.0,0.0,0.6,0.0,0.0,0.0,0.0,0.0,0.36,0.0,0.0,0.12,0.36,0.0,0.0,0.352,0.0,0.0,0.0,2.337,41.0,505.0
2,0.0,0.0,0.0,0.0,0.0,0.0,0.0,0.0,0.0,0.0,0.0,0.0,0.0,0.0,0.0,1.36,0.0,0.0,3.33,0.0,1.66,0.0,0.0,0.0,0.0,0.0,0.0,0.0,0.0,0.0,0.0,0.0,0.0,0.0,0.0,0.0,0.0,0.0,0.0,0.0,0.0,0.0,0.0,0.0,0.0,0.0,0.0,0.0,0.0,0.986,0.0,0.0,8.0,38.0,80.0
1,0.0,0.6,0.0,0.0,0.6,0.0,0.0,0.0,0.0,1.32,0.0,0.6,0.0,0.0,0.0,0.0,0.0,0.0,1.82,0.0,0.6,0.0,0.0,0.0,0.0,0.0,0.0,0.0,0.0,0.0,0.0,0.0,0.0,0.0,0.0,0.0,0.0,0.0,0.0,0.0,0.0,0.61,0.0,0.0,0.0,1.166999999999998,0.0,0.0,0.271,0.0,0.0,0.09,6.09,71.0,201.0
1,0.49,0.0,0.49,0.0,0.49,0.0,0.0,0.0,0.0,0.0,0.0,0.99,0.0,0.0,0.0,0.0,0.0,0.0,0.99,0.0,0.0,0.0,0.0,0.0,0.0,0.0,0.0,0.0,0.0,0.0,0.0,0.0,0.0,0.0,0.0,0.0,0.49,0.0,0.0,0.0,0.0,0.0,0.0,0.0,0.99,0.49,0.0,0.0,0.0,0.091,0.0,0.0,1.214,5.0,51.0
1,0.0,0.0,0.0,0.0,0.0,0.0,0.0,0.0,0.0,0.0,0.0,0.0,0.0,0.0,0.0,0.0,0.0,0.0,0.0,0.0,0.0,0.0,0.0,0.0,0.0,0.0,0.0,0.0,0.0,0.0,0.0,0.0,0.0,0.0,0.0,0.0,0.0,0.0,0.0,0.0,0.0,0.0,0.0,0.0,0.0,0.0,0.0,0.0,0.0,0.0,0.0,0.0,1.23,4.0,16.0
1,0.0,0.0,1.21,0.0,0.0,0.64,0.0,0.0,0.0,0.0,0.0,0.0,0.0,0.0,0.0,0.0,0.0,0.0,1.21,0.0,1.21,0.0,0.0,0.0,0.0,0.0,1.21,0.0,0.0,0.0,0.0,0.0,0.0,0.0,0.0,0.0,0.0,0.0,0.0,0.0,0.0,0.0,0.0,0.0,0.0,0.0,0.0,0.0,0.211,0.211,0.0,0.0,1.0,1.0,11.0
1,0.0,0.0,0.0,0.0,0.44,0.0,0.0,0.0,0.0,0.0,0.0,0.88,0.0,0.0,0.0,0.0,0.0,0.0,1.32,0.0,0.44,0.0,0.0,0.0,1.76,1.32,0.88,0.44,0.51,0.44,0.32,0.0,0.0,0.07,0.44,0.44,0.88,0.0,0.53,0.39,0.0,0.61,0.31,0.0,0.88,0.0,0.0,0.0,0.146,0.0,0.0,0.0,1.955,13.0,133.0
2,0.0,0.0,0.0,0.0,0.0,0.0,0.0,0.0,0.0,0.0,0.0,0.0,0.0,0.0,0.0,0.0,0.0,0.0,2.04,0.0,0.0,0.0,0.73,0.0,0.0,0.0,0.0,0.0,0.0,0.0,0.0,0.0,0.0,0.0,0.0,0.0,0.0,0.0,0.0,0.0,0.0,0.0,0.0,0.0,0.0,0.0,0.0,0.0,0.0,0.125,0.0,0.14209999999999945,7.054,37.0,261.0
2,0.35,0.1,0.55,0.0,1.51,0.15,0.0,0.0,0.1,0.75,0.35,0.85,0.25,0.0,0.0,0.15,0.3,0.0,4.76,0.0,1.75,0.0,0.05,0.5769999999999982,0.0,0.0,0.0,0.0,0.0,0.0,0.0,0.0,0.0,0.0,0.0,0.0,0.0,0.0,0.0,0.0,0.0,0.0,0.0,0.0,0.2,0.0,0.0,0.008,0.035,0.149,0.131,0.008,3.629,127.0,617.0
2,0.0,0.6169999999999982,0.0,0.0,1.51,0.31,0.0,0.0,0.31,0.0,0.0,0.63,0.0,0.0,0.16,0.63,0.31,1.19,2.22,0.0,1.91,0.0,0.31,0.5769999999999982,0.0,0.0,0.0,0.31,0.0,0.0,0.0,0.0,0.0,0.0,0.0,0.0,0.0,0.0,0.0,0.39,0.0,0.0,0.0,0.0,0.0,0.0,0.0,0.0,0.275,0.055,0.38239999999999963,0.0,3.509,91.0,186.0
1,0.0,0.0,1.29,0.0,0.0,0.0,0.0,0.0,0.0,0.0,0.0,0.0,0.0,0.0,0.0,0.0,0.0,0.0,0.0,0.0,0.0,0.0,0.0,0.0,0.0,0.0,0.0,0.0,0.0,0.0,0.0,0.0,0.0,0.0,0.0,0.0,0.0,0.0,0.0,0.0,0.0,0.0,0.0,0.0,1.44,1.166999999999998,0.0,0.0,0.0,0.0,0.0,0.0,1.111,2.0,10.0
2,0.0,0.42,0.0,0.0,0.42,0.42,0.0,0.0,0.0,0.0,0.0,0.0,0.0,0.0,0.0,0.42,0.0,0.42,4.2,0.0,0.0,0.0,0.42,0.0,0.0,0.0,0.0,0.0,0.0,0.0,0.0,0.0,0.0,0.0,0.0,0.0,0.0,0.0,0.0,0.0,0.0,0.0,0.0,0.0,0.42,0.0,0.0,0.0,0.08,0.644,0.161,0.0,2.522,14.0,111.0
2,0.5,0.46,0.34,0.0,0.15,0.03,0.0,0.19,0.57,0.65,0.3,0.73,0.65,0.17,0.03,0.23,0.42,0.0,3.08,0.0,1.34,0.0,0.5,0.5,0.0,0.0,0.0,0.0,0.0,0.0,0.0,0.0,0.0,0.0,0.0,0.0,0.0,0.0,0.0,0.0,0.0,0.0,0.0,0.0,0.03,0.0,0.0,0.011,0.077,0.335,0.38239999999999963,0.125,7.202,156.39999999999964,1179.3999999999996
1,0.0,0.0,0.0,0.0,0.0,0.0,0.0,0.0,0.0,0.0,0.0,0.0,0.0,0.0,0.0,0.0,0.0,0.0,0.0,0.0,0.0,0.0,0.0,0.0,0.0,0.0,0.0,0.0,0.0,0.0,0.0,0.0,0.4669999999999982,0.0,0.0,0.0,0.0,0.0,0.0,0.0,0.0,0.0,0.0,0.0,0.0,0.0,0.0,0.0,0.0,0.0,0.0,0.0,1.666,5.0,20.0
2,0.6569999999999983,0.17,0.52,0.0,0.0,0.32,0.0,0.04,0.29,0.42,0.38,1.37,0.65,0.17,0.0,0.32,0.54,0.22,3.47,0.29,1.32,0.0,0.34,0.5769999999999982,0.0,0.0,0.0,0.0,0.0,0.0,0.0,0.0,0.0,0.0,0.0,0.0,0.0,0.0,0.0,0.0,0.0,0.0,0.0,0.02,0.07,0.0,0.0,0.016,0.058,0.64,0.166,0.14209999999999945,3.697,117.0,1179.3999999999996
1,0.6569999999999983,0.0,0.0,0.0,0.0,0.0,0.0,0.0,0.0,0.0,0.0,0.0,0.0,0.0,0.0,0.0,0.0,0.0,0.0,0.0,0.0,0.0,0.0,0.0,0.0,0.0,0.0,0.0,0.0,0.0,0.0,0.0,0.0,0.0,0.0,0.0,0.0,0.0,0.0,0.0,0.0,0.0,0.0,0.0,1.38,0.0,0.0,0.0,0.0,0.213,0.0,0.0,1.75,6.0,49.0
1,0.0,0.0,0.0,0.0,0.0,0.0,0.0,0.0,0.0,0.0,0.0,0.45,0.0,0.0,0.0,0.0,0.0,0.0,0.0,0.0,0.0,0.0,0.0,0.0,1.81,0.45,0.0,0.0,0.0,0.7139999999999963,0.0,0.0,0.0,0.0,0.0,0.45,0.0,0.0,0.0,0.0,0.0,0.0,0.0,0.0,0.45,0.0,0.0,0.0,0.0,0.0,0.0,0.0,1.444,5.0,104.0
1,0.0,0.0,0.0,0.0,0.0,0.0,0.0,0.0,0.0,0.0,0.0,1.48,0.0,0.0,0.0,0.0,0.0,0.0,0.0,0.0,0.0,0.0,0.0,0.0,2.22,0.74,0.0,0.0,0.0,0.7139999999999963,0.0,0.0,0.0,0.0,0.0,0.0,0.95,0.0,0.53,0.0,0.0,0.0,0.0,0.0,0.0,0.0,0.0,0.0,0.0,0.0,0.0,0.0,4.228,53.0,148.0
1,0.0,0.0,1.29,0.0,0.0,0.0,0.0,0.0,0.0,0.0,0.0,2.22,0.0,0.0,0.0,0.0,0.0,0.0,0.0,0.0,1.47,0.0,0.0,0.0,0.0,1.47,0.0,0.0,0.0,0.0,0.0,0.0,0.0,0.0,0.0,0.0,0.0,0.0,0.53,0.0,0.0,0.0,0.0,0.0,0.0,0.0,0.0,0.0,0.0,0.0,0.0,0.0,2.928,16.0,41.0
2,0.0,0.56,0.56,0.0,1.51,0.0,0.56,0.0,0.0,0.0,0.0,0.56,0.56,0.0,0.0,0.56,0.91,0.0,3.97,0.0,1.7,0.0,0.0,0.0,0.0,0.0,0.0,0.0,0.0,0.0,0.0,0.0,0.0,0.0,0.0,0.0,0.0,0.0,0.0,0.0,0.0,0.0,0.0,0.0,0.0,0.0,0.0,0.0,0.262,1.135,0.349,0.0,5.105,140.0,194.0
1,0.0,0.0,0.0,0.0,0.0,0.64,0.0,0.0,0.0,0.0,0.0,0.76,0.0,0.17,0.0,0.0,0.0,0.0,1.53,0.0,0.76,0.0,0.0,0.0,0.0,0.0,0.76,0.0,0.0,0.0,0.0,0.0,0.4669999999999982,0.0,0.0,0.0,0.0,0.0,0.0,0.0,0.0,0.61,0.0,0.0,0.0,0.0,0.0,0.133,0.133,0.0,0.0,0.0,1.269,4.0,33.0
1,0.0,0.0,0.0,0.0,0.0,0.0,0.0,0.0,0.0,0.0,0.0,1.92,0.0,0.0,0.0,0.0,0.0,0.0,1.92,0.0,1.92,0.0,0.0,0.0,0.0,0.0,0.0,0.0,0.0,0.0,0.0,0.0,0.0,0.0,0.0,0.0,0.0,0.0,0.0,0.0,0.0,0.0,0.0,0.0,0.0,0.0,0.0,0.0,0.0,0.0,0.0,0.0,3.5,21.0,42.0
2,0.0,0.0,0.94,0.0,0.31,0.0,0.0,0.0,0.31,0.0,0.0,0.62,0.0,0.0,0.0,1.25,0.62,0.0,3.14,0.0,1.25,0.0,0.73,0.0,0.0,0.0,0.0,0.0,0.0,0.0,0.0,0.0,0.0,0.0,0.0,0.0,0.0,0.0,0.0,0.0,0.0,0.0,0.0,0.0,0.31,0.0,0.0,0.0,0.145,0.485,0.38239999999999963,0.097,3.322,61.0,319.0
1,0.34,0.6169999999999982,0.0,0.0,0.0,0.0,0.0,0.0,0.34,1.32,0.0,0.0,0.0,0.0,0.0,0.0,0.0,0.0,1.7,0.0,0.34,0.0,0.0,0.0,1.36,0.68,1.02,0.34,0.34,0.34,0.32,0.0,0.0,0.07,0.34,0.34,0.34,0.0,0.34,0.34,0.0,0.0,0.31,0.0,0.34,0.0,0.0,0.0,0.244,0.0,0.0,0.0,1.696,13.0,112.0
1,0.0,0.0,0.52,0.0,0.0,0.0,0.0,0.0,0.0,0.0,0.0,1.56,0.0,0.0,0.0,0.52,0.0,0.0,0.52,0.0,0.0,0.0,0.0,0.0,0.0,0.0,0.0,0.0,0.0,0.0,0.0,0.0,0.4669999999999982,0.0,0.0,0.0,0.95,0.0,0.0,0.0,0.0,0.61,0.0,0.0,0.0,0.52,0.0,0.0,0.075,0.0,0.0,0.0,2.416,18.0,116.0
1,0.09,0.0,0.57,0.0,0.0,0.09,0.0,0.0,0.0,0.0,0.09,1.33,0.19,0.0,0.0,0.09,0.38,0.28,0.38,0.0,0.19,0.0,0.0,0.0,3.183999999999996,0.57,0.19,0.28,0.19,0.09,0.09,0.0,0.0,0.07,0.28,0.09,0.19,0.0,0.0,0.19,0.0,0.28,0.09,0.0,0.28,0.0,0.0,0.17069999999999982,0.052,0.0,0.0,0.0,2.731,34.0,885.0
1,0.0,0.0,0.0,0.0,0.0,0.0,0.0,0.0,0.0,0.0,0.0,0.0,0.0,0.0,0.0,0.0,0.0,0.0,4.76,0.0,2.12,0.0,0.0,0.0,0.0,0.0,0.0,0.0,0.0,0.0,0.0,0.0,0.0,0.0,0.0,0.0,0.0,0.0,0.0,0.0,0.0,0.0,0.0,0.0,1.44,1.166999999999998,0.0,0.17069999999999982,0.0,0.0,0.0,0.0,1.0,1.0,9.0
1,0.0,0.0,0.0,0.0,0.0,0.0,0.0,0.0,0.0,0.0,0.0,0.0,0.0,0.0,0.0,0.0,0.0,0.0,0.0,0.0,0.0,0.0,0.0,0.0,3.183999999999996,1.7939999999999965,0.0,0.0,0.0,0.7139999999999963,0.0,0.0,0.0,0.0,0.0,0.0,0.0,0.0,0.0,0.0,0.0,0.0,0.0,0.0,0.0,0.0,0.0,0.0,0.0,1.1457999999999993,0.0,0.0,2.615,13.0,34.0
2,0.0,0.0,0.0,0.0,1.51,0.0,0.7839999999999964,0.0,0.0,0.0,0.0,2.22,0.0,0.17,0.0,1.36,0.0,0.0,4.76,0.0,0.0,0.0,0.0,0.0,0.0,0.0,0.0,0.0,0.0,0.0,0.0,0.0,0.0,0.0,0.0,0.0,0.0,0.0,0.0,0.0,0.0,0.0,0.0,0.0,0.0,0.0,0.0,0.0,0.0,0.0,0.0,0.0,9.018899999999988,60.0,66.0
1,0.0,0.0,0.0,0.0,0.0,0.0,0.0,0.0,0.0,0.0,0.0,0.0,0.0,0.0,0.0,0.0,0.0,0.0,3.92,0.0,0.0,0.0,0.0,0.0,0.0,0.0,1.916999999999998,0.0,0.0,0.0,0.0,0.0,0.0,0.0,0.0,0.0,0.95,0.0,0.53,0.0,0.0,0.0,0.0,0.0,1.44,0.0,0.0,0.0,0.0,0.0,0.0,0.0,1.785,6.0,25.0
1,0.0,0.0,0.0,0.0,0.0,0.0,0.0,0.0,0.0,0.0,0.0,0.0,0.0,0.0,0.0,0.0,0.0,0.0,4.76,0.0,3.14,0.0,0.0,0.5769999999999982,0.0,0.0,0.0,0.0,0.0,0.0,0.0,0.0,0.0,0.0,0.0,0.0,0.0,0.0,0.0,0.0,0.0,0.0,0.0,0.0,0.0,0.0,0.0,0.0,0.0,0.0,0.0,0.0,1.0,1.0,9.0
1,0.0,0.0,0.0,0.0,0.0,0.0,0.0,0.0,0.0,0.0,0.0,0.61,0.61,0.0,0.0,0.61,0.0,0.3,3.09,0.0,0.61,0.0,0.0,0.0,0.0,0.0,0.0,0.0,0.0,0.0,0.0,0.0,0.0,0.0,0.0,0.0,0.0,0.0,0.0,0.0,0.0,0.0,0.0,0.0,0.61,0.0,0.0,0.0,0.179,0.448,0.0,0.0,5.277,70.0,285.0
2,0.0,0.6169999999999982,0.0,0.0,0.65,0.0,0.7839999999999964,0.0,0.0,0.0,0.0,0.65,0.0,0.0,0.16,0.0,0.0,0.0,3.28,0.0,0.65,0.0,0.0,0.5769999999999982,0.0,0.0,0.0,0.0,0.0,0.0,0.0,0.0,0.0,0.0,0.0,0.0,0.0,0.0,0.0,0.0,0.0,0.0,0.0,0.0,0.0,0.0,0.0,0.0,0.0,0.522,0.0,0.0,1.69,11.0,71.0
1,0.0,0.0,0.0,0.0,0.0,0.0,0.0,0.0,0.0,0.0,0.0,0.71,0.65,0.0,0.0,0.0,0.0,0.0,0.71,0.0,0.0,0.0,0.0,0.0,0.0,0.0,0.0,0.0,0.0,0.0,0.0,0.0,0.0,0.0,0.0,0.0,0.0,0.0,0.0,0.0,0.0,0.0,0.0,0.0,0.0,0.71,0.0,0.0,0.125,0.0,0.125,0.0,1.272,4.0,28.0
1,0.0,0.0,0.0,0.0,0.0,0.0,0.0,0.0,0.0,0.0,0.0,0.0,0.0,0.0,0.0,0.0,0.0,0.0,0.0,0.0,0.0,0.0,0.0,0.0,0.0,0.0,0.0,0.0,0.0,0.0,0.0,0.0,0.0,0.0,0.0,0.0,0.0,0.0,0.0,0.0,0.0,0.0,0.0,0.0,0.9,1.166999999999998,0.0,0.145,0.0,0.0,0.0,0.0,2.638,20.0,124.0
1,0.0,0.0,0.2,0.0,0.6,0.2,0.0,0.0,0.1,0.0,0.0,0.5,0.0,0.0,0.0,0.0,0.1,0.0,0.2,0.0,0.0,0.0,0.0,0.0,0.0,0.0,0.0,0.0,0.0,0.0,0.0,0.0,0.0,0.0,0.0,0.0,0.1,0.0,0.0,0.0,0.0,0.0,0.0,0.0,0.0,0.0,0.0,0.0,0.049,0.0,0.0,0.0,1.133,10.0,263.0
1,0.0,0.0,1.29,0.0,0.0,0.0,0.0,0.0,0.0,1.32,0.0,1.85,0.65,0.0,0.0,0.0,0.0,0.0,4.76,0.0,0.0,0.0,0.0,0.0,0.0,0.0,0.0,0.0,0.0,0.0,0.0,0.0,0.0,0.0,0.0,0.0,0.0,0.0,0.0,0.0,0.0,0.0,0.0,0.0,0.0,0.0,0.0,0.0,0.0,0.692,0.0,0.0,1.727,5.0,19.0
1,0.0,0.6169999999999982,0.0,0.0,0.45,0.0,0.0,0.0,0.0,0.0,0.0,0.0,0.0,0.0,0.0,0.0,0.0,0.0,1.36,0.0,0.0,0.0,0.0,0.0,3.183999999999996,0.0,0.0,0.0,0.0,0.0,0.0,0.0,0.0,0.0,0.45,0.0,0.9,0.0,0.45,0.0,0.0,0.61,0.31,0.0,0.0,1.166999999999998,0.0,0.069,0.069,0.0,0.0,0.0,2.186,15.0,164.0
1,0.0,0.0,0.0,0.0,0.88,0.0,0.0,0.0,0.0,1.32,0.38,0.0,0.0,0.0,0.0,0.0,0.0,0.0,1.76,0.0,0.0,0.0,0.0,0.0,1.76,0.88,1.76,0.85,0.51,0.7139999999999963,0.32,0.0,0.0,0.07,0.66,0.63,0.88,0.0,0.53,0.39,0.0,0.0,0.31,0.0,1.44,0.0,0.0,0.142,0.537,0.285,0.0,0.0,1.777,12.0,80.0
2,0.0,0.55,0.55,0.0,1.51,0.55,0.0,0.55,0.0,0.0,0.38,0.0,0.0,0.0,0.0,0.0,0.0,1.11,1.67,0.0,2.23,0.0,0.0,0.55,0.0,0.0,0.0,0.0,0.0,0.0,0.32,0.0,0.0,0.0,0.0,0.0,0.55,0.0,0.0,0.0,0.0,0.0,0.0,0.0,0.0,0.0,0.0,0.0,0.265,0.088,0.353,0.0,2.571,11.0,108.0
1,0.0,0.0,1.29,0.0,0.22,0.22,0.0,0.0,0.0,0.0,0.0,0.0,0.22,0.0,0.0,0.0,0.0,0.0,2.02,0.0,0.22,0.0,0.0,0.0,0.0,0.0,0.0,0.0,0.0,0.0,0.0,0.0,0.0,0.0,0.0,0.0,0.0,0.0,0.22,0.0,0.0,0.0,0.0,0.0,0.89,0.0,0.0,0.0,0.091,0.045,0.0,0.0,1.276,16.0,97.0
1,0.0,0.0,0.0,0.0,0.0,0.0,0.0,0.0,0.0,0.33,0.0,0.0,0.0,0.0,0.0,0.0,0.0,0.0,2.34,0.0,0.33,0.0,0.0,0.0,0.0,0.0,0.0,0.0,0.0,0.0,0.0,0.0,0.0,0.0,0.0,0.0,0.0,0.0,0.0,0.0,0.0,0.0,0.0,0.0,0.33,0.33,0.0,0.0,0.06,0.302,0.0,0.0,1.562,14.0,100.0
1,0.0,0.0,0.0,0.0,0.0,0.0,0.0,0.0,0.0,0.0,0.0,0.0,0.0,0.0,0.0,0.0,0.0,0.0,3.38,0.0,1.69,0.0,0.0,0.0,1.69,1.69,1.69,0.0,0.0,0.0,0.0,0.0,0.0,0.0,0.0,0.0,0.0,0.0,0.53,0.0,0.0,0.0,0.0,0.0,1.44,0.0,0.0,0.0,0.315,0.0,0.38239999999999963,0.0,3.083,12.0,37.0
1,0.0,0.0,0.0,0.0,0.0,0.0,0.0,0.0,0.0,1.32,0.0,0.0,0.0,0.0,0.0,0.0,0.0,1.19,1.96,0.0,0.0,0.0,0.0,0.0,0.0,0.0,0.0,0.85,0.0,0.0,0.0,0.0,0.0,0.0,0.0,0.0,0.0,0.0,0.0,0.0,0.0,0.0,0.0,0.0,0.0,0.0,0.0,0.0,0.373,0.0,0.0,0.0,1.857,11.0,26.0
2,0.6569999999999983,0.0,0.0,0.0,0.0,0.0,0.0,0.0,0.0,0.0,0.0,0.0,0.0,0.0,0.0,0.0,0.0,0.0,0.0,0.0,0.0,0.0,0.0,0.0,0.0,0.0,0.0,0.0,0.0,0.0,0.0,0.0,0.0,0.0,0.0,0.0,0.0,0.0,0.0,0.0,0.0,0.0,0.0,0.0,0.0,0.0,0.0,0.0,0.0,0.277,0.0,0.0,3.2,13.0,48.0
1,0.0,0.0,0.0,0.0,0.0,0.0,0.0,0.0,0.0,0.0,0.0,0.0,0.0,0.0,0.0,0.0,0.0,0.0,0.0,0.0,0.0,0.0,0.0,0.0,2.12,1.7939999999999965,0.0,0.0,0.0,0.0,0.0,0.0,0.0,0.0,0.0,0.0,0.95,0.0,0.0,0.0,0.0,0.0,0.0,0.0,0.0,0.0,0.0,0.0,0.0,0.0,0.0,0.0,1.722,7.0,31.0
2,0.0,0.0,0.0,0.0,1.28,0.0,0.28,0.0,0.0,0.0,0.0,0.28,0.0,0.0,0.0,0.14,0.0,0.0,1.7,0.0,0.85,0.0,0.0,0.42,0.0,0.0,0.0,0.0,0.0,0.0,0.0,0.0,0.0,0.0,0.14,0.0,0.0,0.0,0.0,0.0,0.0,0.0,0.0,0.0,0.0,0.0,0.0,0.026,0.078,0.13,0.0,0.0,7.0,137.0,826.0
2,0.6,0.0,0.0,0.0,1.21,0.0,0.6,0.0,0.0,0.0,0.0,0.6,0.0,0.0,0.0,0.0,0.0,0.6,3.65,0.0,1.21,0.0,0.0,0.5769999999999982,0.0,0.0,0.0,0.0,0.0,0.0,0.0,0.0,0.0,0.0,0.0,0.0,0.95,0.0,0.0,0.0,0.0,0.0,0.0,0.0,0.0,0.0,0.0,0.0,0.0,0.105,0.315,0.0,3.217,30.0,74.0
2,0.0,0.6169999999999982,0.0,0.0,1.17,0.0,0.0,0.0,0.0,1.32,0.0,1.17,0.0,0.0,0.0,1.17,0.0,0.0,2.35,0.0,3.14,0.0,0.0,0.0,0.0,0.0,0.0,0.0,0.0,0.0,0.0,0.0,0.0,0.0,0.0,0.0,0.0,0.0,0.0,0.0,0.0,0.0,0.0,0.0,0.0,0.0,0.0,0.0,0.0,0.0,0.0,0.0,5.25,20.0,42.0
1,0.0,0.0,0.0,0.0,0.0,0.0,0.0,0.0,0.0,0.0,0.0,0.0,0.0,0.0,0.0,0.0,0.0,1.19,4.44,0.0,0.0,0.0,0.0,0.0,0.0,0.0,0.0,0.0,0.0,0.0,0.0,0.0,0.0,0.0,0.0,0.0,0.0,0.0,0.0,0.0,0.0,0.0,0.0,0.0,1.44,1.166999999999998,0.0,0.0,0.0,0.0,0.0,0.0,1.75,5.0,14.0
2,0.0,0.46,0.46,0.0,1.51,0.0,0.0,0.0,0.0,0.0,0.0,1.4,0.0,0.0,0.0,1.36,0.0,1.19,1.86,0.0,0.46,0.0,0.0,0.0,0.0,0.0,0.0,0.0,0.0,0.0,0.0,0.0,0.0,0.0,0.0,0.0,0.93,0.0,0.0,0.0,0.0,0.0,0.0,0.0,0.0,0.0,0.0,0.0,0.148,0.74,0.0,0.0,2.673,21.0,139.0
1,0.39,0.0,0.0,0.0,1.17,0.0,0.0,0.0,0.0,0.39,0.0,1.17,0.0,0.0,0.0,0.0,0.0,0.39,3.12,0.35,1.17,0.0,0.0,0.0,0.0,0.0,0.39,0.78,0.0,0.0,0.0,0.0,0.0,0.0,0.0,0.0,0.0,0.0,0.0,0.39,0.0,0.0,0.0,0.0,0.0,0.0,0.0,0.07,0.07,0.07,0.0,0.0,2.069,13.0,89.0
2,0.0,0.26,0.79,0.0,0.26,0.26,0.08,0.6,0.53,1.32,0.26,0.71,0.17,0.08,0.16,0.88,0.44,0.0,1.86,0.26,1.24,0.0,0.08,0.35,0.0,0.0,0.0,0.0,0.0,0.0,0.0,0.0,0.08,0.0,0.0,0.0,0.0,0.0,0.0,0.0,0.0,0.0,0.0,0.0,0.26,0.08,0.0,0.098,0.226,0.353,0.254,0.113,3.591,54.0,966.0
2,0.0,0.0,0.0,0.0,0.0,0.0,0.0,0.0,0.0,0.0,0.0,0.0,0.0,0.0,0.0,1.36,0.0,0.0,1.58,0.0,0.0,0.0,0.0,0.0,0.0,0.0,0.0,0.0,0.0,0.0,0.0,0.0,0.0,0.0,0.0,0.0,0.0,0.0,0.0,0.0,0.0,0.0,0.0,0.0,0.0,0.0,0.0,0.0,0.0,1.1457999999999993,0.0,0.14209999999999945,9.018899999999988,137.0,180.0
1,0.0,0.0,0.0,0.0,0.0,0.57,0.0,0.0,0.0,0.28,0.0,0.0,0.0,0.0,0.0,0.0,0.0,0.0,2.86,0.0,0.0,0.0,0.0,0.0,3.183999999999996,0.0,0.28,0.0,0.0,0.0,0.0,0.0,0.0,0.0,0.0,0.0,0.57,0.0,0.0,0.0,0.0,0.0,0.31,0.0,0.85,0.0,0.0,0.144,0.192,0.0,0.0,0.0,2.306,19.0,203.0
1,0.0,0.0,0.86,0.0,0.0,0.0,0.0,0.6,0.0,0.0,0.0,1.73,0.0,0.0,0.0,0.0,0.0,0.0,0.0,0.0,0.0,0.0,0.0,0.0,3.183999999999996,1.7939999999999965,0.0,0.0,0.0,0.0,0.0,0.0,0.0,0.0,0.0,0.0,0.0,0.0,0.0,0.0,0.0,0.0,0.0,0.0,0.0,0.0,0.0,0.0,0.125,0.0,0.0,0.0,1.8,9.0,72.0
1,0.0,0.0,0.0,0.0,0.0,0.0,0.0,0.0,0.0,0.0,0.0,0.0,0.0,0.0,0.0,0.0,0.0,0.0,2.08,0.0,3.14,0.0,0.0,0.0,0.0,0.0,1.916999999999998,0.0,0.51,0.0,0.0,0.0,0.0,0.0,0.0,0.0,0.0,0.0,0.0,0.0,0.0,0.0,0.0,0.0,0.0,1.166999999999998,0.0,0.0,0.0,0.0,0.0,0.0,1.181,3.0,13.0
1,0.0,0.0,1.29,0.0,0.75,0.0,0.0,0.0,0.0,0.0,0.0,0.75,0.65,0.0,0.0,0.75,0.0,0.0,1.5,0.0,0.75,0.0,0.0,0.0,0.0,0.0,0.0,0.0,0.0,0.0,0.0,0.0,0.0,0.0,0.0,0.0,0.0,0.0,0.0,0.0,0.0,0.0,0.0,0.0,0.75,0.0,0.0,0.0,0.147,0.441,0.0,0.0,2.0,6.0,54.0
1,0.0,0.0,0.0,0.0,0.0,0.0,0.0,0.0,0.0,0.0,0.0,1.33,0.0,0.0,0.0,0.0,0.0,0.0,0.44,0.0,0.0,0.0,0.0,0.0,0.0,0.44,0.0,0.0,0.0,0.0,0.0,0.0,0.4669999999999982,0.0,0.44,0.0,0.89,0.0,0.0,0.0,0.0,0.0,0.0,0.0,0.0,0.0,0.0,0.0,0.397,0.0,0.0,0.0,1.936,10.0,122.0
2,0.29,0.0,0.29,0.0,0.0,0.0,0.0,0.0,0.44,0.29,0.0,0.44,0.0,0.0,0.0,0.14,0.0,0.0,3.14,0.0,1.64,0.0,0.0,0.14,0.0,0.0,0.0,0.0,0.0,0.0,0.0,0.0,0.0,0.0,0.0,0.0,0.0,0.0,0.0,0.0,0.0,0.0,0.0,0.0,0.0,0.0,0.0,0.05,0.066,0.083,0.05,0.0,3.075,60.0,326.0
2,0.0,0.0,0.0,0.0,1.51,0.0,0.7839999999999964,0.0,0.0,0.0,0.0,2.22,0.0,0.0,0.0,0.0,0.0,0.0,4.76,0.0,0.0,0.0,0.0,0.0,0.0,0.0,0.0,0.0,0.0,0.0,0.0,0.0,0.0,0.0,0.0,0.0,0.0,0.0,0.0,0.0,0.0,0.0,0.0,0.0,0.0,0.0,0.0,0.0,0.0,0.0,0.0,0.0,9.018899999999988,60.0,66.0
1,0.0,0.0,0.0,0.0,0.0,0.0,0.0,0.0,0.0,0.0,0.0,0.0,0.0,0.0,0.0,0.0,0.0,0.0,0.0,0.0,0.0,0.0,0.0,0.0,0.0,0.0,0.0,0.0,0.0,0.0,0.0,0.0,0.0,0.0,0.0,0.0,0.0,0.0,0.0,0.0,0.0,0.0,0.0,0.0,1.44,0.0,0.0,0.0,0.0,0.0,0.0,0.0,1.0,1.0,9.0
2,0.0,0.0,1.29,0.0,1.51,0.0,0.7839999999999964,0.0,0.0,0.0,0.0,1.66,0.0,0.0,0.0,1.36,0.0,0.0,1.66,0.0,0.0,0.0,0.0,0.0,0.0,0.0,0.0,0.0,0.0,0.0,0.0,0.0,0.0,0.0,0.0,0.0,0.0,0.0,0.0,0.0,0.0,0.0,0.0,0.0,0.0,0.0,0.0,0.0,0.284,1.1457999999999993,0.0,0.0,9.018899999999988,59.0,146.0
1,0.0,0.0,0.0,0.0,0.0,0.0,0.0,0.0,0.0,0.0,0.0,1.92,0.0,0.0,0.0,1.36,0.0,0.0,3.84,0.0,1.92,0.0,0.0,0.0,0.0,0.0,0.0,0.0,0.0,0.0,0.0,0.0,0.0,0.0,0.0,0.0,0.0,0.0,0.0,0.0,0.0,0.0,0.0,0.0,1.44,1.166999999999998,0.0,0.0,0.0,0.0,0.0,0.0,1.611,5.0,29.0
1,0.0,0.0,0.93,0.0,0.93,0.0,0.0,0.0,0.0,0.0,0.0,0.0,0.0,0.0,0.0,0.93,0.0,0.0,2.8,0.0,0.0,0.0,0.0,0.0,0.0,0.93,0.0,0.0,0.51,0.0,0.0,0.0,0.0,0.0,0.0,0.0,0.0,0.0,0.0,0.0,0.0,0.0,0.0,0.0,0.0,0.0,0.0,0.0,0.0,0.0,0.0,0.0,1.771,5.0,62.0
2,0.6569999999999983,0.19,0.38,0.0,0.19,0.12,0.0,0.25,0.67,0.31,0.25,1.52,0.31,0.17,0.0,0.38,0.44,0.06,2.98,0.35,1.26,0.0,0.44,0.5769999999999982,0.0,0.0,0.0,0.0,0.0,0.0,0.0,0.0,0.0,0.0,0.0,0.0,0.0,0.0,0.0,0.12,0.0,0.0,0.06,0.0,0.0,0.0,0.0,0.0,0.085,0.428,0.235,0.064,3.702,45.0,1070.0
1,0.0,0.0,0.0,0.0,0.0,0.0,0.0,0.0,0.0,0.0,0.0,0.0,0.0,0.0,0.0,0.0,0.0,0.0,1.47,0.0,2.94,0.0,0.0,0.0,1.47,0.0,1.47,0.85,0.0,0.0,0.0,0.0,0.4669999999999982,0.0,0.66,0.0,0.0,0.0,0.0,0.0,0.0,0.0,0.0,0.0,0.0,0.0,0.0,0.0,0.484,0.484,0.0,0.0,2.5,15.0,65.0
1,0.0,0.0,0.0,0.0,0.0,0.0,0.0,0.0,0.0,0.0,0.0,0.0,0.0,0.0,0.0,0.0,0.0,0.0,0.0,0.0,0.0,0.0,0.0,0.0,0.0,0.0,0.0,0.85,0.51,0.0,0.0,0.0,0.0,0.0,0.0,0.0,0.0,0.0,0.0,0.0,0.0,0.61,0.0,0.0,0.0,0.0,0.0,0.0,0.0,0.0,0.0,0.14209999999999945,3.875,16.0,31.0
1,0.0,0.0,0.0,0.0,0.0,0.0,0.0,0.0,0.0,0.0,0.0,0.0,0.0,0.0,0.0,0.0,0.0,0.0,1.78,0.0,0.0,0.0,0.0,0.0,1.78,1.78,0.0,0.0,0.0,0.0,0.0,0.0,0.4669999999999982,0.0,0.0,0.0,0.0,0.0,0.0,0.0,0.0,0.0,0.0,0.0,0.0,0.0,0.0,0.0,0.0,0.0,0.0,0.0,1.5,9.0,30.0
1,0.0,0.0,0.0,0.0,0.0,0.0,0.0,0.0,0.0,0.84,0.0,0.84,0.0,0.0,0.0,0.0,0.0,0.0,4.2,0.0,0.0,0.0,0.0,0.0,1.68,0.0,0.0,0.0,0.0,0.0,0.0,0.0,0.0,0.0,0.0,0.0,0.0,0.0,0.0,0.0,0.0,0.0,0.0,0.0,0.0,0.0,0.0,0.0,0.0,0.0,0.0,0.0,1.454,9.0,32.0
2,0.0,0.0,1.06,0.0,0.0,0.64,0.7839999999999964,0.0,0.0,0.0,0.0,1.06,0.65,0.0,0.0,0.0,0.0,0.0,2.12,0.0,0.0,0.0,0.0,0.0,0.0,0.0,0.0,0.0,0.0,0.0,0.0,0.0,0.0,0.0,0.0,0.0,0.0,0.0,0.0,0.0,0.0,0.0,0.0,0.0,0.0,0.0,0.0,0.0,0.0,0.0,0.0,0.0,4.909,78.0,108.0
1,0.0,0.0,0.0,0.0,0.0,0.0,0.0,0.0,0.0,0.0,0.0,0.63,0.0,0.0,0.0,0.0,0.0,0.0,0.0,0.0,0.0,0.0,0.0,0.0,0.0,0.0,0.0,0.0,0.0,0.0,0.0,0.0,0.0,0.0,0.0,0.0,0.63,0.0,0.0,0.0,0.0,0.0,0.0,0.0,0.63,1.166999999999998,0.0,0.0,0.158,0.0,0.079,0.079,1.719,15.0,98.0
1,0.0,0.0,0.0,0.0,0.0,0.0,0.0,0.0,0.0,0.0,0.0,0.0,0.0,0.0,0.0,0.0,0.0,0.0,0.0,0.0,0.0,0.0,0.0,0.0,0.0,0.0,1.916999999999998,0.0,0.0,0.0,0.0,0.0,0.0,0.0,0.0,0.0,0.0,0.0,0.0,0.0,0.0,0.0,0.0,0.0,0.0,0.0,0.0,0.0,0.431,0.0,0.0,0.0,2.733,7.0,41.0
1,0.0,0.0,0.0,0.0,0.0,0.0,0.0,0.0,0.0,0.0,0.0,0.0,0.0,0.0,0.0,0.0,0.0,0.0,0.0,0.0,0.0,0.0,0.0,0.0,0.0,0.0,0.0,0.0,0.0,0.0,0.0,0.0,0.0,0.0,0.0,0.0,0.0,0.0,0.0,0.0,0.0,0.0,0.0,0.0,0.0,1.166999999999998,0.0,0.0,0.163,0.0,0.0,0.0,1.153,3.0,15.0
1,0.6569999999999983,0.0,0.0,0.0,0.0,0.0,0.0,0.0,0.0,0.0,0.0,1.16,0.0,0.0,0.0,0.0,0.0,0.0,0.0,0.0,0.0,0.0,0.0,0.0,1.16,1.16,0.0,0.0,0.0,0.0,0.32,0.0,0.0,0.0,0.0,0.0,0.0,0.0,0.0,0.0,0.0,0.0,0.0,0.0,0.0,0.0,0.0,0.17069999999999982,0.176,0.0,0.0,0.0,1.476,7.0,31.0
1,0.6569999999999983,0.0,0.22,0.0,0.45,0.0,0.0,0.0,0.0,0.22,0.38,1.12,0.22,0.17,0.0,0.0,0.0,0.0,1.12,0.0,1.35,0.0,0.0,0.0,2.03,0.0,0.0,0.45,0.0,0.0,0.22,0.0,0.0,0.0,0.45,0.0,0.22,0.0,0.0,0.0,0.0,0.0,0.0,0.0,0.0,0.0,0.0,0.0,0.072,0.072,0.072,0.036,3.242,38.0,347.0
1,0.0,0.0,0.11,0.0,0.11,0.0,0.0,0.11,0.0,0.0,0.0,0.0,0.11,0.17,0.0,0.0,0.11,0.0,0.0,0.0,0.0,0.0,0.11,0.0,3.183999999999996,0.0,0.0,0.0,0.0,0.0,0.0,0.0,0.0,0.0,0.0,0.0,0.11,0.0,0.0,0.0,0.0,0.0,0.0,0.0,0.0,0.0,0.0,0.047,0.157,0.0,0.078,0.0,2.351,28.0,508.0
2,0.47,0.0,1.19,0.0,0.23,0.23,0.0,0.0,0.0,0.47,0.0,1.43,0.0,0.0,0.0,0.71,0.91,0.0,4.76,0.0,2.63,0.0,0.71,0.23,0.0,0.0,0.0,0.0,0.0,0.0,0.0,0.0,0.0,0.0,0.0,0.0,0.0,0.0,0.23,0.0,0.0,0.0,0.0,0.0,0.0,0.0,0.0,0.0,0.178,0.402,0.38239999999999963,0.089,5.681,49.0,392.0
1,0.0,0.0,0.0,0.0,0.0,0.0,0.0,0.0,0.0,0.0,0.0,0.0,0.0,0.0,0.0,0.0,0.0,0.0,0.0,0.0,0.0,0.0,0.0,0.0,0.0,0.0,0.0,0.0,0.0,0.0,0.0,0.0,0.0,0.0,0.0,0.0,0.0,0.0,0.0,0.0,0.0,0.0,0.0,0.2869999999999982,0.0,0.0,0.0,0.0,0.0,0.0,0.0,0.0,1.5,3.0,9.0
1,0.0,0.0,1.29,0.0,0.0,0.0,0.0,0.0,0.0,0.0,0.0,0.0,0.0,0.0,0.0,0.0,0.0,0.0,2.27,0.0,0.0,0.0,0.0,0.0,0.0,0.0,0.0,0.0,0.0,0.0,0.0,0.0,0.0,0.0,0.0,0.0,0.0,0.0,0.0,0.0,0.0,0.0,0.0,0.0,1.44,0.0,0.0,0.0,0.404,0.404,0.0,0.0,2.076,15.0,27.0
2,0.35,0.46,0.31,0.0,0.15,0.03,0.0,0.35,0.58,0.66,0.31,0.7,0.62,0.17,0.03,0.23,0.42,0.0,3.12,0.0,1.36,0.0,0.46,0.46,0.0,0.0,0.0,0.0,0.0,0.0,0.0,0.0,0.0,0.0,0.0,0.0,0.0,0.0,0.0,0.0,0.0,0.0,0.0,0.0,0.03,0.0,0.0,0.006,0.09,0.324,0.38239999999999963,0.126,6.11,116.0,1179.3999999999996
2,0.0,0.0,0.96,0.0,0.0,0.0,0.0,0.0,0.0,0.0,0.0,0.48,0.0,0.0,0.0,0.96,0.0,0.48,4.76,0.0,1.93,0.0,0.0,0.0,0.0,0.0,0.0,0.0,0.0,0.0,0.0,0.0,0.0,0.0,0.0,0.0,0.0,0.0,0.0,0.0,0.0,0.0,0.0,0.0,0.48,0.0,0.0,0.0,0.086,0.26,0.086,0.0,1.117,4.0,38.0
1,0.0,0.0,0.0,0.0,0.0,0.0,0.0,0.0,0.0,0.0,0.0,0.0,0.0,0.0,0.0,0.0,0.0,0.0,0.0,0.0,0.0,0.0,0.0,0.0,3.183999999999996,1.7939999999999965,1.916999999999998,0.85,0.51,0.7139999999999963,0.32,0.0,0.0,0.07,0.66,0.63,0.0,0.0,0.0,0.39,0.0,0.0,0.31,0.0,0.99,0.99,0.0,0.0,0.479,0.239,0.0,0.0,2.688,13.0,121.0
2,0.0,0.0,0.0,0.0,0.0,0.0,0.0,0.0,0.0,0.0,0.0,0.0,0.0,0.0,0.0,0.0,0.0,0.0,4.44,0.0,0.0,0.0,0.0,0.0,0.0,0.0,0.0,0.0,0.0,0.0,0.0,0.0,0.0,0.0,0.0,0.0,0.0,0.0,0.0,0.0,0.0,0.0,0.0,0.0,0.0,0.0,0.0,0.0,0.0,0.833,0.0,0.0,1.375,3.0,11.0
2,0.0,0.0,0.32,0.0,0.65,0.64,0.32,0.32,0.0,0.0,0.0,0.32,0.32,0.0,0.0,0.32,0.32,0.0,2.28,0.0,3.14,0.0,0.0,0.32,0.0,0.0,0.0,0.0,0.0,0.0,0.0,0.0,0.0,0.0,0.0,0.0,0.0,0.0,0.0,0.0,0.0,0.0,0.0,0.0,0.32,0.0,0.0,0.0,0.105,0.0,0.158,0.0,1.494,10.0,139.0
1,0.0,0.6169999999999982,0.0,0.0,0.0,0.0,0.0,0.0,0.0,0.0,0.0,2.22,0.0,0.0,0.0,0.0,0.0,0.0,0.0,0.0,0.0,0.0,0.0,0.0,0.0,0.0,0.0,0.0,0.0,0.0,0.0,0.0,0.0,0.0,0.0,0.0,0.0,0.0,0.0,0.0,0.0,0.0,0.0,0.0,1.44,0.0,0.0,0.0,0.0,0.709,0.0,0.0,2.09,6.0,23.0
1,0.0,0.0,0.0,0.0,0.0,0.0,0.0,0.0,0.0,1.32,0.0,0.0,0.0,0.0,0.0,0.0,0.0,0.0,4.34,0.0,0.0,0.0,0.0,0.0,0.0,0.0,0.0,0.0,0.0,0.0,0.0,0.0,0.0,0.0,0.0,0.0,0.0,0.0,0.0,0.0,0.0,0.0,0.0,0.0,0.0,1.166999999999998,0.0,0.0,0.0,0.954,0.0,0.0,9.018899999999988,63.0,73.0
2,0.0,0.6169999999999982,0.56,0.0,0.0,0.64,0.0,0.18,0.37,0.75,0.0,2.07,0.0,0.0,0.0,0.0,0.37,0.0,2.45,0.0,0.94,0.0,0.0,0.18,0.0,0.0,0.18,0.0,0.0,0.0,0.0,0.0,0.0,0.0,0.0,0.0,0.0,0.0,0.0,0.0,0.0,0.0,0.0,0.0,0.0,0.0,0.0,0.0,0.08,0.241,0.107,0.0,2.623,35.0,244.0
1,0.0,0.0,0.0,0.0,0.0,0.0,0.0,0.0,0.0,0.51,0.0,0.0,0.0,0.0,0.0,0.0,0.0,0.0,0.51,0.0,0.51,0.0,0.0,0.0,3.06,1.7939999999999965,0.51,0.85,0.51,0.7139999999999963,0.32,0.0,0.0,0.07,0.66,0.51,0.0,0.0,0.51,0.39,0.0,0.61,0.0,0.0,0.51,0.0,0.0,0.158,0.537,0.0,0.0,0.0,4.0,37.0,216.0
1,0.0,0.0,0.0,0.0,0.0,0.0,0.0,0.0,0.0,0.0,0.0,0.65,0.0,0.0,0.0,0.0,0.0,0.0,0.0,0.0,1.31,0.0,0.0,0.0,2.63,1.7939999999999965,1.31,0.65,0.51,0.65,0.32,0.0,0.0,0.07,0.65,0.63,0.0,0.0,0.0,0.39,0.0,0.0,0.0,0.2869999999999982,0.65,0.0,0.0,0.0,0.507,0.0,0.0,0.0,3.041,34.0,146.0
2,0.0,0.0,0.0,0.0,0.0,0.0,0.7839999999999964,0.0,0.0,0.0,0.0,0.0,0.0,0.0,0.0,0.0,0.0,0.0,3.33,0.0,0.0,0.0,0.0,0.5769999999999982,0.0,0.0,0.0,0.0,0.0,0.0,0.0,0.0,0.0,0.0,0.0,0.0,0.0,0.0,0.0,0.0,0.0,0.0,0.0,0.0,0.0,0.0,0.0,0.0,0.0,0.368,0.0,0.0,2.611,12.0,47.0
2,0.0,0.0,0.0,0.0,0.0,0.0,0.0,0.0,0.0,0.0,0.0,0.0,0.0,0.0,0.0,1.36,0.0,0.0,0.0,0.0,0.0,0.0,0.0,0.0,0.0,0.0,0.0,0.0,0.0,0.0,0.0,0.0,0.0,0.0,0.0,0.0,0.0,0.0,0.0,0.0,0.0,0.0,0.0,0.0,0.0,0.0,0.0,0.0,0.0,1.1457999999999993,0.0,0.0,4.153,26.0,54.0
2,0.28,0.0,0.28,0.0,0.0,0.28,0.28,0.28,0.28,1.15,0.0,0.86,0.65,0.0,0.0,0.0,0.0,0.0,2.89,0.0,1.44,0.0,0.0,0.28,0.0,0.0,0.0,0.0,0.0,0.0,0.0,0.0,0.0,0.0,0.0,0.0,0.0,0.0,0.0,0.0,0.0,0.0,0.0,0.28,0.0,0.0,0.0,0.0,0.0,0.554,0.221,0.14209999999999945,5.328,140.0,341.0
1,0.0,0.0,0.0,0.0,0.44,0.0,0.0,0.0,0.0,0.0,0.38,0.89,0.0,0.0,0.0,0.0,0.0,0.0,1.78,0.0,0.0,0.0,0.0,0.0,0.0,0.0,0.0,0.0,0.0,0.0,0.0,0.0,0.0,0.0,0.0,0.0,0.89,0.0,0.0,0.0,0.0,0.0,0.0,0.0,0.0,1.166999999999998,0.0,0.0,0.139,0.0,0.0,0.0,1.731,16.0,116.0
2,0.6569999999999983,0.0,0.78,0.0,1.51,0.0,0.0,0.0,0.0,0.0,0.0,0.0,0.0,0.0,0.0,0.78,0.78,0.0,1.56,0.0,2.34,0.0,0.73,0.0,0.0,0.0,0.0,0.0,0.0,0.0,0.0,0.0,0.0,0.0,0.0,0.0,0.0,0.0,0.0,0.0,0.0,0.0,0.0,0.0,0.0,0.0,0.0,0.0,0.0,0.792,0.339,0.0,2.627,22.0,113.0
1,0.0,0.0,0.0,0.0,0.0,0.0,0.0,0.0,0.0,0.0,0.0,0.0,0.65,0.0,0.0,0.0,0.0,0.0,4.76,0.0,0.8,0.0,0.0,0.0,0.0,0.0,0.0,0.0,0.0,0.0,0.0,0.0,0.0,0.0,0.0,0.0,0.0,0.0,0.0,0.0,0.0,0.0,0.0,0.0,0.8,0.8,0.0,0.0,0.0,0.0,0.0,0.0,1.0,1.0,18.0
1,0.62,0.0,0.0,0.0,0.0,0.0,0.0,0.0,0.0,0.0,0.0,0.0,0.0,0.0,0.0,0.0,0.0,0.0,0.0,0.0,0.0,0.0,0.0,0.0,0.0,0.0,0.0,0.0,0.0,0.0,0.0,0.0,0.0,0.0,0.0,0.62,0.0,0.0,0.0,0.0,0.0,0.0,0.0,0.0,0.0,0.0,0.0,0.0,0.286,0.0,0.0,0.0,1.461,4.0,38.0
2,0.0,0.55,0.55,0.0,1.51,0.0,0.55,0.0,0.0,0.0,0.0,0.55,0.55,0.0,0.0,0.55,0.91,0.0,3.91,0.0,1.67,0.0,0.0,0.0,0.0,0.0,0.0,0.0,0.0,0.0,0.0,0.0,0.0,0.0,0.0,0.0,0.0,0.0,0.0,0.0,0.0,0.0,0.0,0.0,0.0,0.0,0.0,0.0,0.258,1.1457999999999993,0.345,0.0,4.761,140.0,200.0
2,0.13,0.13,0.26,0.0,0.26,0.26,0.0,0.13,0.39,0.13,0.13,0.39,0.0,0.0,0.0,0.13,0.0,0.0,2.35,0.0,0.13,0.0,0.0,0.26,0.0,0.0,0.0,0.0,0.0,0.0,0.0,0.0,0.0,0.0,0.0,0.0,0.0,0.0,0.0,0.0,0.0,0.0,0.0,0.0,0.0,0.0,0.0,0.0,0.137,0.0,0.068,0.0,2.736,30.0,468.0
2,0.0,0.0,0.0,0.0,1.35,0.45,0.0,0.0,0.0,0.0,0.0,0.0,0.45,0.0,0.0,0.45,0.45,0.45,1.8,0.0,1.35,0.0,0.0,0.0,0.0,0.0,0.0,0.0,0.0,0.0,0.0,0.0,0.0,0.0,0.0,0.0,0.0,0.0,0.0,0.0,0.0,0.0,0.0,0.0,0.0,0.0,0.0,0.0,0.138,0.138,0.0,0.0,5.809,46.0,122.0
1,0.0,0.0,0.0,0.0,0.0,0.0,0.0,0.0,0.0,0.0,0.0,1.07,0.0,0.0,0.0,0.0,0.0,1.07,2.15,0.0,0.0,0.0,0.0,0.0,2.15,1.7939999999999965,0.0,0.85,0.0,0.0,0.0,0.0,0.0,0.0,0.66,0.0,0.0,0.0,0.0,0.0,0.0,0.61,0.0,0.0,0.0,0.0,0.0,0.0,0.0,0.0,0.0,0.0,1.718,11.0,55.0
2,0.0,0.0,0.0,0.0,0.0,0.0,0.0,0.0,0.0,0.81,0.0,0.81,0.0,0.0,0.0,0.0,0.0,0.0,1.63,0.0,0.81,0.0,0.0,0.0,0.0,0.0,0.0,0.0,0.0,0.0,0.0,0.0,0.0,0.0,0.0,0.0,0.0,0.0,0.0,0.0,0.0,0.0,0.0,0.0,0.0,0.0,0.0,0.147,0.0,0.294,0.147,0.0,2.333,11.0,63.0
1,0.56,0.0,1.29,0.0,0.0,0.56,0.0,0.0,0.0,0.0,0.0,1.12,0.0,0.0,0.0,0.0,0.0,1.12,4.49,0.0,0.0,0.0,0.0,0.0,1.12,0.0,0.0,0.0,0.51,0.0,0.0,0.0,0.0,0.0,0.0,0.0,0.0,0.0,0.0,0.0,0.0,0.0,0.0,0.0,0.56,0.0,0.0,0.111,0.111,0.111,0.0,0.0,1.23,4.0,32.0
